case_id,step,joint,pytorch_reference,rust_actual,signed_error,abs_error,tolerance,pass
000,0,0,2.034014702,2.034031868,0.000017166,0.000017166,0.000020350,true
000,0,1,-69.784507751,-69.784530640,-0.000022888,0.000022888,0.000697855,true
000,0,2,68.138076782,68.138114929,0.000038147,0.000038147,0.000681391,true
000,0,3,11.644514084,11.644502640,-0.000011444,0.000011444,0.000116455,true
000,0,4,-2.798796654,-2.798797131,-0.000000477,0.000000477,0.000027998,true
000,0,5,61.285499573,61.285491943,-0.000007629,0.000007629,0.000612865,true
000,1,0,1.585897446,1.585906506,0.000009060,0.000009060,0.000015869,true
000,1,1,-69.293457031,-69.293495178,-0.000038147,0.000038147,0.000692945,true
000,1,2,68.506553650,68.506607056,0.000053406,0.000053406,0.000685076,true
000,1,3,10.911277771,10.911251068,-0.000026703,0.000026703,0.000109123,true
000,1,4,-2.881075382,-2.881076097,-0.000000715,0.000000715,0.000028821,true
000,1,5,61.381839752,61.381843567,0.000003815,0.000003815,0.000613828,true
000,2,0,1.377352238,1.377366066,0.000013828,0.000013828,0.000013784,false
000,2,1,-68.953720093,-68.953742981,-0.000022888,0.000022888,0.000689547,true
000,2,2,69.088363647,69.088386536,0.000022888,0.000022888,0.000690894,true
000,2,3,10.399467468,10.399456024,-0.000011444,0.000011444,0.000104005,true
000,2,4,-2.906660557,-2.906661510,-0.000000954,0.000000954,0.000029077,true
000,2,5,61.263694763,61.263690948,-0.000003815,0.000003815,0.000612647,true
000,3,0,1.046422005,1.046441078,0.000019073,0.000019073,0.000010474,false
000,3,1,-68.469856262,-68.469863892,-0.000007629,0.000007629,0.000684709,true
000,3,2,69.156730652,69.156761169,0.000030518,0.000030518,0.000691577,true
000,3,3,10.363767624,10.363759995,-0.000007629,0.000007629,0.000103648,true
000,3,4,-3.032862663,-3.032864332,-0.000001669,0.000001669,0.000030339,true
000,3,5,61.190536499,61.190532684,-0.000003815,0.000003815,0.000611915,true
000,4,0,1.004180908,1.004190922,0.000010014,0.000010014,0.000010052,true
000,4,1,-67.500762939,-67.500793457,-0.000030518,0.000030518,0.000675018,true
000,4,2,68.419082642,68.419105530,0.000022888,0.000022888,0.000684201,true
000,4,3,9.920080185,9.920068741,-0.000011444,0.000011444,0.000099211,true
000,4,4,-3.175792217,-3.175790787,0.000001431,0.000001431,0.000031768,true
000,4,5,61.517627716,61.517620087,-0.000007629,0.000007629,0.000615186,true
000,5,0,0.854773998,0.854790688,0.000016689,0.000016689,0.000008558,false
000,5,1,-67.014732361,-67.014739990,-0.000007629,0.000007629,0.000670157,true
000,5,2,68.355102539,68.355087280,-0.000015259,0.000015259,0.000683561,true
000,5,3,9.916070938,9.916088104,0.000017166,0.000017166,0.000099171,true
000,5,4,-3.279232264,-3.279233456,-0.000001192,0.000001192,0.000032802,true
000,5,5,61.358116150,61.358108521,-0.000007629,0.000007629,0.000613591,true
000,6,0,0.927450180,0.927463055,0.000012875,0.000012875,0.000009285,false
000,6,1,-65.691192627,-65.691200256,-0.000007629,0.000007629,0.000656922,true
000,6,2,67.523521423,67.523536682,0.000015259,0.000015259,0.000675245,true
000,6,3,9.613624573,9.613609314,-0.000015259,0.000015259,0.000096146,true
000,6,4,-3.481109142,-3.481110334,-0.000001192,0.000001192,0.000034821,true
000,6,5,61.517982483,61.517974854,-0.000007629,0.000007629,0.000615190,true
000,7,0,1.085516930,1.085526943,0.000010014,0.000010014,0.000010865,true
000,7,1,-64.550300598,-64.550308228,-0.000007629,0.000007629,0.000645513,true
000,7,2,66.632431030,66.632446289,0.000015259,0.000015259,0.000666334,true
000,7,3,9.672815323,9.672798157,-0.000017166,0.000017166,0.000096738,true
000,7,4,-3.526479721,-3.526479959,-0.000000238,0.000000238,0.000035275,true
000,7,5,61.379905701,61.379901886,-0.000003815,0.000003815,0.000613809,true
000,8,0,0.910369873,0.910377979,0.000008106,0.000008106,0.000009114,true
000,8,1,-61.340461731,-61.340461731,0.000000000,0.000000000,0.000613415,true
000,8,2,64.332786560,64.332786560,0.000000000,0.000000000,0.000643338,true
000,8,3,9.313503265,9.313495636,-0.000007629,0.000007629,0.000093145,true
000,8,4,-3.810076475,-3.810075283,0.000001192,0.000001192,0.000038111,true
000,8,5,61.779979706,61.779975891,-0.000003815,0.000003815,0.000617810,true
000,9,0,0.940467834,0.940481663,0.000013828,0.000013828,0.000009415,false
000,9,1,-60.909164429,-60.909152985,0.000011444,0.000011444,0.000609102,true
000,9,2,63.932731628,63.932716370,-0.000015259,0.000015259,0.000639337,true
000,9,3,9.543161392,9.543169022,0.000007629,0.000007629,0.000095442,true
000,9,4,-3.830963135,-3.830967188,-0.000004053,0.000004053,0.000038320,true
000,9,5,61.714874268,61.714874268,0.000000000,0.000000000,0.000617159,true
000,10,0,1.076568127,1.076570988,0.000002861,0.000002861,0.000010776,true
000,10,1,-56.771911621,-56.771953583,-0.000041962,0.000041962,0.000567729,true
000,10,2,60.854972839,60.855010986,0.000038147,0.000038147,0.000608560,true
000,10,3,9.378271103,9.378263474,-0.000007629,0.000007629,0.000093793,true
000,10,4,-4.042680264,-4.042680264,0.000000000,0.000000000,0.000040437,true
000,10,5,62.059787750,62.059783936,-0.000003815,0.000003815,0.000620608,true
000,11,0,1.286450863,1.286459446,0.000008583,0.000008583,0.000012875,true
000,11,1,-52.936592102,-52.936622620,-0.000030518,0.000030518,0.000529376,true
000,11,2,57.810058594,57.810096741,0.000038147,0.000038147,0.000578111,true
000,11,3,9.500942230,9.500938416,-0.000003815,0.000003815,0.000095019,true
000,11,4,-4.103319645,-4.103320599,-0.000000954,0.000000954,0.000041043,true
000,11,5,62.197357178,62.197364807,0.000007629,0.000007629,0.000621984,true
000,12,0,1.549349308,1.549348831,-0.000000477,0.000000477,0.000015503,true
000,12,1,-48.849246979,-48.849300385,-0.000053406,0.000053406,0.000488502,true
000,12,2,54.408424377,54.408485413,0.000061035,0.000061035,0.000544094,true
000,12,3,10.045764923,10.045763016,-0.000001907,0.000001907,0.000100468,true
000,12,4,-4.137383461,-4.137386799,-0.000003338,0.000003338,0.000041384,true
000,12,5,62.374305725,62.374301910,-0.000003815,0.000003815,0.000623753,true
000,13,0,2.264139175,2.264144421,0.000005245,0.000005245,0.000022651,true
000,13,1,-40.762615204,-40.762641907,-0.000026703,0.000026703,0.000407636,true
000,13,2,47.456119537,47.456134796,0.000015259,0.000015259,0.000474571,true
000,13,3,10.830692291,10.830686569,-0.000005722,0.000005722,0.000108317,true
000,13,4,-4.057487965,-4.057491779,-0.000003815,0.000003815,0.000040585,true
000,13,5,62.484817505,62.484817505,0.000000000,0.000000000,0.000624858,true
000,14,0,2.191784859,2.191795349,0.000010490,0.000010490,0.000021928,true
000,14,1,-40.738731384,-40.738742828,-0.000011444,0.000011444,0.000407397,true
000,14,2,47.392494202,47.392505646,0.000011444,0.000011444,0.000473935,true
000,14,3,10.987983704,10.987977982,-0.000005722,0.000005722,0.000109890,true
000,14,4,-4.076278687,-4.076283455,-0.000004768,0.000004768,0.000040773,true
000,14,5,62.501281738,62.501281738,0.000000000,0.000000000,0.000625023,true
000,15,0,2.192167759,2.192174435,0.000006676,0.000006676,0.000021932,true
000,15,1,-37.350166321,-37.350196838,-0.000030518,0.000030518,0.000373512,true
000,15,2,44.190254211,44.190258026,0.000003815,0.000003815,0.000441913,true
000,15,3,11.557579041,11.557565689,-0.000013351,0.000013351,0.000115586,true
000,15,4,-4.049165249,-4.049168587,-0.000003338,0.000003338,0.000040502,true
000,15,5,62.488372803,62.488368988,-0.000003815,0.000003815,0.000624894,true
000,16,0,2.668721199,2.668739319,0.000018120,0.000018120,0.000026697,true
000,16,1,-31.791784286,-31.791791916,-0.000007629,0.000007629,0.000317928,true
000,16,2,38.838836670,38.838871002,0.000034332,0.000034332,0.000388398,true
000,16,3,12.122190475,12.122179031,-0.000011444,0.000011444,0.000121232,true
000,16,4,-3.950965881,-3.950965881,0.000000000,0.000000000,0.000039520,true
000,16,5,62.277885437,62.277885437,0.000000000,0.000000000,0.000622789,true
000,17,0,2.455206871,2.455217838,0.000010967,0.000010967,0.000024562,true
000,17,1,-29.401561737,-29.401546478,0.000015259,0.000015259,0.000294026,true
000,17,2,36.386299133,36.386276245,-0.000022888,0.000022888,0.000363873,true
000,17,3,12.581052780,12.581049919,-0.000002861,0.000002861,0.000125821,true
000,17,4,-3.950584173,-3.950581312,0.000002861,0.000002861,0.000039516,true
000,17,5,62.318866730,62.318855286,-0.000011444,0.000011444,0.000623199,true
000,18,0,2.739472389,2.739485264,0.000012875,0.000012875,0.000027405,true
000,18,1,-26.809949875,-26.809967041,-0.000017166,0.000017166,0.000268109,true
000,18,2,33.947391510,33.947406769,0.000015259,0.000015259,0.000339484,true
000,18,3,13.026242256,13.026237488,-0.000004768,0.000004768,0.000130272,true
000,18,4,-3.979659081,-3.979657888,0.000001192,0.000001192,0.000039807,true
000,18,5,62.224731445,62.224716187,-0.000015259,0.000015259,0.000622257,true
000,19,0,2.808322906,2.808323860,0.000000954,0.000000954,0.000028093,true
000,19,1,-25.455251694,-25.455247879,0.000003815,0.000003815,0.000254563,true
000,19,2,32.865036011,32.865024567,-0.000011444,0.000011444,0.000328660,true
000,19,3,12.927986145,12.927993774,0.000007629,0.000007629,0.000129290,true
000,19,4,-4.034456730,-4.034454823,0.000001907,0.000001907,0.000040355,true
000,19,5,62.268981934,62.268970490,-0.000011444,0.000011444,0.000622700,true
000,20,0,2.872606277,2.872628689,0.000022411,0.000022411,0.000028736,true
000,20,1,-23.734645844,-23.734630585,0.000015259,0.000015259,0.000237356,true
000,20,2,30.972431183,30.972431183,0.000000000,0.000000000,0.000309734,true
000,20,3,13.168578148,13.168572426,-0.000005722,0.000005722,0.000131696,true
000,20,4,-3.998320580,-3.998322725,-0.000002146,0.000002146,0.000039993,true
000,20,5,62.159793854,62.159782410,-0.000011444,0.000011444,0.000621608,true
000,21,0,2.686235905,2.686249256,0.000013351,0.000013351,0.000026872,true
000,21,1,-22.200748444,-22.200782776,-0.000034332,0.000034332,0.000222017,true
000,21,2,29.703718185,29.703746796,0.000028610,0.000028610,0.000297047,true
000,21,3,13.243093491,13.243100166,0.000006676,0.000006676,0.000132441,true
000,21,4,-4.118404388,-4.118403912,0.000000477,0.000000477,0.000041194,true
000,21,5,62.358409882,62.358406067,-0.000003815,0.000003815,0.000623594,true
000,22,0,2.785408974,2.785419464,0.000010490,0.000010490,0.000027864,true
000,22,1,-19.481876373,-19.481880188,-0.000003815,0.000003815,0.000194829,true
000,22,2,27.332944870,27.332971573,0.000026703,0.000026703,0.000273339,true
000,22,3,13.390714645,13.390709877,-0.000004768,0.000004768,0.000133917,true
000,22,4,-4.319681644,-4.319680214,0.000001431,0.000001431,0.000043207,true
000,22,5,62.498298645,62.498291016,-0.000007629,0.000007629,0.000624993,true
000,23,0,2.621916771,2.621927738,0.000010967,0.000010967,0.000026229,true
000,23,1,-17.364391327,-17.364448547,-0.000057220,0.000057220,0.000173654,true
000,23,2,25.334783554,25.334821701,0.000038147,0.000038147,0.000253358,true
000,23,3,13.420486450,13.420489311,0.000002861,0.000002861,0.000134215,true
000,23,4,-4.608393192,-4.608388901,0.000004292,0.000004292,0.000046094,true
000,23,5,62.656475067,62.656471252,-0.000003815,0.000003815,0.000626575,true
000,24,0,2.690449715,2.690453529,0.000003815,0.000003815,0.000026914,true
000,24,1,-14.944648743,-14.944683075,-0.000034332,0.000034332,0.000149456,true
000,24,2,23.250131607,23.250186920,0.000055313,0.000055313,0.000232511,true
000,24,3,13.407610893,13.407613754,0.000002861,0.000002861,0.000134086,true
000,24,4,-5.116226673,-5.116216660,0.000010014,0.000010014,0.000051172,true
000,24,5,62.674484253,62.674480438,-0.000003815,0.000003815,0.000626755,true
000,25,0,2.442860126,2.442879200,0.000019073,0.000019073,0.000024439,true
000,25,1,-13.281375885,-13.281368256,0.000007629,0.000007629,0.000132824,true
000,25,2,21.671583176,21.671606064,0.000022888,0.000022888,0.000216726,true
000,25,3,13.321763992,13.321751595,-0.000012398,0.000012398,0.000133228,true
000,25,4,-5.763977051,-5.763971329,0.000005722,0.000005722,0.000057650,true
000,25,5,62.610492706,62.610488892,-0.000003815,0.000003815,0.000626115,true
000,26,0,2.100401878,2.100410461,0.000008583,0.000008583,0.000021014,true
000,26,1,-10.438888550,-10.438903809,-0.000015259,0.000015259,0.000104399,true
000,26,2,19.450489044,19.450490952,0.000001907,0.000001907,0.000194515,true
000,26,3,12.773309708,12.773322105,0.000012398,0.000012398,0.000127743,true
000,26,4,-7.110551357,-7.110538960,0.000012398,0.000012398,0.000071116,true
000,26,5,62.426540375,62.426544189,0.000003815,0.000003815,0.000624275,true
000,27,0,1.961488724,1.961494923,0.000006199,0.000006199,0.000019625,true
000,27,1,-9.522716522,-9.522720337,-0.000003815,0.000003815,0.000095237,true
000,27,2,18.604696274,18.604709625,0.000013351,0.000013351,0.000186057,true
000,27,3,12.518472672,12.518470764,-0.000001907,0.000001907,0.000125195,true
000,27,4,-7.697558880,-7.697557449,0.000001431,0.000001431,0.000076986,true
000,27,5,62.248908997,62.248905182,-0.000003815,0.000003815,0.000622499,true
000,28,0,1.744885445,1.744897842,0.000012398,0.000012398,0.000017459,true
000,28,1,-8.781291962,-8.781299591,-0.000007629,0.000007629,0.000087823,true
000,28,2,17.759126663,17.759159088,0.000032425,0.000032425,0.000177601,true
000,28,3,12.578071594,12.578066826,-0.000004768,0.000004768,0.000125791,true
000,28,4,-8.133000374,-8.132991791,0.000008583,0.000008583,0.000081340,true
000,28,5,62.079807281,62.079807281,0.000000000,0.000000000,0.000620808,true
000,29,0,1.378928661,1.378936768,0.000008106,0.000008106,0.000013799,true
000,29,1,-8.408737183,-8.408752441,-0.000015259,0.000015259,0.000084097,true
000,29,2,17.174757004,17.174781799,0.000024796,0.000024796,0.000171758,true
000,29,3,12.683310509,12.683310509,0.000000000,0.000000000,0.000126843,true
000,29,4,-8.369607925,-8.369602203,0.000005722,0.000005722,0.000083706,true
000,29,5,61.963005066,61.963001251,-0.000003815,0.000003815,0.000619640,true
000,30,0,1.187384605,1.187400818,0.000016212,0.000016212,0.000011884,false
000,30,1,-8.351703644,-8.351680756,0.000022888,0.000022888,0.000083527,true
000,30,2,16.927106857,16.927087784,-0.000019073,0.000019073,0.000169281,true
000,30,3,12.645703316,12.645703316,0.000000000,0.000000000,0.000126467,true
000,30,4,-8.662690163,-8.662685394,0.000004768,0.000004768,0.000086637,true
000,30,5,61.872985840,61.872982025,-0.000003815,0.000003815,0.000618740,true
000,31,0,0.698610306,0.698623180,0.000012875,0.000012875,0.000006996,false
000,31,1,-8.458347321,-8.458347321,0.000000000,0.000000000,0.000084593,true
000,31,2,16.538154602,16.538162231,0.000007629,0.000007629,0.000165392,true
000,31,3,12.767582893,12.767573357,-0.000009537,0.000009537,0.000127686,true
000,31,4,-8.840240479,-8.840238571,0.000001907,0.000001907,0.000088412,true
000,31,5,61.960441589,61.960437775,-0.000003815,0.000003815,0.000619614,true
000,32,0,-0.141932011,-0.141917706,0.000014305,0.000014305,0.000001429,false
000,32,1,-9.132419586,-9.132427216,-0.000007629,0.000007629,0.000091334,true
000,32,2,16.489160538,16.489177704,0.000017166,0.000017166,0.000164902,true
000,32,3,12.939940453,12.939942360,0.000001907,0.000001907,0.000129409,true
000,32,4,-9.062865257,-9.062858582,0.000006676,0.000006676,0.000090639,true
000,32,5,61.865303040,61.865299225,-0.000003815,0.000003815,0.000618663,true
000,33,0,-0.645555019,-0.645551682,0.000003338,0.000003338,0.000006466,true
000,33,1,-9.120857239,-9.120883942,-0.000026703,0.000026703,0.000091219,true
000,33,2,15.734931946,15.734922409,-0.000009537,0.000009537,0.000157359,true
000,33,3,13.378160477,13.378155708,-0.000004768,0.000004768,0.000133792,true
000,33,4,-9.064943314,-9.064945221,-0.000001907,0.000001907,0.000090659,true
000,33,5,62.029205322,62.029209137,0.000003815,0.000003815,0.000620302,true
000,34,0,-1.905004263,-1.904999256,0.000005007,0.000005007,0.000019060,true
000,34,1,-9.446151733,-9.446170807,-0.000019073,0.000019073,0.000094472,true
000,34,2,14.676258087,14.676275253,0.000017166,0.000017166,0.000146773,true
000,34,3,14.139573097,14.139569283,-0.000003815,0.000003815,0.000141406,true
000,34,4,-9.009284973,-9.009283066,0.000001907,0.000001907,0.000090103,true
000,34,5,62.104953766,62.104946136,-0.000007629,0.000007629,0.000621060,true
000,35,0,-2.526932478,-2.526918411,0.000014067,0.000014067,0.000025279,true
000,35,1,-9.959777832,-9.959777832,0.000000000,0.000000000,0.000099608,true
000,35,2,14.481491089,14.481519699,0.000028610,0.000028610,0.000144825,true
000,35,3,14.448875427,14.448878288,0.000002861,0.000002861,0.000144499,true
000,35,4,-8.869124413,-8.869121552,0.000002861,0.000002861,0.000088701,true
000,35,5,62.277683258,62.277683258,0.000000000,0.000000000,0.000622787,true
000,36,0,-3.589458942,-3.589441776,0.000017166,0.000017166,0.000035905,true
000,36,1,-10.136432648,-10.136432648,0.000000000,0.000000000,0.000101374,true
000,36,2,13.340940475,13.340955734,0.000015259,0.000015259,0.000133419,true
000,36,3,15.367963791,15.367956161,-0.000007629,0.000007629,0.000153690,true
000,36,4,-8.723833084,-8.723833084,0.000000000,0.000000000,0.000087248,true
000,36,5,62.243766785,62.243759155,-0.000007629,0.000007629,0.000622448,true
000,37,0,-4.934134007,-4.934124470,0.000009537,0.000009537,0.000049351,true
000,37,1,-11.580707550,-11.580688477,0.000019073,0.000019073,0.000115817,true
000,37,2,13.351264954,13.351257324,-0.000007629,0.000007629,0.000133523,true
000,37,3,16.266086578,16.266082764,-0.000003815,0.000003815,0.000162671,true
000,37,4,-8.559602737,-8.559606552,-0.000003815,0.000003815,0.000085606,true
000,37,5,62.355522156,62.355522156,0.000000000,0.000000000,0.000623565,true
000,38,0,-6.083544254,-6.083538055,0.000006199,0.000006199,0.000060845,true
000,38,1,-12.214908600,-12.214900970,0.000007629,0.000007629,0.000122159,true
000,38,2,12.843803406,12.843776703,-0.000026703,0.000026703,0.000128448,true
000,38,3,17.174747467,17.174749374,0.000001907,0.000001907,0.000171757,true
000,38,4,-8.239372253,-8.239373207,-0.000000954,0.000000954,0.000082404,true
000,38,5,62.388217926,62.388214111,-0.000003815,0.000003815,0.000623892,true
000,39,0,-7.079129219,-7.079125881,0.000003338,0.000003338,0.000070801,true
000,39,1,-13.443359375,-13.443393707,-0.000034332,0.000034332,0.000134444,true
000,39,2,13.392744064,13.392747879,0.000003815,0.000003815,0.000133937,true
000,39,3,17.600944519,17.600944519,0.000000000,0.000000000,0.000176019,true
000,39,4,-7.893774033,-7.893771648,0.000002384,0.000002384,0.000078948,true
000,39,5,62.399677277,62.399673462,-0.000003815,0.000003815,0.000624007,true
000,40,0,-7.635156631,-7.635153770,0.000002861,0.000002861,0.000076362,true
000,40,1,-13.448780060,-13.448776245,0.000003815,0.000003815,0.000134498,true
000,40,2,12.876348495,12.876348495,0.000000000,0.000000000,0.000128773,true
000,40,3,18.016435623,18.016429901,-0.000005722,0.000005722,0.000180174,true
000,40,4,-7.567206383,-7.567204952,0.000001431,0.000001431,0.000075682,true
000,40,5,62.409847260,62.409847260,0.000000000,0.000000000,0.000624108,true
000,41,0,-9.279911995,-9.279904366,0.000007629,0.000007629,0.000092809,true
000,41,1,-14.916007996,-14.916007996,0.000000000,0.000000000,0.000149170,true
000,41,2,13.346021652,13.346010208,-0.000011444,0.000011444,0.000133470,true
000,41,3,18.703315735,18.703304291,-0.000011444,0.000011444,0.000187043,true
000,41,4,-6.562216759,-6.562220097,-0.000003338,0.000003338,0.000065632,true
000,41,5,62.409454346,62.409465790,0.000011444,0.000011444,0.000624105,true
000,42,0,-9.947237015,-9.947221756,0.000015259,0.000015259,0.000099482,true
000,42,1,-15.039760590,-15.039783478,-0.000022888,0.000022888,0.000150408,true
000,42,2,13.076288223,13.076305389,0.000017166,0.000017166,0.000130773,true
000,42,3,19.003307343,19.003311157,0.000003815,0.000003815,0.000190043,true
000,42,4,-5.884264469,-5.884271145,-0.000006676,0.000006676,0.000058853,true
000,42,5,62.417823792,62.417808533,-0.000015259,0.000015259,0.000624188,true
000,43,0,-10.602052689,-10.602046013,0.000006676,0.000006676,0.000106031,true
000,43,1,-15.646694183,-15.646705627,-0.000011444,0.000011444,0.000156477,true
000,43,2,13.505832672,13.505826950,-0.000005722,0.000005722,0.000135068,true
000,43,3,18.957691193,18.957691193,0.000000000,0.000000000,0.000189587,true
000,43,4,-5.234481812,-5.234485149,-0.000003338,0.000003338,0.000052355,true
000,43,5,62.328872681,62.328880310,0.000007629,0.000007629,0.000623299,true
000,44,0,-11.478088379,-11.478080750,0.000007629,0.000007629,0.000114791,true
000,44,1,-17.012489319,-17.012508392,-0.000019073,0.000019073,0.000170135,true
000,44,2,15.219530106,15.219547272,0.000017166,0.000017166,0.000152205,true
000,44,3,17.822559357,17.822559357,0.000000000,0.000000000,0.000178236,true
000,44,4,-3.913664579,-3.913656473,0.000008106,0.000008106,0.000039147,true
000,44,5,62.168766022,62.168746948,-0.000019073,0.000019073,0.000621698,true
000,45,0,-11.611939430,-11.611936569,0.000002861,0.000002861,0.000116129,true
000,45,1,-16.373252869,-16.373264313,-0.000011444,0.000011444,0.000163743,true
000,45,2,15.110176086,15.110177994,0.000001907,0.000001907,0.000151112,true
000,45,3,16.531587601,16.531610489,0.000022888,0.000022888,0.000165326,true
000,45,4,-2.852306604,-2.852313042,-0.000006437,0.000006437,0.000028533,true
000,45,5,62.117393494,62.117389679,-0.000003815,0.000003815,0.000621184,true
000,46,0,-11.590166092,-11.590160370,0.000005722,0.000005722,0.000115912,true
000,46,1,-15.771125793,-15.771160126,-0.000034332,0.000034332,0.000157721,true
000,46,2,14.470289230,14.470298767,0.000009537,0.000009537,0.000144713,true
000,46,3,16.580852509,16.580852509,0.000000000,0.000000000,0.000165819,true
000,46,4,-2.791073799,-2.791072845,0.000000954,0.000000954,0.000027921,true
000,46,5,62.107002258,62.106994629,-0.000007629,0.000007629,0.000621080,true
000,47,0,-11.839883804,-11.839879990,0.000003815,0.000003815,0.000118409,true
000,47,1,-16.099491119,-16.099502563,-0.000011444,0.000011444,0.000161005,true
000,47,2,15.713247299,15.713275909,0.000028610,0.000028610,0.000157142,true
000,47,3,15.333975792,15.333970070,-0.000005722,0.000005722,0.000153350,true
000,47,4,-2.353211403,-2.353209019,0.000002384,0.000002384,0.000023542,true
000,47,5,61.919052124,61.919052124,0.000000000,0.000000000,0.000619201,true
000,48,0,-11.726385117,-11.726381302,0.000003815,0.000003815,0.000117274,true
000,48,1,-15.181007385,-15.181011200,-0.000003815,0.000003815,0.000151820,true
000,48,2,15.146459579,15.146444321,-0.000015259,0.000015259,0.000151475,true
000,48,3,14.896964073,14.896970749,0.000006676,0.000006676,0.000148980,true
000,48,4,-2.178630829,-2.178630829,0.000000000,0.000000000,0.000021796,true
000,48,5,61.882350922,61.882347107,-0.000003815,0.000003815,0.000618834,true
000,49,0,-11.710650444,-11.710641861,0.000008583,0.000008583,0.000117117,true
000,49,1,-14.926673889,-14.926708221,-0.000034332,0.000034332,0.000149277,true
000,49,2,15.188920975,15.188966751,0.000045776,0.000045776,0.000151899,true
000,49,3,14.358330727,14.358349800,0.000019073,0.000019073,0.000143593,true
000,49,4,-1.997582912,-1.997584343,-0.000001431,0.000001431,0.000019986,true
000,49,5,61.862503052,61.862510681,0.000007629,0.000007629,0.000618635,true
000,50,0,-11.426518440,-11.426519394,-0.000000954,0.000000954,0.000114275,true
000,50,1,-14.002979279,-14.002944946,0.000034332,0.000034332,0.000140040,true
000,50,2,14.420104980,14.420106888,0.000001907,0.000001907,0.000144211,true
000,50,3,14.182255745,14.182238579,-0.000017166,0.000017166,0.000141833,true
000,50,4,-1.906831026,-1.906829596,0.000001431,0.000001431,0.000019078,true
000,50,5,61.902450562,61.902454376,0.000003815,0.000003815,0.000619035,true
000,51,0,-11.398363113,-11.398363113,0.000000000,0.000000000,0.000113994,true
000,51,1,-13.621082306,-13.621109009,-0.000026703,0.000026703,0.000136221,true
000,51,2,14.604228973,14.604240417,0.000011444,0.000011444,0.000146052,true
000,51,3,13.470686913,13.470688820,0.000001907,0.000001907,0.000134717,true
000,51,4,-1.823689461,-1.823691130,-0.000001669,0.000001669,0.000018247,true
000,51,5,61.902351379,61.902355194,0.000003815,0.000003815,0.000619034,true
000,52,0,-11.183752060,-11.183750153,0.000001907,0.000001907,0.000111848,true
000,52,1,-12.657489777,-12.657493591,-0.000003815,0.000003815,0.000126585,true
000,52,2,13.881515503,13.881515503,0.000000000,0.000000000,0.000138825,true
000,52,3,13.130286217,13.130284309,-0.000001907,0.000001907,0.000131313,true
000,52,4,-1.774439573,-1.774436951,0.000002623,0.000002623,0.000017754,true
000,52,5,61.955821991,61.955818176,-0.000003815,0.000003815,0.000619568,true
000,53,0,-10.874828339,-10.874824524,0.000003815,0.000003815,0.000108758,true
000,53,1,-11.201095581,-11.201099396,-0.000003815,0.000003815,0.000112021,true
000,53,2,12.724306107,12.724327087,0.000020981,0.000020981,0.000127253,true
000,53,3,12.654850006,12.654840469,-0.000009537,0.000009537,0.000126559,true
000,53,4,-1.782943964,-1.782943726,0.000000238,0.000000238,0.000017839,true
000,53,5,61.943626404,61.943626404,0.000000000,0.000000000,0.000619446,true
000,54,0,-10.724987030,-10.724986076,0.000000954,0.000000954,0.000107260,true
000,54,1,-10.784008026,-10.784034729,-0.000026703,0.000026703,0.000107850,true
000,54,2,12.592386246,12.592409134,0.000022888,0.000022888,0.000125934,true
000,54,3,12.393033981,12.393035889,0.000001907,0.000001907,0.000123940,true
000,54,4,-1.699261904,-1.699262857,-0.000000954,0.000000954,0.000017003,true
000,54,5,61.940834045,61.940830231,-0.000003815,0.000003815,0.000619418,true
000,55,0,-10.236812592,-10.236808777,0.000003815,0.000003815,0.000102378,true
000,55,1,-9.203769684,-9.203788757,-0.000019073,0.000019073,0.000092048,true
000,55,2,11.557495117,11.557527542,0.000032425,0.000032425,0.000115585,true
000,55,3,12.146614075,12.146610260,-0.000003815,0.000003815,0.000121476,true
000,55,4,-1.831226826,-1.831226826,0.000000000,0.000000000,0.000018322,true
000,55,5,61.842979431,61.842975616,-0.000003815,0.000003815,0.000618440,true
000,56,0,-9.695169449,-9.695171356,-0.000001907,0.000001907,0.000096962,true
000,56,1,-7.514301300,-7.514320374,-0.000019073,0.000019073,0.000075153,true
000,56,2,10.456129074,10.456153870,0.000024796,0.000024796,0.000104571,true
000,56,3,11.406272888,11.406274796,0.000001907,0.000001907,0.000114073,true
000,56,4,-1.818607330,-1.818605423,0.000001907,0.000001907,0.000018196,true
000,56,5,61.827445984,61.827445984,0.000000000,0.000000000,0.000618284,true
000,57,0,-9.633848190,-9.633844376,0.000003815,0.000003815,0.000096348,true
000,57,1,-7.082992554,-7.083026886,-0.000034332,0.000034332,0.000070840,true
000,57,2,10.008243561,10.008266449,0.000022888,0.000022888,0.000100092,true
000,57,3,11.342529297,11.342536926,0.000007629,0.000007629,0.000113435,true
000,57,4,-1.768114090,-1.768114090,0.000000000,0.000000000,0.000017691,true
000,57,5,61.941135406,61.941131592,-0.000003815,0.000003815,0.000619421,true
000,58,0,-9.322174072,-9.322170258,0.000003815,0.000003815,0.000093232,true
000,58,1,-5.981670380,-5.981674194,-0.000003815,0.000003815,0.000059827,true
000,58,2,8.959590912,8.959590912,0.000000000,0.000000000,0.000089606,true
000,58,3,11.284172058,11.284179688,0.000007629,0.000007629,0.000112852,true
000,58,4,-1.815171719,-1.815174818,-0.000003099,0.000003099,0.000018162,true
000,58,5,61.820919037,61.820915222,-0.000003815,0.000003815,0.000618219,true
000,59,0,-9.100786209,-9.100789070,-0.000002861,0.000002861,0.000091018,true
000,59,1,-5.051311493,-5.051364899,-0.000053406,0.000053406,0.000050523,false
000,59,2,8.139965057,8.140003204,0.000038147,0.000038147,0.000081410,true
000,59,3,11.314701080,11.314718246,0.000017166,0.000017166,0.000113157,true
000,59,4,-1.809068918,-1.809067965,0.000000954,0.000000954,0.000018101,true
000,59,5,61.855747223,61.855751038,0.000003815,0.000003815,0.000618567,true
000,60,0,-8.337158203,-8.337152481,0.000005722,0.000005722,0.000083382,true
000,60,1,-2.671680450,-2.671676636,0.000003815,0.000003815,0.000026727,true
000,60,2,5.877040863,5.877059937,0.000019073,0.000019073,0.000058780,true
000,60,3,11.128519058,11.128519058,0.000000000,0.000000000,0.000111295,true
000,60,4,-1.877734184,-1.877734184,0.000000000,0.000000000,0.000018787,true
000,60,5,61.633060455,61.633056641,-0.000003815,0.000003815,0.000616341,true
000,61,0,-8.520994186,-8.520991325,0.000002861,0.000002861,0.000085220,true
000,61,1,-2.635921478,-2.635944366,-0.000022888,0.000022888,0.000026369,true
000,61,2,5.749092102,5.749126434,0.000034332,0.000034332,0.000057501,true
000,61,3,11.035316467,11.035320282,0.000003815,0.000003815,0.000110363,true
000,61,4,-1.853307962,-1.853308201,-0.000000238,0.000000238,0.000018543,true
000,61,5,61.628349304,61.628345490,-0.000003815,0.000003815,0.000616293,true
000,62,0,-8.001884460,-8.001886368,-0.000001907,0.000001907,0.000080029,true
000,62,1,-1.166687012,-1.166721344,-0.000034332,0.000034332,0.000011677,false
000,62,2,4.196453094,4.196514130,0.000061035,0.000061035,0.000041975,false
000,62,3,11.178306580,11.178295135,-0.000011444,0.000011444,0.000111793,true
000,62,4,-1.916553497,-1.916553020,0.000000477,0.000000477,0.000019176,true
000,62,5,61.430458069,61.430450439,-0.000007629,0.000007629,0.000614315,true
000,63,0,-7.682530403,-7.682529449,0.000000954,0.000000954,0.000076835,true
000,63,1,0.172878265,0.172866821,-0.000011444,0.000011444,0.000001739,false
000,63,2,2.823184967,2.823184967,0.000000000,0.000000000,0.000028242,true
000,63,3,11.091537476,11.091547012,0.000009537,0.000009537,0.000110925,true
000,63,4,-1.913228035,-1.913228750,-0.000000715,0.000000715,0.000019142,true
000,63,5,61.403244019,61.403244019,0.000000000,0.000000000,0.000614042,true
000,64,0,-7.659071922,-7.659069061,0.000002861,0.000002861,0.000076601,true
000,64,1,1.126251221,1.126228333,-0.000022888,0.000022888,0.000011273,false
000,64,2,1.583324432,1.583335876,0.000011444,0.000011444,0.000015843,true
000,64,3,11.256576538,11.256580353,0.000003815,0.000003815,0.000112576,true
000,64,4,-1.917128086,-1.917128325,-0.000000238,0.000000238,0.000019181,true
000,64,5,61.322048187,61.322040558,-0.000007629,0.000007629,0.000613230,true
000,65,0,-7.452408791,-7.452405930,0.000002861,0.000002861,0.000074534,true
000,65,1,2.666282654,2.666275024,-0.000007629,0.000007629,0.000026673,true
000,65,2,-0.411598206,-0.411571503,0.000026703,0.000026703,0.000004126,false
000,65,3,11.636056900,11.636060715,0.000003815,0.000003815,0.000116371,true
000,65,4,-1.927963495,-1.927964926,-0.000001431,0.000001431,0.000019290,true
000,65,5,61.377540588,61.377532959,-0.000007629,0.000007629,0.000613785,true
000,66,0,-7.361853123,-7.361851692,0.000001431,0.000001431,0.000073629,true
000,66,1,3.534107208,3.534122467,0.000015259,0.000015259,0.000035351,true
000,66,2,-1.424808502,-1.424774170,0.000034332,0.000034332,0.000014258,false
000,66,3,11.669641495,11.669647217,0.000005722,0.000005722,0.000116706,true
000,66,4,-1.950620174,-1.950621128,-0.000000954,0.000000954,0.000019516,true
000,66,5,61.424209595,61.424198151,-0.000011444,0.000011444,0.000614252,true
000,67,0,-7.221168518,-7.221166611,0.000001907,0.000001907,0.000072222,true
000,67,1,3.743041992,3.743015289,-0.000026703,0.000026703,0.000037440,true
000,67,2,-1.608177185,-1.608142853,0.000034332,0.000034332,0.000016092,false
000,67,3,11.679327011,11.679317474,-0.000009537,0.000009537,0.000116803,true
000,67,4,-1.965754986,-1.965755463,-0.000000477,0.000000477,0.000019668,true
000,67,5,61.388237000,61.388229370,-0.000007629,0.000007629,0.000613892,true
000,68,0,-7.169971466,-7.169970512,0.000000954,0.000000954,0.000071710,true
000,68,1,4.675941467,4.675979614,0.000038147,0.000038147,0.000046769,true
000,68,2,-2.914470673,-2.914451599,0.000019073,0.000019073,0.000029155,true
000,68,3,11.914569855,11.914558411,-0.000011444,0.000011444,0.000119156,true
000,68,4,-1.976289749,-1.976289272,0.000000477,0.000000477,0.000019773,true
000,68,5,61.466880798,61.466880798,0.000000000,0.000000000,0.000614679,true
000,69,0,-7.073695660,-7.073695183,0.000000477,0.000000477,0.000070747,true
000,69,1,6.450099945,6.450057983,-0.000041962,0.000041962,0.000064511,true
000,69,2,-5.312583923,-5.312545776,0.000038147,0.000038147,0.000053136,true
000,69,3,12.391244888,12.391244888,0.000000000,0.000000000,0.000123922,true
000,69,4,-1.953272820,-1.953273296,-0.000000477,0.000000477,0.000019543,true
000,69,5,61.533969879,61.533966064,-0.000003815,0.000003815,0.000615350,true
000,70,0,-6.972289562,-6.972287178,0.000002384,0.000002384,0.000069733,true
000,70,1,7.220802307,7.220779419,-0.000022888,0.000022888,0.000072218,true
000,70,2,-6.039043427,-6.038993835,0.000049591,0.000049591,0.000060400,true
000,70,3,12.303619385,12.303636551,0.000017166,0.000017166,0.000123046,true
000,70,4,-1.933366776,-1.933366537,0.000000238,0.000000238,0.000019344,true
000,70,5,61.651248932,61.651248932,0.000000000,0.000000000,0.000616522,true
000,71,0,-6.877120972,-6.877119541,0.000001431,0.000001431,0.000068781,true
000,71,1,7.348552704,7.348529816,-0.000022888,0.000022888,0.000073496,true
000,71,2,-6.202995300,-6.202949524,0.000045776,0.000045776,0.000062040,true
000,71,3,12.320209503,12.320209503,0.000000000,0.000000000,0.000123212,true
000,71,4,-1.963568926,-1.963567972,0.000000954,0.000000954,0.000019646,true
000,71,5,61.778469086,61.778465271,-0.000003815,0.000003815,0.000617795,true
000,72,0,-6.904057980,-6.904054642,0.000003338,0.000003338,0.000069051,true
000,72,1,8.277778625,8.277809143,0.000030518,0.000030518,0.000082788,true
000,72,2,-7.514179230,-7.514133453,0.000045776,0.000045776,0.000075152,true
000,72,3,12.517398834,12.517385483,-0.000013351,0.000013351,0.000125184,true
000,72,4,-1.973739147,-1.973739862,-0.000000715,0.000000715,0.000019747,true
000,72,5,61.783790588,61.783790588,0.000000000,0.000000000,0.000617848,true
000,73,0,-6.889257431,-6.889256001,0.000001431,0.000001431,0.000068903,true
000,73,1,10.096099854,10.096092224,-0.000007629,0.000007629,0.000100971,true
000,73,2,-10.053356171,-10.053390503,-0.000034332,0.000034332,0.000100544,true
000,73,3,12.931302071,12.931313515,0.000011444,0.000011444,0.000129323,true
000,73,4,-1.950228214,-1.950229645,-0.000001431,0.000001431,0.000019512,true
000,73,5,61.837081909,61.837081909,0.000000000,0.000000000,0.000618381,true
000,74,0,-6.848042488,-6.848038673,0.000003815,0.000003815,0.000068490,true
000,74,1,10.376960754,10.376907349,-0.000053406,0.000053406,0.000103780,true
000,74,2,-10.327945709,-10.327949524,-0.000003815,0.000003815,0.000103289,true
000,74,3,12.878248215,12.878248215,0.000000000,0.000000000,0.000128792,true
000,74,4,-1.953744411,-1.953743696,0.000000715,0.000000715,0.000019547,true
000,74,5,61.918506622,61.918495178,-0.000011444,0.000011444,0.000619195,true
000,75,0,-6.755450249,-6.755447388,0.000002861,0.000002861,0.000067565,true
000,75,1,10.929878235,10.929893494,0.000015259,0.000015259,0.000109309,true
000,75,2,-11.033866882,-11.033863068,0.000003815,0.000003815,0.000110349,true
000,75,3,12.915421486,12.915427208,0.000005722,0.000005722,0.000129164,true
000,75,4,-1.978401423,-1.978401423,0.000000000,0.000000000,0.000019794,true
000,75,5,62.037147522,62.037147522,0.000000000,0.000000000,0.000620381,true
000,76,0,-6.625214100,-6.625211716,0.000002384,0.000002384,0.000066262,true
000,76,1,12.987014771,12.986999512,-0.000015259,0.000015259,0.000129880,true
000,76,2,-13.744506836,-13.744434357,0.000072479,0.000072479,0.000137455,true
000,76,3,13.091250420,13.091247559,-0.000002861,0.000002861,0.000130923,true
000,76,4,-2.018501759,-2.018501282,0.000000477,0.000000477,0.000020195,true
000,76,5,62.285835266,62.285842896,0.000007629,0.000007629,0.000622868,true
000,77,0,-6.627869606,-6.627866745,0.000002861,0.000002861,0.000066289,true
000,77,1,13.351982117,13.351966858,-0.000015259,0.000015259,0.000133530,true
000,77,2,-14.174198151,-14.174221039,-0.000022888,0.000022888,0.000141752,true
000,77,3,13.068273544,13.068281174,0.000007629,0.000007629,0.000130693,true
000,77,4,-2.007483244,-2.007484674,-0.000001431,0.000001431,0.000020085,true
000,77,5,62.317852020,62.317863464,0.000011444,0.000011444,0.000623189,true
000,78,0,-6.734819412,-6.734818459,0.000000954,0.000000954,0.000067358,true
000,78,1,13.490028381,13.489967346,-0.000061035,0.000061035,0.000134910,true
000,78,2,-14.663608551,-14.663532257,0.000076294,0.000076294,0.000146646,true
000,78,3,13.309195518,13.309197426,0.000001907,0.000001907,0.000133102,true
000,78,4,-2.027143240,-2.027142048,0.000001192,0.000001192,0.000020281,true
000,78,5,62.101516724,62.101509094,-0.000007629,0.000007629,0.000621025,true
000,79,0,-6.575263977,-6.575262070,0.000001907,0.000001907,0.000065763,true
000,79,1,14.221504211,14.221466064,-0.000038147,0.000038147,0.000142225,true
000,79,2,-15.455791473,-15.455768585,0.000022888,0.000022888,0.000154568,true
000,79,3,13.256243706,13.256248474,0.000004768,0.000004768,0.000132572,true
000,79,4,-2.027621746,-2.027622700,-0.000000954,0.000000954,0.000020286,true
000,79,5,62.354778290,62.354782104,0.000003815,0.000003815,0.000623558,true
000,80,0,-6.690243244,-6.690247059,-0.000003815,0.000003815,0.000066912,true
000,80,1,15.252532959,15.252479553,-0.000053406,0.000053406,0.000152535,true
000,80,2,-16.964027405,-16.964000702,0.000026703,0.000026703,0.000169650,true
000,80,3,13.388617516,13.388619423,0.000001907,0.000001907,0.000133896,true
000,80,4,-2.042974710,-2.042970419,0.000004292,0.000004292,0.000020440,true
000,80,5,62.231006622,62.231010437,0.000003815,0.000003815,0.000622320,true
000,81,0,-6.659218311,-6.659217834,0.000000477,0.000000477,0.000066602,true
000,81,1,15.892692566,15.892631531,-0.000061035,0.000061035,0.000158937,true
000,81,2,-17.676483154,-17.676418304,0.000064850,0.000064850,0.000176775,true
000,81,3,13.295553207,13.295557976,0.000004768,0.000004768,0.000132966,true
000,81,4,-2.055516005,-2.055514097,0.000001907,0.000001907,0.000020565,true
000,81,5,62.364452362,62.364440918,-0.000011444,0.000011444,0.000623655,true
000,82,0,-6.603843689,-6.603843212,0.000000477,0.000000477,0.000066048,true
000,82,1,16.886962891,16.886970520,0.000007629,0.000007629,0.000168880,true
000,82,2,-19.162559509,-19.162513733,0.000045776,0.000045776,0.000191636,true
000,82,3,13.483378410,13.483383179,0.000004768,0.000004768,0.000134844,true
000,82,4,-2.122985601,-2.122982740,0.000002861,0.000002861,0.000021240,true
000,82,5,62.474906921,62.474906921,0.000000000,0.000000000,0.000624759,true
000,83,0,-6.580709457,-6.580708504,0.000000954,0.000000954,0.000065817,true
000,83,1,17.384284973,17.384269714,-0.000015259,0.000015259,0.000173853,true
000,83,2,-19.817043304,-19.817024231,0.000019073,0.000019073,0.000198180,true
000,83,3,13.538146019,13.538144112,-0.000001907,0.000001907,0.000135391,true
000,83,4,-2.098030090,-2.098029613,0.000000477,0.000000477,0.000020990,true
000,83,5,62.384399414,62.384399414,0.000000000,0.000000000,0.000623854,true
000,84,0,-6.607315063,-6.607315063,0.000000000,0.000000000,0.000066083,true
000,84,1,18.483001709,18.482925415,-0.000076294,0.000076294,0.000184840,true
000,84,2,-21.339965820,-21.339984894,-0.000019073,0.000019073,0.000213410,true
000,84,3,13.587726593,13.587726593,0.000000000,0.000000000,0.000135887,true
000,84,4,-2.144005299,-2.144003153,0.000002146,0.000002146,0.000021450,true
000,84,5,62.471702576,62.471694946,-0.000007629,0.000007629,0.000624727,true
000,85,0,-6.500904560,-6.500903606,0.000000954,0.000000954,0.000065019,true
000,85,1,19.436660767,19.436607361,-0.000053406,0.000053406,0.000194377,true
000,85,2,-22.522212982,-22.522144318,0.000068665,0.000068665,0.000225232,true
000,85,3,13.633166313,13.633161545,-0.000004768,0.000004768,0.000136342,true
000,85,4,-2.194437265,-2.194437027,0.000000238,0.000000238,0.000021954,true
000,85,5,62.509105682,62.509094238,-0.000011444,0.000011444,0.000625101,true
000,86,0,-6.518577099,-6.518579006,-0.000001907,0.000001907,0.000065196,true
000,86,1,19.983551025,19.983520508,-0.000030518,0.000030518,0.000199846,true
000,86,2,-23.336421967,-23.336421967,0.000000000,0.000000000,0.000233374,true
000,86,3,13.654676437,13.654683113,0.000006676,0.000006676,0.000136557,true
000,86,4,-2.195786238,-2.195783377,0.000002861,0.000002861,0.000021968,true
000,86,5,62.566913605,62.566902161,-0.000011444,0.000011444,0.000625679,true
000,87,0,-6.513916492,-6.513916016,0.000000477,0.000000477,0.000065149,true
000,87,1,21.054771423,21.054786682,0.000015259,0.000015259,0.000210558,true
000,87,2,-24.807010651,-24.806972504,0.000038147,0.000038147,0.000248080,true
000,87,3,13.686682701,13.686682701,0.000000000,0.000000000,0.000136877,true
000,87,4,-2.203614950,-2.203613758,0.000001192,0.000001192,0.000022046,true
000,87,5,62.598842621,62.598842621,0.000000000,0.000000000,0.000625998,true
000,88,0,-6.408925056,-6.408930302,-0.000005245,0.000005245,0.000064099,true
000,88,1,21.534545898,21.534461975,-0.000083923,0.000083923,0.000215355,true
000,88,2,-25.428836823,-25.428821564,0.000015259,0.000015259,0.000254298,true
000,88,3,13.731869698,13.731867790,-0.000001907,0.000001907,0.000137329,true
000,88,4,-2.222001553,-2.221999407,0.000002146,0.000002146,0.000022230,true
000,88,5,62.630958557,62.630947113,-0.000011444,0.000011444,0.000626320,true
000,89,0,-6.460427761,-6.460432529,-0.000004768,0.000004768,0.000064614,true
000,89,1,22.728454590,22.728424072,-0.000030518,0.000030518,0.000227295,true
000,89,2,-27.163242340,-27.163249969,-0.000007629,0.000007629,0.000271642,true
000,89,3,13.763005257,13.763006210,0.000000954,0.000000954,0.000137640,true
000,89,4,-2.238357782,-2.238356590,0.000001192,0.000001192,0.000022394,true
000,89,5,62.550350189,62.550346375,-0.000003815,0.000003815,0.000625514,true
000,90,0,-6.465548038,-6.465549946,-0.000001907,0.000001907,0.000064665,true
000,90,1,23.209426880,23.209373474,-0.000053406,0.000053406,0.000232104,true
000,90,2,-27.907695770,-27.907665253,0.000030518,0.000030518,0.000279087,true
000,90,3,13.795532227,13.795530319,-0.000001907,0.000001907,0.000137965,true
000,90,4,-2.211949587,-2.211948395,0.000001192,0.000001192,0.000022129,true
000,90,5,62.468048096,62.468036652,-0.000011444,0.000011444,0.000624690,true
000,91,0,-6.393952370,-6.393953800,-0.000001431,0.000001431,0.000063950,true
000,91,1,23.748291016,23.748252869,-0.000038147,0.000038147,0.000237493,true
000,91,2,-28.691783905,-28.691722870,0.000061035,0.000061035,0.000286928,true
000,91,3,13.802215576,13.802225113,0.000009537,0.000009537,0.000138032,true
000,91,4,-2.256443977,-2.256443977,0.000000000,0.000000000,0.000022574,true
000,91,5,62.585163116,62.585151672,-0.000011444,0.000011444,0.000625862,true
000,92,0,-6.278114319,-6.278115273,-0.000000954,0.000000954,0.000062791,true
000,92,1,24.710411072,24.710388184,-0.000022888,0.000022888,0.000247114,true
000,92,2,-30.245754242,-30.245754242,0.000000000,0.000000000,0.000302468,true
000,92,3,13.826344490,13.826333046,-0.000011444,0.000011444,0.000138273,true
000,92,4,-2.217482090,-2.217481136,0.000000954,0.000000954,0.000022185,true
000,92,5,62.509696960,62.509696960,0.000000000,0.000000000,0.000625107,true
000,93,0,-6.254015446,-6.254019737,-0.000004292,0.000004292,0.000062550,true
000,93,1,25.516174316,25.516204834,0.000030518,0.000030518,0.000255172,true
000,93,2,-31.540500641,-31.540523529,-0.000022888,0.000022888,0.000315415,true
000,93,3,13.824273109,13.824280739,0.000007629,0.000007629,0.000138253,true
000,93,4,-2.186921358,-2.186921358,0.000000000,0.000000000,0.000021879,true
000,93,5,62.343200684,62.343204498,0.000003815,0.000003815,0.000623442,true
000,94,0,-6.284469604,-6.284470558,-0.000000954,0.000000954,0.000062855,true
000,94,1,25.680664062,25.680633545,-0.000030518,0.000030518,0.000256817,true
000,94,2,-31.882305145,-31.882305145,0.000000000,0.000000000,0.000318833,true
000,94,3,13.862524033,13.862515450,-0.000008583,0.000008583,0.000138635,true
000,94,4,-2.150193453,-2.150193930,-0.000000477,0.000000477,0.000021512,true
000,94,5,62.188049316,62.188045502,-0.000003815,0.000003815,0.000621890,true
000,95,0,-6.216526508,-6.216530800,-0.000004292,0.000004292,0.000062175,true
000,95,1,25.982948303,25.982910156,-0.000038147,0.000038147,0.000259839,true
000,95,2,-32.454669952,-32.454669952,0.000000000,0.000000000,0.000324557,true
000,95,3,13.864726067,13.864732742,0.000006676,0.000006676,0.000138657,true
000,95,4,-2.082079411,-2.082080603,-0.000001192,0.000001192,0.000020831,true
000,95,5,62.159881592,62.159881592,0.000000000,0.000000000,0.000621609,true
000,96,0,-6.059011459,-6.059012890,-0.000001431,0.000001431,0.000060600,true
000,96,1,26.371948242,26.371932983,-0.000015259,0.000015259,0.000263729,true
000,96,2,-33.132770538,-33.132778168,-0.000007629,0.000007629,0.000331338,true
000,96,3,13.793411255,13.793413162,0.000001907,0.000001907,0.000137944,true
000,96,4,-2.014347315,-2.014348269,-0.000000954,0.000000954,0.000020153,true
000,96,5,62.074630737,62.074626923,-0.000003815,0.000003815,0.000620756,true
000,97,0,-6.101284504,-6.101286411,-0.000001907,0.000001907,0.000061023,true
000,97,1,26.345291138,26.345314026,0.000022888,0.000022888,0.000263463,true
000,97,2,-33.101558685,-33.101581573,-0.000022888,0.000022888,0.000331026,true
000,97,3,13.806352615,13.806351662,-0.000000954,0.000000954,0.000138074,true
000,97,4,-1.911869764,-1.911869287,0.000000477,0.000000477,0.000019129,true
000,97,5,61.740055084,61.740051270,-0.000003815,0.000003815,0.000617411,true
000,98,0,-6.091968060,-6.091968060,0.000000000,0.000000000,0.000060930,true
000,98,1,26.756179810,26.756202698,0.000022888,0.000022888,0.000267572,true
000,98,2,-33.726200104,-33.726207733,-0.000007629,0.000007629,0.000337272,true
000,98,3,13.763137817,13.763133049,-0.000004768,0.000004768,0.000137641,true
000,98,4,-1.785837173,-1.785838366,-0.000001192,0.000001192,0.000017868,true
000,98,5,61.059696198,61.059700012,0.000003815,0.000003815,0.000610607,true
000,99,0,-6.021169662,-6.021169186,0.000000477,0.000000477,0.000060222,true
000,99,1,26.951255798,26.951232910,-0.000022888,0.000022888,0.000269523,true
000,99,2,-34.103206635,-34.103229523,-0.000022888,0.000022888,0.000341042,true
000,99,3,13.639868736,13.639873505,0.000004768,0.000004768,0.000136409,true
000,99,4,-1.708687782,-1.708687782,0.000000000,0.000000000,0.000017097,true
000,99,5,60.714851379,60.714859009,0.000007629,0.000007629,0.000607159,true
001,0,0,-8.306033134,-8.306035995,-0.000002861,0.000002861,0.000083070,true
001,0,1,-6.520919800,-6.520931244,-0.000011444,0.000011444,0.000065219,true
001,0,2,9.523948669,9.523983002,0.000034332,0.000034332,0.000095249,true
001,0,3,10.043050766,10.043025970,-0.000024796,0.000024796,0.000100441,true
001,0,4,-1.975337267,-1.975337267,0.000000000,0.000000000,0.000019763,true
001,0,5,62.720268250,62.720283508,0.000015259,0.000015259,0.000627213,true
001,1,0,-8.173223495,-8.173222542,0.000000954,0.000000954,0.000081742,true
001,1,1,-5.052509308,-5.052444458,0.000064850,0.000064850,0.000050535,false
001,1,2,7.886489868,7.886417389,-0.000072479,0.000072479,0.000078875,true
001,1,3,10.281669617,10.281671524,0.000001907,0.000001907,0.000102827,true
001,1,4,-1.937831163,-1.937832355,-0.000001192,0.000001192,0.000019388,true
001,1,5,62.620479584,62.620498657,0.000019073,0.000019073,0.000626215,true
001,2,0,-7.981183529,-7.981183052,0.000000477,0.000000477,0.000079822,true
001,2,1,-3.684783936,-3.684768677,0.000015259,0.000015259,0.000036858,true
001,2,2,6.462936401,6.462924957,-0.000011444,0.000011444,0.000064639,true
001,2,3,10.447864532,10.447854996,-0.000009537,0.000009537,0.000104489,true
001,2,4,-1.909468412,-1.909468412,0.000000000,0.000000000,0.000019105,true
001,2,5,62.564857483,62.564865112,0.000007629,0.000007629,0.000625659,true
001,3,0,-7.893024445,-7.893024445,0.000000000,0.000000000,0.000078940,true
001,3,1,-2.996948242,-2.996875763,0.000072479,0.000072479,0.000029979,false
001,3,2,5.569255829,5.569210052,-0.000045776,0.000045776,0.000055703,true
001,3,3,10.472637177,10.472637177,0.000000000,0.000000000,0.000104736,true
001,3,4,-1.889047146,-1.889045954,0.000001192,0.000001192,0.000018900,true
001,3,5,62.635253906,62.635276794,0.000022888,0.000022888,0.000626363,true
001,4,0,-7.786483765,-7.786483765,0.000000000,0.000000000,0.000077875,true
001,4,1,-2.260318756,-2.260326385,-0.000007629,0.000007629,0.000022613,true
001,4,2,4.632244110,4.632247925,0.000003815,0.000003815,0.000046332,true
001,4,3,10.616079330,10.616077423,-0.000001907,0.000001907,0.000106171,true
001,4,4,-1.871772528,-1.871773958,-0.000001431,0.000001431,0.000018728,true
001,4,5,62.619514465,62.619522095,0.000007629,0.000007629,0.000626205,true
001,5,0,-7.578357697,-7.578360558,-0.000002861,0.000002861,0.000075794,true
001,5,1,-0.702716827,-0.702690125,0.000026703,0.000026703,0.000007037,false
001,5,2,2.922832489,2.922813416,-0.000019073,0.000019073,0.000029238,true
001,5,3,10.791360855,10.791357040,-0.000003815,0.000003815,0.000107924,true
001,5,4,-1.879669189,-1.879669666,-0.000000477,0.000000477,0.000018807,true
001,5,5,62.608089447,62.608116150,0.000026703,0.000026703,0.000626091,true
001,6,0,-7.505724907,-7.505725384,-0.000000477,0.000000477,0.000075067,true
001,6,1,-0.000774384,-0.000728607,0.000045776,0.000045776,0.000000018,false
001,6,2,2.030937195,2.030872345,-0.000064850,0.000064850,0.000020319,false
001,6,3,10.778097153,10.778104782,0.000007629,0.000007629,0.000107791,true
001,6,4,-1.880959272,-1.880958080,0.000001192,0.000001192,0.000018820,true
001,6,5,62.686447144,62.686462402,0.000015259,0.000015259,0.000626874,true
001,7,0,-7.383945465,-7.383947372,-0.000001907,0.000001907,0.000073849,true
001,7,1,0.894428253,0.894435883,0.000007629,0.000007629,0.000008954,true
001,7,2,0.968524933,0.968486786,-0.000038147,0.000038147,0.000009695,false
001,7,3,11.072090149,11.072076797,-0.000013351,0.000013351,0.000110731,true
001,7,4,-1.895754099,-1.895757675,-0.000003576,0.000003576,0.000018968,true
001,7,5,62.588172913,62.588188171,0.000015259,0.000015259,0.000625892,true
001,8,0,-7.210769176,-7.210771561,-0.000002384,0.000002384,0.000072118,true
001,8,1,2.213390350,2.213394165,0.000003815,0.000003815,0.000022144,true
001,8,2,-0.603160858,-0.603176117,-0.000015259,0.000015259,0.000006042,false
001,8,3,11.294366837,11.294368744,0.000001907,0.000001907,0.000112954,true
001,8,4,-1.961960554,-1.961960793,-0.000000238,0.000000238,0.000019630,true
001,8,5,62.612411499,62.612419128,0.000007629,0.000007629,0.000626134,true
001,9,0,-7.125893593,-7.125892639,0.000000954,0.000000954,0.000071269,true
001,9,1,2.818428040,2.818458557,0.000030518,0.000030518,0.000028194,false
001,9,2,-1.330005646,-1.330005646,0.000000000,0.000000000,0.000013310,true
001,9,3,11.463197708,11.463195801,-0.000001907,0.000001907,0.000114642,true
001,9,4,-1.989991188,-1.989992380,-0.000001192,0.000001192,0.000019910,true
001,9,5,62.641685486,62.641708374,0.000022888,0.000022888,0.000626427,true
001,10,0,-6.965584755,-6.965583801,0.000000954,0.000000954,0.000069666,true
001,10,1,4.270309448,4.270347595,0.000038147,0.000038147,0.000042713,true
001,10,2,-2.994026184,-2.994079590,-0.000053406,0.000053406,0.000029950,false
001,10,3,11.716625214,11.716621399,-0.000003815,0.000003815,0.000117176,true
001,10,4,-2.007374525,-2.007373810,0.000000715,0.000000715,0.000020084,true
001,10,5,62.625469208,62.625480652,0.000011444,0.000011444,0.000626265,true
001,11,0,-6.878470421,-6.878472328,-0.000001907,0.000001907,0.000068795,true
001,11,1,4.837108612,4.837123871,0.000015259,0.000015259,0.000048381,true
001,11,2,-3.780822754,-3.780826569,-0.000003815,0.000003815,0.000037818,true
001,11,3,12.127256393,12.127260208,0.000003815,0.000003815,0.000121283,true
001,11,4,-2.079840183,-2.079841852,-0.000001669,0.000001669,0.000020808,true
001,11,5,62.667419434,62.667438507,0.000019073,0.000019073,0.000626684,true
001,12,0,-6.731132984,-6.731135845,-0.000002861,0.000002861,0.000067321,true
001,12,1,5.693786621,5.693767548,-0.000019073,0.000019073,0.000056948,true
001,12,2,-4.854564667,-4.854553223,0.000011444,0.000011444,0.000048556,true
001,12,3,12.270980835,12.270986557,0.000005722,0.000005722,0.000122720,true
001,12,4,-2.097064495,-2.097065687,-0.000001192,0.000001192,0.000020981,true
001,12,5,62.628448486,62.628463745,0.000015259,0.000015259,0.000626294,true
001,13,0,-6.671620846,-6.671622276,-0.000001431,0.000001431,0.000066726,true
001,13,1,6.987194061,6.987277985,0.000083923,0.000083923,0.000069882,false
001,13,2,-6.426418304,-6.426479340,-0.000061035,0.000061035,0.000064274,true
001,13,3,12.439655304,12.439651489,-0.000003815,0.000003815,0.000124407,true
001,13,4,-2.136025429,-2.136023998,0.000001431,0.000001431,0.000021370,true
001,13,5,62.829627991,62.829639435,0.000011444,0.000011444,0.000628306,true
001,14,0,-6.631481171,-6.631481171,0.000000000,0.000000000,0.000066325,true
001,14,1,7.860321045,7.860355377,0.000034332,0.000034332,0.000078613,true
001,14,2,-7.546676636,-7.546703339,-0.000026703,0.000026703,0.000075477,true
001,14,3,12.597548485,12.597561836,0.000013351,0.000013351,0.000125985,true
001,14,4,-2.115505219,-2.115507603,-0.000002384,0.000002384,0.000021165,true
001,14,5,62.916538239,62.916553497,0.000015259,0.000015259,0.000629175,true
001,15,0,-6.572568893,-6.572574139,-0.000005245,0.000005245,0.000065736,true
001,15,1,8.596885681,8.596847534,-0.000038147,0.000038147,0.000085979,true
001,15,2,-8.502143860,-8.502109528,0.000034332,0.000034332,0.000085031,true
001,15,3,12.711415291,12.711418152,0.000002861,0.000002861,0.000127124,true
001,15,4,-2.156211853,-2.156213999,-0.000002146,0.000002146,0.000021572,true
001,15,5,63.028694153,63.028701782,0.000007629,0.000007629,0.000630297,true
001,16,0,-6.512623787,-6.512627602,-0.000003815,0.000003815,0.000065136,true
001,16,1,9.725723267,9.725723267,0.000000000,0.000000000,0.000097267,true
001,16,2,-9.808517456,-9.808502197,0.000015259,0.000015259,0.000098095,true
001,16,3,12.805403709,12.805393219,-0.000010490,0.000010490,0.000128064,true
001,16,4,-2.153095007,-2.153096914,-0.000001907,0.000001907,0.000021541,true
001,16,5,63.001091003,63.001102448,0.000011444,0.000011444,0.000630021,true
001,17,0,-6.500341415,-6.500343323,-0.000001907,0.000001907,0.000065013,true
001,17,1,10.365722656,10.365753174,0.000030518,0.000030518,0.000103667,true
001,17,2,-10.628265381,-10.628288269,-0.000022888,0.000022888,0.000106293,true
001,17,3,12.817599297,12.817592621,-0.000006676,0.000006676,0.000128186,true
001,17,4,-2.169511795,-2.169513702,-0.000001907,0.000001907,0.000021705,true
001,17,5,63.004482269,63.004493713,0.000011444,0.000011444,0.000630055,true
001,18,0,-6.420725346,-6.420728207,-0.000002861,0.000002861,0.000064217,true
001,18,1,11.829978943,11.829963684,-0.000015259,0.000015259,0.000118310,true
001,18,2,-12.322105408,-12.322093964,0.000011444,0.000011444,0.000123231,true
001,18,3,12.970998764,12.971010208,0.000011444,0.000011444,0.000129720,true
001,18,4,-2.179701328,-2.179705858,-0.000004530,0.000004530,0.000021807,true
001,18,5,63.116119385,63.116134644,0.000015259,0.000015259,0.000631171,true
001,19,0,-6.398002148,-6.398005486,-0.000003338,0.000003338,0.000063990,true
001,19,1,12.215896606,12.215888977,-0.000007629,0.000007629,0.000122169,true
001,19,2,-12.754314423,-12.754337311,-0.000022888,0.000022888,0.000127553,true
001,19,3,13.042744637,13.042741776,-0.000002861,0.000002861,0.000130437,true
001,19,4,-2.178847313,-2.178848267,-0.000000954,0.000000954,0.000021798,true
001,19,5,63.088981628,63.088981628,0.000000000,0.000000000,0.000630900,true
001,20,0,-6.353423595,-6.353426933,-0.000003338,0.000003338,0.000063544,true
001,20,1,13.531959534,13.531959534,0.000000000,0.000000000,0.000135330,true
001,20,2,-14.406166077,-14.406181335,-0.000015259,0.000015259,0.000144072,true
001,20,3,13.098622322,13.098614693,-0.000007629,0.000007629,0.000130996,true
001,20,4,-2.184674025,-2.184676170,-0.000002146,0.000002146,0.000021857,true
001,20,5,63.334297180,63.334304810,0.000007629,0.000007629,0.000633353,true
001,21,0,-6.298547745,-6.298549652,-0.000001907,0.000001907,0.000062995,true
001,21,1,14.264526367,14.264503479,-0.000022888,0.000022888,0.000142655,true
001,21,2,-15.366725922,-15.366718292,0.000007629,0.000007629,0.000153677,true
001,21,3,13.247346878,13.247352600,0.000005722,0.000005722,0.000132483,true
001,21,4,-2.214225769,-2.214229107,-0.000003338,0.000003338,0.000022152,true
001,21,5,63.329765320,63.329765320,0.000000000,0.000000000,0.000633308,true
001,22,0,-6.279519081,-6.279523849,-0.000004768,0.000004768,0.000062805,true
001,22,1,14.666900635,14.666893005,-0.000007629,0.000007629,0.000146679,true
001,22,2,-16.042934418,-16.042922974,0.000011444,0.000011444,0.000160439,true
001,22,3,13.300938606,13.300949097,0.000010490,0.000010490,0.000133019,true
001,22,4,-2.183694601,-2.183695793,-0.000001192,0.000001192,0.000021847,true
001,22,5,63.258262634,63.258270264,0.000007629,0.000007629,0.000632593,true
001,23,0,-6.300046921,-6.300051689,-0.000004768,0.000004768,0.000063010,true
001,23,1,15.948173523,15.948188782,0.000015259,0.000015259,0.000159492,true
001,23,2,-17.580921173,-17.580944061,-0.000022888,0.000022888,0.000175819,true
001,23,3,13.338763237,13.338756561,-0.000006676,0.000006676,0.000133398,true
001,23,4,-2.200266361,-2.200266361,0.000000000,0.000000000,0.000022013,true
001,23,5,63.524421692,63.524436951,0.000015259,0.000015259,0.000635254,true
001,24,0,-6.248908043,-6.248909950,-0.000001907,0.000001907,0.000062499,true
001,24,1,16.384254456,16.384223938,-0.000030518,0.000030518,0.000163853,true
001,24,2,-18.166694641,-18.166698456,-0.000003815,0.000003815,0.000181677,true
001,24,3,13.361412048,13.361413002,0.000000954,0.000000954,0.000133624,true
001,24,4,-2.206365347,-2.206368923,-0.000003576,0.000003576,0.000022074,true
001,24,5,63.345382690,63.345382690,0.000000000,0.000000000,0.000633464,true
001,25,0,-6.309073925,-6.309077263,-0.000003338,0.000003338,0.000063101,true
001,25,1,16.831405640,16.831359863,-0.000045776,0.000045776,0.000168324,true
001,25,2,-18.843875885,-18.843929291,-0.000053406,0.000053406,0.000188449,true
001,25,3,13.360397339,13.360404015,0.000006676,0.000006676,0.000133614,true
001,25,4,-2.179714441,-2.179718494,-0.000004053,0.000004053,0.000021807,true
001,25,5,63.518192291,63.518211365,0.000019073,0.000019073,0.000635192,true
001,26,0,-6.265151024,-6.265154839,-0.000003815,0.000003815,0.000062662,true
001,26,1,17.500160217,17.500167847,0.000007629,0.000007629,0.000175012,true
001,26,2,-19.726524353,-19.726543427,-0.000019073,0.000019073,0.000197275,true
001,26,3,13.462163925,13.462149620,-0.000014305,0.000014305,0.000134632,true
001,26,4,-2.195635796,-2.195636511,-0.000000715,0.000000715,0.000021966,true
001,26,5,63.340103149,63.340106964,0.000003815,0.000003815,0.000633411,true
001,27,0,-6.289122581,-6.289125443,-0.000002861,0.000002861,0.000062901,true
001,27,1,18.493377686,18.493354797,-0.000022888,0.000022888,0.000184944,true
001,27,2,-21.078598022,-21.078594208,0.000003815,0.000003815,0.000210796,true
001,27,3,13.443017006,13.443021774,0.000004768,0.000004768,0.000134440,true
001,27,4,-2.185415506,-2.185417652,-0.000002146,0.000002146,0.000021864,true
001,27,5,63.403549194,63.403568268,0.000019073,0.000019073,0.000634045,true
001,28,0,-6.298351288,-6.298353672,-0.000002384,0.000002384,0.000062994,true
001,28,1,19.150497437,19.150535583,0.000038147,0.000038147,0.000191515,true
001,28,2,-22.026622772,-22.026668549,-0.000045776,0.000045776,0.000220276,true
001,28,3,13.584419250,13.584415436,-0.000003815,0.000003815,0.000135854,true
001,28,4,-2.182748318,-2.182749987,-0.000001669,0.000001669,0.000021837,true
001,28,5,63.349052429,63.349067688,0.000015259,0.000015259,0.000633501,true
001,29,0,-6.290834904,-6.290840149,-0.000005245,0.000005245,0.000062918,true
001,29,1,19.237541199,19.237609863,0.000068665,0.000068665,0.000192385,true
001,29,2,-22.274654388,-22.274677277,-0.000022888,0.000022888,0.000222757,true
001,29,3,13.561991692,13.561985016,-0.000006676,0.000006676,0.000135630,true
001,29,4,-2.154475927,-2.154476643,-0.000000715,0.000000715,0.000021555,true
001,29,5,63.425178528,63.425182343,0.000003815,0.000003815,0.000634262,true
001,30,0,-6.234579563,-6.234580994,-0.000001431,0.000001431,0.000062356,true
001,30,1,19.939796448,19.939773560,-0.000022888,0.000022888,0.000199408,true
001,30,2,-23.197704315,-23.197704315,0.000000000,0.000000000,0.000231987,true
001,30,3,13.548074722,13.548061371,-0.000013351,0.000013351,0.000135491,true
001,30,4,-2.156928301,-2.156930208,-0.000001907,0.000001907,0.000021579,true
001,30,5,63.430282593,63.430297852,0.000015259,0.000015259,0.000634313,true
001,31,0,-6.256485939,-6.256485462,0.000000477,0.000000477,0.000062575,true
001,31,1,20.766777039,20.766792297,0.000015259,0.000015259,0.000207678,true
001,31,2,-24.288562775,-24.288570404,-0.000007629,0.000007629,0.000242896,true
001,31,3,13.616731644,13.616734505,0.000002861,0.000002861,0.000136177,true
001,31,4,-2.186157942,-2.186159611,-0.000001669,0.000001669,0.000021872,true
001,31,5,63.258171082,63.258178711,0.000007629,0.000007629,0.000632592,true
001,32,0,-6.231609344,-6.231614113,-0.000004768,0.000004768,0.000062326,true
001,32,1,20.998214722,20.998191833,-0.000022888,0.000022888,0.000209992,true
001,32,2,-24.678592682,-24.678630829,-0.000038147,0.000038147,0.000246796,true
001,32,3,13.615365028,13.615366936,0.000001907,0.000001907,0.000136164,true
001,32,4,-2.178766012,-2.178768158,-0.000002146,0.000002146,0.000021798,true
001,32,5,63.092498779,63.092502594,0.000003815,0.000003815,0.000630935,true
001,33,0,-6.270695686,-6.270699024,-0.000003338,0.000003338,0.000062717,true
001,33,1,22.125610352,22.125602722,-0.000007629,0.000007629,0.000221266,true
001,33,2,-26.242763519,-26.242748260,0.000015259,0.000015259,0.000262438,true
001,33,3,13.579831123,13.579829216,-0.000001907,0.000001907,0.000135808,true
001,33,4,-2.226033926,-2.226039886,-0.000005960,0.000005960,0.000022270,true
001,33,5,62.907825470,62.907821655,-0.000003815,0.000003815,0.000629088,true
001,34,0,-6.213914394,-6.213917732,-0.000003338,0.000003338,0.000062149,true
001,34,1,22.692924500,22.692924500,0.000000000,0.000000000,0.000226939,true
001,34,2,-27.057125092,-27.057170868,-0.000045776,0.000045776,0.000270581,true
001,34,3,13.675001144,13.674989700,-0.000011444,0.000011444,0.000136760,true
001,34,4,-2.224287510,-2.224287033,0.000000477,0.000000477,0.000022253,true
001,34,5,62.596275330,62.596282959,0.000007629,0.000007629,0.000625973,true
001,35,0,-6.195403099,-6.195405960,-0.000002861,0.000002861,0.000061964,true
001,35,1,23.015174866,23.015113831,-0.000061035,0.000061035,0.000230162,true
001,35,2,-27.581676483,-27.581645966,0.000030518,0.000030518,0.000275827,true
001,35,3,13.616973877,13.616974831,0.000000954,0.000000954,0.000136180,true
001,35,4,-2.208839417,-2.208840847,-0.000001431,0.000001431,0.000022098,true
001,35,5,62.029964447,62.029968262,0.000003815,0.000003815,0.000620310,true
001,36,0,-6.116292000,-6.116292953,-0.000000954,0.000000954,0.000061173,true
001,36,1,23.756721497,23.756713867,-0.000007629,0.000007629,0.000237577,true
001,36,2,-28.748157501,-28.748157501,0.000000000,0.000000000,0.000287492,true
001,36,3,13.645767212,13.645760536,-0.000006676,0.000006676,0.000136468,true
001,36,4,-2.186179638,-2.186178684,0.000000954,0.000000954,0.000021872,true
001,36,5,60.738456726,60.738445282,-0.000011444,0.000011444,0.000607395,true
001,37,0,-6.112739086,-6.112742901,-0.000003815,0.000003815,0.000061137,true
001,37,1,23.990829468,23.990798950,-0.000030518,0.000030518,0.000239918,true
001,37,2,-29.156307220,-29.156307220,0.000000000,0.000000000,0.000291573,true
001,37,3,13.639086723,13.639076233,-0.000010490,0.000010490,0.000136401,true
001,37,4,-2.055677176,-2.055679321,-0.000002146,0.000002146,0.000020567,true
001,37,5,60.107452393,60.107467651,0.000015259,0.000015259,0.000601085,true
001,38,0,-6.050832272,-6.050833702,-0.000001431,0.000001431,0.000060518,true
001,38,1,24.281661987,24.281646729,-0.000015259,0.000015259,0.000242827,true
001,38,2,-29.723026276,-29.723003387,0.000022888,0.000022888,0.000297240,true
001,38,3,13.731282234,13.731285095,0.000002861,0.000002861,0.000137323,true
001,38,4,-1.972212553,-1.972214699,-0.000002146,0.000002146,0.000019732,true
001,38,5,59.044784546,59.044773102,-0.000011444,0.000011444,0.000590458,true
001,39,0,-5.966900826,-5.966904163,-0.000003338,0.000003338,0.000059679,true
001,39,1,24.644416809,24.644386292,-0.000030518,0.000030518,0.000246454,true
001,39,2,-30.341007233,-30.340984344,0.000022888,0.000022888,0.000303420,true
001,39,3,13.761749268,13.761760712,0.000011444,0.000011444,0.000137627,true
001,39,4,-1.813648701,-1.813649654,-0.000000954,0.000000954,0.000018146,true
001,39,5,57.694442749,57.694416046,-0.000026703,0.000026703,0.000576954,true
001,40,0,-5.923287392,-5.923286915,0.000000477,0.000000477,0.000059243,true
001,40,1,24.653984070,24.653907776,-0.000076294,0.000076294,0.000246550,true
001,40,2,-30.618923187,-30.618854523,0.000068665,0.000068665,0.000306199,true
001,40,3,13.863797188,13.863808632,0.000011444,0.000011444,0.000138648,true
001,40,4,-1.584989548,-1.584990740,-0.000001192,0.000001192,0.000015860,true
001,40,5,56.115524292,56.115516663,-0.000007629,0.000007629,0.000561165,true
001,41,0,-5.865060806,-5.865064144,-0.000003338,0.000003338,0.000058661,true
001,41,1,24.740699768,24.740715027,0.000015259,0.000015259,0.000247417,true
001,41,2,-30.954677582,-30.954708099,-0.000030518,0.000030518,0.000309557,true
001,41,3,13.942343712,13.942334175,-0.000009537,0.000009537,0.000139433,true
001,41,4,-1.231491327,-1.231489658,0.000001669,0.000001669,0.000012325,true
001,41,5,54.088329315,54.088310242,-0.000019073,0.000019073,0.000540893,true
001,42,0,-5.825063705,-5.825062752,0.000000954,0.000000954,0.000058261,true
001,42,1,24.769187927,24.769149780,-0.000038147,0.000038147,0.000247702,true
001,42,2,-31.121158600,-31.121143341,0.000015259,0.000015259,0.000311222,true
001,42,3,13.899808884,13.899811745,0.000002861,0.000002861,0.000139008,true
001,42,4,-1.002968550,-1.002967596,0.000000954,0.000000954,0.000010040,true
001,42,5,52.766338348,52.766326904,-0.000011444,0.000011444,0.000527673,true
001,43,0,-5.729033947,-5.729032993,0.000000954,0.000000954,0.000057300,true
001,43,1,24.260398865,24.260398865,0.000000000,0.000000000,0.000242614,true
001,43,2,-30.573657990,-30.573650360,0.000007629,0.000007629,0.000305747,true
001,43,3,14.002724648,14.002732277,0.000007629,0.000007629,0.000140037,true
001,43,4,-0.669930458,-0.669930458,0.000000000,0.000000000,0.000006709,true
001,43,5,49.720249176,49.720230103,-0.000019073,0.000019073,0.000497212,true
001,44,0,-5.724652767,-5.724649906,0.000002861,0.000002861,0.000057257,true
001,44,1,24.342826843,24.342887878,0.000061035,0.000061035,0.000243438,true
001,44,2,-30.641887665,-30.641872406,0.000015259,0.000015259,0.000306429,true
001,44,3,13.940516472,13.940519333,0.000002861,0.000002861,0.000139415,true
001,44,4,-0.525846720,-0.525846720,0.000000000,0.000000000,0.000005268,true
001,44,5,47.902313232,47.902320862,0.000007629,0.000007629,0.000479033,true
001,45,0,-5.659887791,-5.659887791,0.000000000,0.000000000,0.000056609,true
001,45,1,24.279342651,24.279289246,-0.000053406,0.000053406,0.000242803,true
001,45,2,-30.619556427,-30.619586945,-0.000030518,0.000030518,0.000306206,true
001,45,3,13.931547165,13.931544304,-0.000002861,0.000002861,0.000139325,true
001,45,4,-0.370777369,-0.370772362,0.000005007,0.000005007,0.000003718,false
001,45,5,45.903934479,45.903892517,-0.000041962,0.000041962,0.000459049,true
001,46,0,-5.623441219,-5.623438835,0.000002384,0.000002384,0.000056244,true
001,46,1,24.326385498,24.326339722,-0.000045776,0.000045776,0.000243274,true
001,46,2,-30.625919342,-30.625926971,-0.000007629,0.000007629,0.000306269,true
001,46,3,13.945953369,13.945967674,0.000014305,0.000014305,0.000139470,true
001,46,4,-0.312090397,-0.312092066,-0.000001669,0.000001669,0.000003131,true
001,46,5,45.504043579,45.504142761,0.000099182,0.000099182,0.000455050,true
001,47,0,-5.591400146,-5.591399193,0.000000954,0.000000954,0.000055924,true
001,47,1,24.248626709,24.248672485,0.000045776,0.000045776,0.000242496,true
001,47,2,-30.465808868,-30.465824127,-0.000015259,0.000015259,0.000304668,true
001,47,3,13.989970207,13.989965439,-0.000004768,0.000004768,0.000139910,true
001,47,4,-0.247798681,-0.247796535,0.000002146,0.000002146,0.000002488,true
001,47,5,43.907917023,43.907951355,0.000034332,0.000034332,0.000439089,true
001,48,0,-5.675420284,-5.675419331,0.000000954,0.000000954,0.000056764,true
001,48,1,23.966804504,23.966804504,0.000000000,0.000000000,0.000239678,true
001,48,2,-30.150493622,-30.150508881,-0.000015259,0.000015259,0.000301515,true
001,48,3,13.947900772,13.947907448,0.000006676,0.000006676,0.000139489,true
001,48,4,-0.233077526,-0.233077049,0.000000477,0.000000477,0.000002341,true
001,48,5,39.786266327,39.786334991,0.000068665,0.000068665,0.000397873,true
001,49,0,-5.624249458,-5.624251366,-0.000001907,0.000001907,0.000056252,true
001,49,1,24.026397705,24.026405334,0.000007629,0.000007629,0.000240274,true
001,49,2,-30.232868195,-30.232906342,-0.000038147,0.000038147,0.000302339,true
001,49,3,13.944082260,13.944082260,0.000000000,0.000000000,0.000139451,true
001,49,4,-0.172303677,-0.172303677,0.000000000,0.000000000,0.000001733,true
001,49,5,39.718383789,39.718357086,-0.000026703,0.000026703,0.000397194,true
001,50,0,-5.591962814,-5.591964722,-0.000001907,0.000001907,0.000055930,true
001,50,1,24.085075378,24.085067749,-0.000007629,0.000007629,0.000240861,true
001,50,2,-30.172908783,-30.172855377,0.000053406,0.000053406,0.000301739,true
001,50,3,13.967726707,13.967730522,0.000003815,0.000003815,0.000139687,true
001,50,4,-0.175364494,-0.175366879,-0.000002384,0.000002384,0.000001764,false
001,50,5,37.903060913,37.903018951,-0.000041962,0.000041962,0.000379041,true
001,51,0,-5.660703659,-5.660701752,0.000001907,0.000001907,0.000056617,true
001,51,1,23.846321106,23.846366882,0.000045776,0.000045776,0.000238473,true
001,51,2,-29.836696625,-29.836719513,-0.000022888,0.000022888,0.000298377,true
001,51,3,13.911188126,13.911186218,-0.000001907,0.000001907,0.000139122,true
001,51,4,-0.170814037,-0.170815468,-0.000001431,0.000001431,0.000001718,true
001,51,5,35.379611969,35.379623413,0.000011444,0.000011444,0.000353806,true
001,52,0,-5.563389301,-5.563390732,-0.000001431,0.000001431,0.000055644,true
001,52,1,24.019538879,24.019569397,0.000030518,0.000030518,0.000240205,true
001,52,2,-29.839908600,-29.839954376,-0.000045776,0.000045776,0.000298409,true
001,52,3,13.889937401,13.889932632,-0.000004768,0.000004768,0.000138909,true
001,52,4,-0.184262753,-0.184263706,-0.000000954,0.000000954,0.000001853,true
001,52,5,35.434242249,35.434265137,0.000022888,0.000022888,0.000354352,true
001,53,0,-5.572579861,-5.572580338,-0.000000477,0.000000477,0.000055736,true
001,53,1,23.953292847,23.953338623,0.000045776,0.000045776,0.000239543,true
001,53,2,-29.731578827,-29.731594086,-0.000015259,0.000015259,0.000297326,true
001,53,3,13.937264442,13.937264442,0.000000000,0.000000000,0.000139383,true
001,53,4,-0.220090151,-0.220090151,0.000000000,0.000000000,0.000002211,true
001,53,5,33.596267700,33.596199036,-0.000068665,0.000068665,0.000335973,true
001,54,0,-5.614884377,-5.614884853,-0.000000477,0.000000477,0.000056159,true
001,54,1,23.952056885,23.952049255,-0.000007629,0.000007629,0.000239531,true
001,54,2,-29.653469086,-29.653491974,-0.000022888,0.000022888,0.000296545,true
001,54,3,13.838661194,13.838670731,0.000009537,0.000009537,0.000138397,true
001,54,4,-0.219303131,-0.219304800,-0.000001669,0.000001669,0.000002203,true
001,54,5,30.933174133,30.933179855,0.000005722,0.000005722,0.000309342,true
001,55,0,-5.620240211,-5.620243073,-0.000002861,0.000002861,0.000056212,true
001,55,1,24.104110718,24.104125977,0.000015259,0.000015259,0.000241051,true
001,55,2,-29.738567352,-29.738574982,-0.000007629,0.000007629,0.000297396,true
001,55,3,13.815998077,13.815982819,-0.000015259,0.000015259,0.000138170,true
001,55,4,-0.224858761,-0.224856615,0.000002146,0.000002146,0.000002259,true
001,55,5,29.925222397,29.925189972,-0.000032425,0.000032425,0.000299262,true
001,56,0,-5.610145569,-5.610145092,0.000000477,0.000000477,0.000056111,true
001,56,1,24.003562927,24.003532410,-0.000030518,0.000030518,0.000240046,true
001,56,2,-29.596286774,-29.596286774,0.000000000,0.000000000,0.000295973,true
001,56,3,13.837443352,13.837450027,0.000006676,0.000006676,0.000138384,true
001,56,4,-0.238332510,-0.238332510,0.000000000,0.000000000,0.000002393,true
001,56,5,28.001150131,28.001173019,0.000022888,0.000022888,0.000280022,true
001,57,0,-5.572415829,-5.572413445,0.000002384,0.000002384,0.000055734,true
001,57,1,24.126266479,24.126274109,0.000007629,0.000007629,0.000241273,true
001,57,2,-29.666797638,-29.666782379,0.000015259,0.000015259,0.000296678,true
001,57,3,13.868897438,13.868892670,-0.000004768,0.000004768,0.000138699,true
001,57,4,-0.279165506,-0.279164553,0.000000954,0.000000954,0.000002802,true
001,57,5,26.904670715,26.904636383,-0.000034332,0.000034332,0.000269057,true
001,58,0,-5.528847694,-5.528847694,0.000000000,0.000000000,0.000055298,true
001,58,1,24.378219604,24.378250122,0.000030518,0.000030518,0.000243792,true
001,58,2,-29.806224823,-29.806232452,-0.000007629,0.000007629,0.000298072,true
001,58,3,13.872781754,13.872774124,-0.000007629,0.000007629,0.000138738,true
001,58,4,-0.275051594,-0.275049448,0.000002146,0.000002146,0.000002761,true
001,58,5,25.563566208,25.563564301,-0.000001907,0.000001907,0.000255646,true
001,59,0,-5.514650345,-5.514650345,0.000000000,0.000000000,0.000055157,true
001,59,1,24.375320435,24.375221252,-0.000099182,0.000099182,0.000243763,true
001,59,2,-29.774044037,-29.773998260,0.000045776,0.000045776,0.000297750,true
001,59,3,13.891275406,13.891280174,0.000004768,0.000004768,0.000138923,true
001,59,4,-0.308995247,-0.308998585,-0.000003338,0.000003338,0.000003100,false
001,59,5,22.941230774,22.941194534,-0.000036240,0.000036240,0.000229422,true
001,60,0,-5.412860394,-5.412857533,0.000002861,0.000002861,0.000054139,true
001,60,1,24.462677002,24.462631226,-0.000045776,0.000045776,0.000244637,true
001,60,2,-29.799442291,-29.799411774,0.000030518,0.000030518,0.000298004,true
001,60,3,13.907949448,13.907963753,0.000014305,0.000014305,0.000139089,true
001,60,4,-0.298715353,-0.298716307,-0.000000954,0.000000954,0.000002997,true
001,60,5,18.817588806,18.817550659,-0.000038147,0.000038147,0.000188186,true
001,61,0,-5.346470833,-5.346470833,0.000000000,0.000000000,0.000053475,true
001,61,1,24.585754395,24.585823059,0.000068665,0.000068665,0.000245868,true
001,61,2,-29.844310760,-29.844326019,-0.000015259,0.000015259,0.000298453,true
001,61,3,13.922785759,13.922783852,-0.000001907,0.000001907,0.000139238,true
001,61,4,-0.312973261,-0.312971115,0.000002146,0.000002146,0.000003140,true
001,61,5,17.214706421,17.214723587,0.000017166,0.000017166,0.000172157,true
001,62,0,-5.320679188,-5.320680618,-0.000001431,0.000001431,0.000053217,true
001,62,1,24.612174988,24.612197876,0.000022888,0.000022888,0.000246132,true
001,62,2,-29.716022491,-29.716007233,0.000015259,0.000015259,0.000297170,true
001,62,3,13.786694527,13.786684990,-0.000009537,0.000009537,0.000137877,true
001,62,4,-0.325962543,-0.325963736,-0.000001192,0.000001192,0.000003270,true
001,62,5,14.432266235,14.432312012,0.000045776,0.000045776,0.000144333,true
001,63,0,-5.185450554,-5.185450554,0.000000000,0.000000000,0.000051865,true
001,63,1,24.712234497,24.712211609,-0.000022888,0.000022888,0.000247132,true
001,63,2,-29.711528778,-29.711460114,0.000068665,0.000068665,0.000297125,true
001,63,3,13.863337517,13.863340378,0.000002861,0.000002861,0.000138643,true
001,63,4,-0.308178902,-0.308180571,-0.000001669,0.000001669,0.000003092,true
001,63,5,9.921249390,9.921306610,0.000057220,0.000057220,0.000099222,true
001,64,0,-5.058812618,-5.058813572,-0.000000954,0.000000954,0.000050598,true
001,64,1,24.758247375,24.758270264,0.000022888,0.000022888,0.000247592,true
001,64,2,-29.858493805,-29.858509064,-0.000015259,0.000015259,0.000298595,true
001,64,3,13.974640846,13.974631310,-0.000009537,0.000009537,0.000139756,true
001,64,4,-0.304420948,-0.304423332,-0.000002384,0.000002384,0.000003054,true
001,64,5,5.548358917,5.548416138,0.000057220,0.000057220,0.000055494,false
001,65,0,-4.925317764,-4.925319195,-0.000001431,0.000001431,0.000049263,true
001,65,1,24.880424500,24.880462646,0.000038147,0.000038147,0.000248814,true
001,65,2,-29.762645721,-29.762638092,0.000007629,0.000007629,0.000297636,true
001,65,3,13.942154884,13.942147255,-0.000007629,0.000007629,0.000139432,true
001,65,4,-0.298627377,-0.298628569,-0.000001192,0.000001192,0.000002996,true
001,65,5,3.120464325,3.120479584,0.000015259,0.000015259,0.000031215,true
001,66,0,-4.762100220,-4.762100220,0.000000000,0.000000000,0.000047631,true
001,66,1,25.145599365,25.145622253,0.000022888,0.000022888,0.000251466,true
001,66,2,-29.871639252,-29.871669769,-0.000030518,0.000030518,0.000298726,true
001,66,3,13.984261513,13.984250069,-0.000011444,0.000011444,0.000139853,true
001,66,4,-0.304350853,-0.304349899,0.000000954,0.000000954,0.000003054,true
001,66,5,1.101367950,1.101341248,-0.000026703,0.000026703,0.000011024,false
001,67,0,-4.577700138,-4.577701092,-0.000000954,0.000000954,0.000045787,true
001,67,1,25.145011902,25.145019531,0.000007629,0.000007629,0.000251460,true
001,67,2,-29.656940460,-29.656902313,0.000038147,0.000038147,0.000296579,true
001,67,3,13.838808060,13.838826180,0.000018120,0.000018120,0.000138398,true
001,67,4,-0.316863775,-0.316864252,-0.000000477,0.000000477,0.000003179,true
001,67,5,0.182456970,0.182472229,0.000015259,0.000015259,0.000001835,false
001,68,0,-4.427513123,-4.427512646,0.000000477,0.000000477,0.000044285,true
001,68,1,25.300346375,25.300384521,0.000038147,0.000038147,0.000253013,true
001,68,2,-29.449253082,-29.449291229,-0.000038147,0.000038147,0.000294503,true
001,68,3,13.612883568,13.612885475,0.000001907,0.000001907,0.000136139,true
001,68,4,-0.319904327,-0.319904327,0.000000000,0.000000000,0.000003209,true
001,68,5,0.190605164,0.190605164,0.000000000,0.000000000,0.000001916,true
001,69,0,-4.350214481,-4.350215912,-0.000001431,0.000001431,0.000043512,true
001,69,1,25.269905090,25.269920349,0.000015259,0.000015259,0.000252709,true
001,69,2,-29.450916290,-29.450916290,0.000000000,0.000000000,0.000294519,true
001,69,3,13.774504662,13.774513245,0.000008583,0.000008583,0.000137755,true
001,69,4,-0.344295740,-0.344296694,-0.000000954,0.000000954,0.000003453,true
001,69,5,0.223667145,0.223670959,0.000003815,0.000003815,0.000002247,false
001,70,0,-4.215612888,-4.215614796,-0.000001907,0.000001907,0.000042166,true
001,70,1,25.446525574,25.446479797,-0.000045776,0.000045776,0.000254475,true
001,70,2,-29.586315155,-29.586261749,0.000053406,0.000053406,0.000295873,true
001,70,3,13.792769432,13.792770386,0.000000954,0.000000954,0.000137938,true
001,70,4,-0.351221323,-0.351223469,-0.000002146,0.000002146,0.000003522,true
001,70,5,0.304458618,0.304458618,0.000000000,0.000000000,0.000003055,true
001,71,0,-4.094216347,-4.094217300,-0.000000954,0.000000954,0.000040952,true
001,71,1,25.579849243,25.579833984,-0.000015259,0.000015259,0.000255808,true
001,71,2,-29.971294403,-29.971256256,0.000038147,0.000038147,0.000299723,true
001,71,3,14.231346130,14.231343269,-0.000002861,0.000002861,0.000142323,true
001,71,4,-0.351728678,-0.351728201,0.000000477,0.000000477,0.000003527,true
001,71,5,0.406112671,0.406143188,0.000030518,0.000030518,0.000004071,false
001,72,0,-4.020519257,-4.020521164,-0.000001907,0.000001907,0.000040215,true
001,72,1,25.684631348,25.684638977,0.000007629,0.000007629,0.000256856,true
001,72,2,-30.293430328,-30.293430328,0.000000000,0.000000000,0.000302944,true
001,72,3,14.651316643,14.651330948,0.000014305,0.000014305,0.000146523,true
001,72,4,-0.350739241,-0.350739241,0.000000000,0.000000000,0.000003517,true
001,72,5,0.482482910,0.482463837,-0.000019073,0.000019073,0.000004835,false
001,73,0,-3.874435425,-3.874433994,0.000001431,0.000001431,0.000038754,true
001,73,1,25.534027100,25.534057617,0.000030518,0.000030518,0.000255350,true
001,73,2,-31.015293121,-31.015308380,-0.000015259,0.000015259,0.000310163,true
001,73,3,16.068744659,16.068763733,0.000019073,0.000019073,0.000160697,true
001,73,4,-0.349053621,-0.349053144,0.000000477,0.000000477,0.000003501,true
001,73,5,0.644355774,0.644317627,-0.000038147,0.000038147,0.000006454,false
001,74,0,-3.832761526,-3.832763672,-0.000002146,0.000002146,0.000038338,true
001,74,1,25.346794128,25.346755981,-0.000038147,0.000038147,0.000253478,true
001,74,2,-31.543445587,-31.543453217,-0.000007629,0.000007629,0.000315444,true
001,74,3,17.054031372,17.054019928,-0.000011444,0.000011444,0.000170550,true
001,74,4,-0.342289448,-0.342292309,-0.000002861,0.000002861,0.000003433,true
001,74,5,0.624767303,0.624794006,0.000026703,0.000026703,0.000006258,false
001,75,0,-3.661578417,-3.661576748,0.000001669,0.000001669,0.000036626,true
001,75,1,25.219444275,25.219497681,0.000053406,0.000053406,0.000252204,true
001,75,2,-33.310230255,-33.310268402,-0.000038147,0.000038147,0.000333112,true
001,75,3,20.001213074,20.001205444,-0.000007629,0.000007629,0.000200022,true
001,75,4,-0.344954252,-0.344954967,-0.000000715,0.000000715,0.000003460,true
001,75,5,0.738712311,0.738681793,-0.000030518,0.000030518,0.000007397,false
001,76,0,-3.644323349,-3.644324303,-0.000000954,0.000000954,0.000036453,true
001,76,1,24.747238159,24.747253418,0.000015259,0.000015259,0.000247482,true
001,76,2,-35.011493683,-35.011524200,-0.000030518,0.000030518,0.000350125,true
001,76,3,23.078655243,23.078641891,-0.000013351,0.000013351,0.000230797,true
001,76,4,-0.322292805,-0.322292566,0.000000238,0.000000238,0.000003233,true
001,76,5,0.747833252,0.747840881,0.000007629,0.000007629,0.000007488,false
001,77,0,-3.547590256,-3.547588825,0.000001431,0.000001431,0.000035486,true
001,77,1,24.587829590,24.587814331,-0.000015259,0.000015259,0.000245888,true
001,77,2,-37.217472076,-37.217502594,-0.000030518,0.000030518,0.000372185,true
001,77,3,26.582550049,26.582565308,0.000015259,0.000015259,0.000265836,true
001,77,4,-0.328900099,-0.328897476,0.000002623,0.000002623,0.000003299,true
001,77,5,0.704212189,0.704216003,0.000003815,0.000003815,0.000007052,true
001,78,0,-3.422255516,-3.422257900,-0.000002384,0.000002384,0.000034233,true
001,78,1,24.465042114,24.465080261,0.000038147,0.000038147,0.000244660,true
001,78,2,-40.192798615,-40.192790985,0.000007629,0.000007629,0.000401938,true
001,78,3,31.085899353,31.085853577,-0.000045776,0.000045776,0.000310869,true
001,78,4,-0.351082325,-0.351083040,-0.000000715,0.000000715,0.000003521,true
001,78,5,0.649211884,0.649208069,-0.000003815,0.000003815,0.000006502,true
001,79,0,-3.284224510,-3.284225464,-0.000000954,0.000000954,0.000032852,true
001,79,1,24.450271606,24.450218201,-0.000053406,0.000053406,0.000244513,true
001,79,2,-42.319416046,-42.319377899,0.000038147,0.000038147,0.000423204,true
001,79,3,33.834117889,33.834091187,-0.000026703,0.000026703,0.000338351,true
001,79,4,-0.310218096,-0.310220957,-0.000002861,0.000002861,0.000003112,true
001,79,5,0.611576080,0.611549377,-0.000026703,0.000026703,0.000006126,false
001,80,0,-3.245502472,-3.245502472,0.000000000,0.000000000,0.000032465,true
001,80,1,24.271087646,24.271026611,-0.000061035,0.000061035,0.000242721,true
001,80,2,-45.535259247,-45.535289764,-0.000030518,0.000030518,0.000455363,true
001,80,3,38.439933777,38.439907074,-0.000026703,0.000026703,0.000384409,true
001,80,4,-0.303771257,-0.303775311,-0.000004053,0.000004053,0.000003048,false
001,80,5,0.566967010,0.566974640,0.000007629,0.000007629,0.000005680,false
001,81,0,-3.184967995,-3.184967756,0.000000238,0.000000238,0.000031860,true
001,81,1,24.356071472,24.356086731,0.000015259,0.000015259,0.000243571,true
001,81,2,-47.385005951,-47.384960175,0.000045776,0.000045776,0.000473860,true
001,81,3,40.969802856,40.969779968,-0.000022888,0.000022888,0.000409708,true
001,81,4,-0.317681313,-0.317682981,-0.000001669,0.000001669,0.000003187,true
001,81,5,0.473808289,0.473773956,-0.000034332,0.000034332,0.000004748,false
001,82,0,-3.191308498,-3.191309452,-0.000000954,0.000000954,0.000031923,true
001,82,1,24.016860962,24.016860962,0.000000000,0.000000000,0.000240179,true
001,82,2,-51.038829803,-51.038738251,0.000091553,0.000091553,0.000510398,true
001,82,3,45.994289398,45.994216919,-0.000072479,0.000072479,0.000459953,true
001,82,4,-0.241451740,-0.241451740,0.000000000,0.000000000,0.000002425,true
001,82,5,0.471050262,0.471042633,-0.000007629,0.000007629,0.000004721,false
001,83,0,-3.150408506,-3.150406837,0.000001669,0.000001669,0.000031514,true
001,83,1,24.153030396,24.153076172,0.000045776,0.000045776,0.000241540,true
001,83,2,-52.346027374,-52.345989227,0.000038147,0.000038147,0.000523470,true
001,83,3,47.640472412,47.640403748,-0.000068665,0.000068665,0.000476415,true
001,83,4,-0.248525858,-0.248523474,0.000002384,0.000002384,0.000002495,true
001,83,5,0.470275879,0.470279694,0.000003815,0.000003815,0.000004713,true
001,84,0,-3.159814358,-3.159815788,-0.000001431,0.000001431,0.000031608,true
001,84,1,23.998580933,23.998588562,0.000007629,0.000007629,0.000239996,true
001,84,2,-55.730556488,-55.730564117,-0.000007629,0.000007629,0.000557316,true
001,84,3,52.094665527,52.094642639,-0.000022888,0.000022888,0.000520957,true
001,84,4,-0.207605362,-0.207610369,-0.000005007,0.000005007,0.000002086,false
001,84,5,0.474601746,0.474624634,0.000022888,0.000022888,0.000004756,false
001,85,0,-3.149860859,-3.149860859,0.000000000,0.000000000,0.000031509,true
001,85,1,24.068138123,24.068161011,0.000022888,0.000022888,0.000240691,true
001,85,2,-56.783153534,-56.783115387,0.000038147,0.000038147,0.000567842,true
001,85,3,53.456695557,53.456611633,-0.000083923,0.000083923,0.000534577,true
001,85,4,-0.196270466,-0.196269035,0.000001431,0.000001431,0.000001973,true
001,85,5,0.485977173,0.485977173,0.000000000,0.000000000,0.000004870,true
001,86,0,-3.194605827,-3.194604874,0.000000954,0.000000954,0.000031956,true
001,86,1,23.779533386,23.779502869,-0.000030518,0.000030518,0.000237805,true
001,86,2,-60.116886139,-60.116924286,-0.000038147,0.000038147,0.000601179,true
001,86,3,57.811023712,57.810981750,-0.000041962,0.000041962,0.000578120,true
001,86,4,-0.090999603,-0.091001034,-0.000001431,0.000001431,0.000000920,false
001,86,5,0.526893616,0.526878357,-0.000015259,0.000015259,0.000005279,false
001,87,0,-3.171584129,-3.171584129,0.000000000,0.000000000,0.000031726,true
001,87,1,24.035377502,24.035331726,-0.000045776,0.000045776,0.000240364,true
001,87,2,-61.372341156,-61.372203827,0.000137329,0.000137329,0.000613733,true
001,87,3,59.222846985,59.222801208,-0.000045776,0.000045776,0.000592238,true
001,87,4,-0.096825123,-0.096825600,-0.000000477,0.000000477,0.000000978,true
001,87,5,0.491756439,0.491817474,0.000061035,0.000061035,0.000004928,false
001,88,0,-3.165217400,-3.165215015,0.000002384,0.000002384,0.000031662,true
001,88,1,23.978752136,23.978782654,0.000030518,0.000030518,0.000239798,true
001,88,2,-63.473194122,-63.473247528,-0.000053406,0.000053406,0.000634742,true
001,88,3,62.043601990,62.043586731,-0.000015259,0.000015259,0.000620446,true
001,88,4,-0.076203346,-0.076205730,-0.000002384,0.000002384,0.000000772,false
001,88,5,0.576919556,0.576885223,-0.000034332,0.000034332,0.000005779,false
001,89,0,-3.324953556,-3.324953079,0.000000477,0.000000477,0.000033260,true
001,89,1,24.147964478,24.148002625,0.000038147,0.000038147,0.000241490,true
001,89,2,-67.174972534,-67.174957275,0.000015259,0.000015259,0.000671760,true
001,89,3,66.502853394,66.502784729,-0.000068665,0.000068665,0.000665039,true
001,89,4,-0.018393040,-0.018390656,0.000002384,0.000002384,0.000000194,false
001,89,5,0.570724487,0.570743561,0.000019073,0.000019073,0.000005717,false
001,90,0,-3.391891479,-3.391889572,0.000001907,0.000001907,0.000033929,true
001,90,1,24.279853821,24.279899597,0.000045776,0.000045776,0.000242809,true
001,90,2,-69.439987183,-69.440002441,-0.000015259,0.000015259,0.000694410,true
001,90,3,69.352485657,69.352439880,-0.000045776,0.000045776,0.000693535,true
001,90,4,-0.033486843,-0.033486843,0.000000000,0.000000000,0.000000345,true
001,90,5,0.596050262,0.596057892,0.000007629,0.000007629,0.000005971,false
001,91,0,-3.539451361,-3.539448738,0.000002623,0.000002623,0.000035405,true
001,91,1,24.329444885,24.329421997,-0.000022888,0.000022888,0.000243304,true
001,91,2,-72.725158691,-72.725128174,0.000030518,0.000030518,0.000727262,true
001,91,3,73.387100220,73.387046814,-0.000053406,0.000053406,0.000733881,true
001,91,4,0.001080990,0.001080990,0.000000000,0.000000000,0.000000021,true
001,91,5,0.627044678,0.627063751,0.000019073,0.000019073,0.000006280,false
001,92,0,-3.600487232,-3.600482941,0.000004292,0.000004292,0.000036015,true
001,92,1,24.406921387,24.406929016,0.000007629,0.000007629,0.000244079,true
001,92,2,-75.014160156,-75.014114380,0.000045776,0.000045776,0.000750152,true
001,92,3,76.375320435,76.375236511,-0.000083923,0.000083923,0.000763763,true
001,92,4,-0.048288345,-0.048288822,-0.000000477,0.000000477,0.000000493,true
001,92,5,0.648109436,0.648124695,0.000015259,0.000015259,0.000006491,false
001,93,0,-3.765593529,-3.765593529,0.000000000,0.000000000,0.000037666,true
001,93,1,24.699615479,24.699615479,0.000000000,0.000000000,0.000247006,true
001,93,2,-78.608779907,-78.608779907,0.000000000,0.000000000,0.000786098,true
001,93,3,80.678497314,80.678520203,0.000022888,0.000022888,0.000806795,true
001,93,4,-0.216572523,-0.216569185,0.000003338,0.000003338,0.000002176,false
001,93,5,0.529205322,0.529258728,0.000053406,0.000053406,0.000005302,false
001,94,0,-3.926179886,-3.926182747,-0.000002861,0.000002861,0.000039272,true
001,94,1,24.626106262,24.626106262,0.000000000,0.000000000,0.000246271,true
001,94,2,-81.499633789,-81.499542236,0.000091553,0.000091553,0.000815006,true
001,94,3,84.464752197,84.464660645,-0.000091553,0.000091553,0.000844658,true
001,94,4,-0.629602194,-0.629598618,0.000003576,0.000003576,0.000006306,true
001,94,5,0.414081573,0.414112091,0.000030518,0.000030518,0.000004151,false
001,95,0,-4.036367416,-4.036365509,0.000001907,0.000001907,0.000040374,true
001,95,1,24.587631226,24.587646484,0.000015259,0.000015259,0.000245886,true
001,95,2,-84.492218018,-84.492172241,0.000045776,0.000045776,0.000844932,true
001,95,3,87.895942688,87.895866394,-0.000076294,0.000076294,0.000878969,true
001,95,4,-1.193021297,-1.193002462,0.000018835,0.000018835,0.000011940,false
001,95,5,0.216438293,0.216415405,-0.000022888,0.000022888,0.000002174,false
001,96,0,-4.253737926,-4.253735065,0.000002861,0.000002861,0.000042547,true
001,96,1,24.562011719,24.562004089,-0.000007629,0.000007629,0.000245630,true
001,96,2,-88.473022461,-88.473007202,0.000015259,0.000015259,0.000884740,true
001,96,3,92.380744934,92.380638123,-0.000106812,0.000106812,0.000923817,true
001,96,4,-2.233879089,-2.233851910,0.000027180,0.000027180,0.000022349,false
001,96,5,-0.069599152,-0.069587708,0.000011444,0.000011444,0.000000706,false
001,97,0,-4.343502045,-4.343501091,0.000000954,0.000000954,0.000043445,true
001,97,1,24.494087219,24.494132996,0.000045776,0.000045776,0.000244951,true
001,97,2,-91.622619629,-91.622497559,0.000122070,0.000122070,0.000916236,true
001,97,3,95.629692078,95.629646301,-0.000045776,0.000045776,0.000956307,true
001,97,4,-3.221536875,-3.221512318,0.000024557,0.000024557,0.000032225,true
001,97,5,-0.274665833,-0.274681091,-0.000015259,0.000015259,0.000002757,false
001,98,0,-4.515330791,-4.515329838,0.000000954,0.000000954,0.000045163,true
001,98,1,24.763725281,24.763801575,0.000076294,0.000076294,0.000247647,true
001,98,2,-94.152282715,-94.152374268,-0.000091553,0.000091553,0.000941533,true
001,98,3,98.097732544,98.097702026,-0.000030518,0.000030518,0.000980987,true
001,98,4,-3.986243963,-3.986230612,0.000013351,0.000013351,0.000039872,true
001,98,5,-0.407798767,-0.407817841,-0.000019073,0.000019073,0.000004088,false
001,99,0,-4.667513371,-4.667511463,0.000001907,0.000001907,0.000046685,true
001,99,1,24.391700745,24.391693115,-0.000007629,0.000007629,0.000243927,true
001,99,2,-95.654266357,-95.654312134,-0.000045776,0.000045776,0.000956553,true
001,99,3,100.098648071,100.098594666,-0.000053406,0.000053406,0.001000996,true
001,99,4,-4.710458279,-4.710446358,0.000011921,0.000011921,0.000047115,true
001,99,5,-0.428943634,-0.428981781,-0.000038147,0.000038147,0.000004299,false
002,0,0,-5.463440895,-5.463443279,-0.000002384,0.000002384,0.000054644,true
002,0,1,24.590629578,24.590644836,0.000015259,0.000015259,0.000245916,true
002,0,2,-29.461856842,-29.461894989,-0.000038147,0.000038147,0.000294629,true
002,0,3,14.637718201,14.637732506,0.000014305,0.000014305,0.000146387,true
002,0,4,-0.347373009,-0.347372293,0.000000715,0.000000715,0.000003484,true
002,0,5,19.363046646,19.363084793,0.000038147,0.000038147,0.000193640,true
002,1,0,-5.392931938,-5.392934799,-0.000002861,0.000002861,0.000053939,true
002,1,1,24.737174988,24.737220764,0.000045776,0.000045776,0.000247382,true
002,1,2,-29.439624786,-29.439571381,0.000053406,0.000053406,0.000294406,true
002,1,3,14.636574745,14.636587143,0.000012398,0.000012398,0.000146376,true
002,1,4,-0.272811890,-0.272810698,0.000001192,0.000001192,0.000002738,true
002,1,5,15.588041306,15.588115692,0.000074387,0.000074387,0.000155890,true
002,2,0,-5.276463509,-5.276462555,0.000000954,0.000000954,0.000052775,true
002,2,1,24.863929749,24.863929749,0.000000000,0.000000000,0.000248649,true
002,2,2,-29.611164093,-29.611156464,0.000007629,0.000007629,0.000296122,true
002,2,3,14.851804733,14.851816177,0.000011444,0.000011444,0.000148528,true
002,2,4,-0.243361235,-0.243361712,-0.000000477,0.000000477,0.000002444,true
002,2,5,11.934856415,11.934917450,0.000061035,0.000061035,0.000119359,true
002,3,0,-5.147764683,-5.147767544,-0.000002861,0.000002861,0.000051488,true
002,3,1,24.809753418,24.809738159,-0.000015259,0.000015259,0.000248108,true
002,3,2,-29.578647614,-29.578670502,-0.000022888,0.000022888,0.000295796,true
002,3,3,14.979804039,14.979813576,0.000009537,0.000009537,0.000149808,true
002,3,4,-0.197961807,-0.197960377,0.000001431,0.000001431,0.000001990,true
002,3,5,7.321666718,7.321758270,0.000091553,0.000091553,0.000073227,false
002,4,0,-5.036690712,-5.036692619,-0.000001907,0.000001907,0.000050377,true
002,4,1,24.926391602,24.926399231,0.000007629,0.000007629,0.000249274,true
002,4,2,-29.681819916,-29.681865692,-0.000045776,0.000045776,0.000296828,true
002,4,3,14.996426582,14.996429443,0.000002861,0.000002861,0.000149974,true
002,4,4,-0.151680470,-0.151680946,-0.000000477,0.000000477,0.000001527,true
002,4,5,3.895763397,3.895790100,0.000026703,0.000026703,0.000038968,true
002,5,0,-4.822651863,-4.822648048,0.000003815,0.000003815,0.000048237,true
002,5,1,24.875328064,24.875381470,0.000053406,0.000053406,0.000248763,true
002,5,2,-29.593982697,-29.594036102,-0.000053406,0.000053406,0.000295950,true
002,5,3,15.111372948,15.111378670,0.000005722,0.000005722,0.000151124,true
002,5,4,-0.161790371,-0.161786556,0.000003815,0.000003815,0.000001628,false
002,5,5,0.631336212,0.631309509,-0.000026703,0.000026703,0.000006323,false
002,6,0,-4.587165833,-4.587168694,-0.000002861,0.000002861,0.000045882,true
002,6,1,24.528617859,24.528594971,-0.000022888,0.000022888,0.000245296,true
002,6,2,-29.088649750,-29.088634491,0.000015259,0.000015259,0.000290896,true
002,6,3,14.930857658,14.930866241,0.000008583,0.000008583,0.000149319,true
002,6,4,-0.198687315,-0.198683977,0.000003338,0.000003338,0.000001997,false
002,6,5,-0.197860718,-0.197868347,-0.000007629,0.000007629,0.000001989,false
002,7,0,-4.454890728,-4.454890251,0.000000477,0.000000477,0.000044559,true
002,7,1,24.498504639,24.498489380,-0.000015259,0.000015259,0.000244995,true
002,7,2,-28.930736542,-28.930759430,-0.000022888,0.000022888,0.000289317,true
002,7,3,14.926869392,14.926881790,0.000012398,0.000012398,0.000149279,true
002,7,4,-0.204254150,-0.204249859,0.000004292,0.000004292,0.000002053,false
002,7,5,-0.280216217,-0.280220032,-0.000003815,0.000003815,0.000002812,false
002,8,0,-4.371977329,-4.371979713,-0.000002384,0.000002384,0.000043730,true
002,8,1,24.438041687,24.438026428,-0.000015259,0.000015259,0.000244390,true
002,8,2,-28.906276703,-28.906314850,-0.000038147,0.000038147,0.000289073,true
002,8,3,15.070387840,15.070411682,0.000023842,0.000023842,0.000150714,true
002,8,4,-0.237266779,-0.237263203,0.000003576,0.000003576,0.000002383,false
002,8,5,-0.197467804,-0.197463989,0.000003815,0.000003815,0.000001985,false
002,9,0,-4.216514587,-4.216517448,-0.000002861,0.000002861,0.000042175,true
002,9,1,24.355278015,24.355308533,0.000030518,0.000030518,0.000243563,true
002,9,2,-28.853458405,-28.853443146,0.000015259,0.000015259,0.000288545,true
002,9,3,15.128580093,15.128587723,0.000007629,0.000007629,0.000151296,true
002,9,4,-0.287443161,-0.287441015,0.000002146,0.000002146,0.000002884,true
002,9,5,-0.067718506,-0.067729950,-0.000011444,0.000011444,0.000000687,false
002,10,0,-4.095410824,-4.095411301,-0.000000477,0.000000477,0.000040964,true
002,10,1,24.291908264,24.291900635,-0.000007629,0.000007629,0.000242929,true
002,10,2,-28.725826263,-28.725818634,0.000007629,0.000007629,0.000287268,true
002,10,3,15.251093864,15.251115799,0.000021935,0.000021935,0.000152521,true
002,10,4,-0.341281176,-0.341282845,-0.000001669,0.000001669,0.000003423,true
002,10,5,0.087036133,0.087036133,0.000000000,0.000000000,0.000000880,true
002,11,0,-4.126077652,-4.126077175,0.000000477,0.000000477,0.000041271,true
002,11,1,24.671607971,24.671661377,0.000053406,0.000053406,0.000246726,true
002,11,2,-29.409320831,-29.409313202,0.000007629,0.000007629,0.000294103,true
002,11,3,15.817742348,15.817755699,0.000013351,0.000013351,0.000158187,true
002,11,4,-0.301093340,-0.301091194,0.000002146,0.000002146,0.000003021,true
002,11,5,0.078048706,0.078041077,-0.000007629,0.000007629,0.000000790,false
002,12,0,-4.007377625,-4.007375240,0.000002384,0.000002384,0.000040084,true
002,12,1,24.615020752,24.615005493,-0.000015259,0.000015259,0.000246160,true
002,12,2,-29.502674103,-29.502681732,-0.000007629,0.000007629,0.000295037,true
002,12,3,16.069917679,16.069946289,0.000028610,0.000028610,0.000160709,true
002,12,4,-0.337599277,-0.337599277,0.000000000,0.000000000,0.000003386,true
002,12,5,0.175048828,0.175045013,-0.000003815,0.000003815,0.000001760,false
002,13,0,-3.931384563,-3.931382656,0.000001907,0.000001907,0.000039324,true
002,13,1,24.753234863,24.753211975,-0.000022888,0.000022888,0.000247542,true
002,13,2,-30.196376801,-30.196331024,0.000045776,0.000045776,0.000301974,true
002,13,3,17.001705170,17.001697540,-0.000007629,0.000007629,0.000170027,true
002,13,4,-0.353337526,-0.353336334,0.000001192,0.000001192,0.000003543,true
002,13,5,0.303184509,0.303176880,-0.000007629,0.000007629,0.000003042,false
002,14,0,-3.838394403,-3.838390350,0.000004053,0.000004053,0.000038394,true
002,14,1,24.889633179,24.889656067,0.000022888,0.000022888,0.000248906,true
002,14,2,-31.877323151,-31.877315521,0.000007629,0.000007629,0.000318783,true
002,14,3,19.364257812,19.364263535,0.000005722,0.000005722,0.000193653,true
002,14,4,-0.368940592,-0.368937492,0.000003099,0.000003099,0.000003699,true
002,14,5,0.419574738,0.419586182,0.000011444,0.000011444,0.000004206,false
002,15,0,-3.761310577,-3.761305094,0.000005484,0.000005484,0.000037623,true
002,15,1,24.837379456,24.837371826,-0.000007629,0.000007629,0.000248384,true
002,15,2,-31.791530609,-31.791461945,0.000068665,0.000068665,0.000317925,true
002,15,3,19.265937805,19.265933990,-0.000003815,0.000003815,0.000192669,true
002,15,4,-0.362327576,-0.362327099,0.000000477,0.000000477,0.000003633,true
002,15,5,0.487384796,0.487388611,0.000003815,0.000003815,0.000004884,true
002,16,0,-3.637020111,-3.637015581,0.000004530,0.000004530,0.000036380,true
002,16,1,24.683700562,24.683692932,-0.000007629,0.000007629,0.000246847,true
002,16,2,-34.261837006,-34.261798859,0.000038147,0.000038147,0.000342628,true
002,16,3,22.953907013,22.953937531,0.000030518,0.000030518,0.000229549,true
002,16,4,-0.351338387,-0.351340055,-0.000001669,0.000001669,0.000003523,true
002,16,5,0.499835968,0.499809265,-0.000026703,0.000026703,0.000005008,false
002,17,0,-3.640006304,-3.640002012,0.000004292,0.000004292,0.000036410,true
002,17,1,24.623680115,24.623695374,0.000015259,0.000015259,0.000246247,true
002,17,2,-36.841419220,-36.841472626,-0.000053406,0.000053406,0.000368424,true
002,17,3,26.558221817,26.558296204,0.000074387,0.000074387,0.000265592,true
002,17,4,-0.293438435,-0.293436289,0.000002146,0.000002146,0.000002944,true
002,17,5,0.467700958,0.467693329,-0.000007629,0.000007629,0.000004687,false
002,18,0,-3.508106470,-3.508105755,0.000000715,0.000000715,0.000035091,true
002,18,1,24.479858398,24.479888916,0.000030518,0.000030518,0.000244809,true
002,18,2,-39.715122223,-39.715122223,0.000000000,0.000000000,0.000397161,true
002,18,3,30.832426071,30.832489014,0.000062943,0.000062943,0.000308334,true
002,18,4,-0.290328264,-0.290326595,0.000001669,0.000001669,0.000002913,true
002,18,5,0.413070679,0.413066864,-0.000003815,0.000003815,0.000004141,true
002,19,0,-3.309954166,-3.309952259,0.000001907,0.000001907,0.000033110,true
002,19,1,24.953330994,24.953353882,0.000022888,0.000022888,0.000249543,true
002,19,2,-42.181118011,-42.181194305,-0.000076294,0.000076294,0.000421821,true
002,19,3,33.844188690,33.844223022,0.000034332,0.000034332,0.000338452,true
002,19,4,-0.303647041,-0.303647518,-0.000000477,0.000000477,0.000003046,true
002,19,5,0.385093689,0.385047913,-0.000045776,0.000045776,0.000003861,false
002,20,0,-3.271625280,-3.271624804,0.000000477,0.000000477,0.000032726,true
002,20,1,24.652412415,24.652427673,0.000015259,0.000015259,0.000246534,true
002,20,2,-44.745441437,-44.745426178,0.000015259,0.000015259,0.000447464,true
002,20,3,37.925022125,37.925052643,0.000030518,0.000030518,0.000379260,true
002,20,4,-0.292287111,-0.292286396,0.000000715,0.000000715,0.000002933,true
002,20,5,0.284168243,0.284149170,-0.000019073,0.000019073,0.000002852,false
002,21,0,-3.242703438,-3.242700100,0.000003338,0.000003338,0.000032437,true
002,21,1,24.527404785,24.527351379,-0.000053406,0.000053406,0.000245284,true
002,21,2,-49.937953949,-49.937938690,0.000015259,0.000015259,0.000499390,true
002,21,3,45.261619568,45.261615753,-0.000003815,0.000003815,0.000452626,true
002,21,4,-0.255362272,-0.255362511,-0.000000238,0.000000238,0.000002564,true
002,21,5,0.083030701,0.083034515,0.000003815,0.000003815,0.000000840,false
002,22,0,-3.228131294,-3.228129864,0.000001431,0.000001431,0.000032291,true
002,22,1,24.410949707,24.410987854,0.000038147,0.000038147,0.000244119,true
002,22,2,-52.159954071,-52.159915924,0.000038147,0.000038147,0.000521610,true
002,22,3,48.543315887,48.543281555,-0.000034332,0.000034332,0.000485443,true
002,22,4,-0.248735905,-0.248734713,0.000001192,0.000001192,0.000002497,true
002,22,5,0.040203094,0.040206909,0.000003815,0.000003815,0.000000412,false
002,23,0,-3.134256840,-3.134255886,0.000000954,0.000000954,0.000031353,true
002,23,1,24.382446289,24.382446289,0.000000000,0.000000000,0.000243834,true
002,23,2,-54.770435333,-54.770473480,-0.000038147,0.000038147,0.000547714,true
002,23,3,52.197463989,52.197509766,0.000045776,0.000045776,0.000521985,true
002,23,4,-0.212123632,-0.212124348,-0.000000715,0.000000715,0.000002131,true
002,23,5,0.033027649,0.033016205,-0.000011444,0.000011444,0.000000340,false
002,24,0,-3.187451124,-3.187449217,0.000001907,0.000001907,0.000031885,true
002,24,1,24.381637573,24.381668091,0.000030518,0.000030518,0.000243826,true
002,24,2,-56.544055939,-56.544178009,-0.000122070,0.000122070,0.000565451,true
002,24,3,54.751876831,54.751899719,0.000022888,0.000022888,0.000547529,true
002,24,4,-0.187326908,-0.187324524,0.000002384,0.000002384,0.000001883,false
002,24,5,0.016735077,0.016723633,-0.000011444,0.000011444,0.000000177,false
002,25,0,-3.112319469,-3.112317801,0.000001669,0.000001669,0.000031133,true
002,25,1,24.482170105,24.482200623,0.000030518,0.000030518,0.000244832,true
002,25,2,-58.977901459,-58.977939606,-0.000038147,0.000038147,0.000589789,true
002,25,3,57.983512878,57.983520508,0.000007629,0.000007629,0.000579845,true
002,25,4,-0.195113182,-0.195113182,0.000000000,0.000000000,0.000001961,true
002,25,5,0.012565613,0.012561798,-0.000003815,0.000003815,0.000000136,false
002,26,0,-3.106773376,-3.106772184,0.000001192,0.000001192,0.000031078,true
002,26,1,24.592208862,24.592224121,0.000015259,0.000015259,0.000245932,true
002,26,2,-60.703182220,-60.703197479,-0.000015259,0.000015259,0.000607042,true
002,26,3,60.116188049,60.116207123,0.000019073,0.000019073,0.000601172,true
002,26,4,-0.149136066,-0.149141312,-0.000005245,0.000005245,0.000001501,false
002,26,5,0.017253876,0.017242432,-0.000011444,0.000011444,0.000000183,false
002,27,0,-3.159599543,-3.159595966,0.000003576,0.000003576,0.000031606,true
002,27,1,24.743476868,24.743431091,-0.000045776,0.000045776,0.000247445,true
002,27,2,-63.196041107,-63.195964813,0.000076294,0.000076294,0.000631970,true
002,27,3,63.401618958,63.401573181,-0.000045776,0.000045776,0.000634026,true
002,27,4,-0.151721954,-0.151726723,-0.000004768,0.000004768,0.000001527,false
002,27,5,0.009548187,0.009559631,0.000011444,0.000011444,0.000000105,false
002,28,0,-3.285668850,-3.285670519,-0.000001669,0.000001669,0.000032867,true
002,28,1,24.595909119,24.595954895,0.000045776,0.000045776,0.000245969,true
002,28,2,-65.986968994,-65.987045288,-0.000076294,0.000076294,0.000659880,true
002,28,3,67.241630554,67.241683960,0.000053406,0.000053406,0.000672426,true
002,28,4,-0.060259819,-0.060258389,0.000001431,0.000001431,0.000000613,false
002,28,5,0.008689880,0.008670807,-0.000019073,0.000019073,0.000000097,false
002,29,0,-3.195986748,-3.195984840,0.000001907,0.000001907,0.000031970,true
002,29,1,24.877388000,24.877418518,0.000030518,0.000030518,0.000248784,true
002,29,2,-66.940902710,-66.940902710,0.000000000,0.000000000,0.000669419,true
002,29,3,68.319702148,68.319709778,0.000007629,0.000007629,0.000683207,true
002,29,4,-0.142091274,-0.142093182,-0.000001907,0.000001907,0.000001431,false
002,29,5,0.084182739,0.084178925,-0.000003815,0.000003815,0.000000852,false
002,30,0,-3.314500332,-3.314498425,0.000001907,0.000001907,0.000033155,true
002,30,1,24.934860229,24.934867859,0.000007629,0.000007629,0.000249359,true
002,30,2,-70.139709473,-70.139770508,-0.000061035,0.000061035,0.000701407,true
002,30,3,72.486961365,72.486961365,0.000000000,0.000000000,0.000724880,true
002,30,4,-0.101851463,-0.101850986,0.000000477,0.000000477,0.000001029,true
002,30,5,0.139217377,0.139209747,-0.000007629,0.000007629,0.000001402,false
002,31,0,-3.575903654,-3.575905323,-0.000001669,0.000001669,0.000035769,true
002,31,1,25.055625916,25.055618286,-0.000007629,0.000007629,0.000250566,true
002,31,2,-73.568664551,-73.568664551,0.000000000,0.000000000,0.000735697,true
002,31,3,76.803604126,76.803657532,0.000053406,0.000053406,0.000768046,true
002,31,4,-0.056276798,-0.056273937,0.000002861,0.000002861,0.000000573,false
002,31,5,0.188362122,0.188373566,0.000011444,0.000011444,0.000001894,false
002,32,0,-3.517368555,-3.517363548,0.000005007,0.000005007,0.000035184,true
002,32,1,24.889320374,24.889282227,-0.000038147,0.000038147,0.000248903,true
002,32,2,-74.266708374,-74.266677856,0.000030518,0.000030518,0.000742677,true
002,32,3,77.934089661,77.934066772,-0.000022888,0.000022888,0.000779351,true
002,32,4,-0.122229576,-0.122226238,0.000003338,0.000003338,0.000001232,false
002,32,5,0.220108032,0.220085144,-0.000022888,0.000022888,0.000002211,false
002,33,0,-3.687949181,-3.687945127,0.000004053,0.000004053,0.000036889,true
002,33,1,25.236289978,25.236244202,-0.000045776,0.000045776,0.000252373,true
002,33,2,-77.610153198,-77.610122681,0.000030518,0.000030518,0.000776112,true
002,33,3,81.441688538,81.441650391,-0.000038147,0.000038147,0.000814427,true
002,33,4,-0.277644396,-0.277639866,0.000004530,0.000004530,0.000002786,false
002,33,5,0.174453735,0.174446106,-0.000007629,0.000007629,0.000001755,false
002,34,0,-3.869977236,-3.869975090,0.000002146,0.000002146,0.000038710,true
002,34,1,25.292098999,25.292091370,-0.000007629,0.000007629,0.000252931,true
002,34,2,-82.427062988,-82.426879883,0.000183105,0.000183105,0.000824281,true
002,34,3,86.886795044,86.886711121,-0.000083923,0.000083923,0.000868878,true
002,34,4,-1.108802080,-1.108800173,0.000001907,0.000001907,0.000011098,true
002,34,5,-0.139213562,-0.139205933,0.000007629,0.000007629,0.000001402,false
002,35,0,-3.998151302,-3.998149157,0.000002146,0.000002146,0.000039992,true
002,35,1,25.627120972,25.627143860,0.000022888,0.000022888,0.000256281,true
002,35,2,-83.935409546,-83.935348511,0.000061035,0.000061035,0.000839364,true
002,35,3,88.066009521,88.066001892,-0.000007629,0.000007629,0.000880670,true
002,35,4,-1.341268539,-1.341257811,0.000010729,0.000010729,0.000013423,true
002,35,5,-0.152610779,-0.152610779,0.000000000,0.000000000,0.000001536,true
002,36,0,-4.193483829,-4.193480015,0.000003815,0.000003815,0.000041945,true
002,36,1,25.935951233,25.935951233,0.000000000,0.000000000,0.000259370,true
002,36,2,-88.415924072,-88.415969849,-0.000045776,0.000045776,0.000884169,true
002,36,3,92.333023071,92.333053589,0.000030518,0.000030518,0.000923340,true
002,36,4,-2.392503262,-2.392510176,-0.000006914,0.000006914,0.000023935,true
002,36,5,-0.395977020,-0.395996094,-0.000019073,0.000019073,0.000003970,false
002,37,0,-4.429404259,-4.429404736,-0.000000477,0.000000477,0.000044304,true
002,37,1,26.189331055,26.189323425,-0.000007629,0.000007629,0.000261903,true
002,37,2,-91.649856567,-91.649871826,-0.000015259,0.000015259,0.000916509,true
002,37,3,95.352127075,95.352157593,0.000030518,0.000030518,0.000953531,true
002,37,4,-3.121238232,-3.121240139,-0.000001907,0.000001907,0.000031222,true
002,37,5,-0.540508270,-0.540500641,0.000007629,0.000007629,0.000005415,false
002,38,0,-4.785216331,-4.785212517,0.000003815,0.000003815,0.000047862,true
002,38,1,26.290557861,26.290550232,-0.000007629,0.000007629,0.000262916,true
002,38,2,-95.438888550,-95.438903809,-0.000015259,0.000015259,0.000954399,true
002,38,3,98.916076660,98.916099548,0.000022888,0.000022888,0.000989171,true
002,38,4,-4.232919216,-4.232923031,-0.000003815,0.000003815,0.000042339,true
002,38,5,-0.635128021,-0.635147095,-0.000019073,0.000019073,0.000006361,false
002,39,0,-5.016318798,-5.016318321,0.000000477,0.000000477,0.000050173,true
002,39,1,26.367424011,26.367446899,0.000022888,0.000022888,0.000263684,true
002,39,2,-97.627792358,-97.627731323,0.000061035,0.000061035,0.000976288,true
002,39,3,100.973793030,100.973785400,-0.000007629,0.000007629,0.001009748,true
002,39,4,-4.858704567,-4.858703136,0.000001431,0.000001431,0.000048597,true
002,39,5,-0.656364441,-0.656410217,-0.000045776,0.000045776,0.000006574,false
002,40,0,-5.178720474,-5.178718567,0.000001907,0.000001907,0.000051797,true
002,40,1,26.505805969,26.505828857,0.000022888,0.000022888,0.000265068,true
002,40,2,-99.557952881,-99.557907104,0.000045776,0.000045776,0.000995590,true
002,40,3,102.336997986,102.336959839,-0.000038147,0.000038147,0.001023380,true
002,40,4,-5.571691990,-5.571682930,0.000009060,0.000009060,0.000055727,true
002,40,5,-0.588478088,-0.588470459,0.000007629,0.000007629,0.000005895,false
002,41,0,-5.556596756,-5.556592941,0.000003815,0.000003815,0.000055576,true
002,41,1,26.742492676,26.742492676,0.000000000,0.000000000,0.000267435,true
002,41,2,-101.737274170,-101.737228394,0.000045776,0.000045776,0.001017383,true
002,41,3,103.746948242,103.746971130,0.000022888,0.000022888,0.001037479,true
002,41,4,-6.452810287,-6.452808380,0.000001907,0.000001907,0.000064538,true
002,41,5,-0.502067566,-0.502120972,-0.000053406,0.000053406,0.000005031,false
002,42,0,-5.669830799,-5.669827461,0.000003338,0.000003338,0.000056708,true
002,42,1,26.878166199,26.878288269,0.000122070,0.000122070,0.000268792,true
002,42,2,-102.690628052,-102.690628052,0.000000000,0.000000000,0.001026916,true
002,42,3,104.199813843,104.199844360,0.000030518,0.000030518,0.001042008,true
002,42,4,-6.944070339,-6.944068909,0.000001431,0.000001431,0.000069451,true
002,42,5,-0.435493469,-0.435516357,-0.000022888,0.000022888,0.000004365,false
002,43,0,-5.789371490,-5.789371490,0.000000000,0.000000000,0.000057904,true
002,43,1,27.068283081,27.068328857,0.000045776,0.000045776,0.000270693,true
002,43,2,-103.118804932,-103.118789673,0.000015259,0.000015259,0.001031198,true
002,43,3,104.273437500,104.273429871,-0.000007629,0.000007629,0.001042744,true
002,43,4,-7.388912201,-7.388915062,-0.000002861,0.000002861,0.000073899,true
002,43,5,-0.321022034,-0.321025848,-0.000003815,0.000003815,0.000003220,false
002,44,0,-6.005788803,-6.005786896,0.000001907,0.000001907,0.000060068,true
002,44,1,27.278808594,27.278755188,-0.000053406,0.000053406,0.000272798,true
002,44,2,-103.878479004,-103.878433228,0.000045776,0.000045776,0.001038795,true
002,44,3,104.182273865,104.182243347,-0.000030518,0.000030518,0.001041833,true
002,44,4,-7.859896183,-7.859891891,0.000004292,0.000004292,0.000078609,true
002,44,5,-0.360473633,-0.360458374,0.000015259,0.000015259,0.000003615,false
002,45,0,-6.164941788,-6.164941788,0.000000000,0.000000000,0.000061659,true
002,45,1,27.244293213,27.244308472,0.000015259,0.000015259,0.000272453,true
002,45,2,-104.053833008,-104.053833008,0.000000000,0.000000000,0.001040548,true
002,45,3,103.577575684,103.577575684,0.000000000,0.000000000,0.001035786,true
002,45,4,-8.238283157,-8.238285065,-0.000001907,0.000001907,0.000082393,true
002,45,5,-0.247524261,-0.247512817,0.000011444,0.000011444,0.000002485,false
002,46,0,-6.181814671,-6.181815624,-0.000000954,0.000000954,0.000061828,true
002,46,1,27.074333191,27.074371338,0.000038147,0.000038147,0.000270753,true
002,46,2,-103.893585205,-103.893615723,-0.000030518,0.000030518,0.001038946,true
002,46,3,103.244514465,103.244552612,0.000038147,0.000038147,0.001032455,true
002,46,4,-8.301156998,-8.301158905,-0.000001907,0.000001907,0.000083022,true
002,46,5,-0.243957520,-0.244010925,-0.000053406,0.000053406,0.000002450,false
002,47,0,-6.296482086,-6.296481133,0.000000954,0.000000954,0.000062975,true
002,47,1,26.899505615,26.899543762,0.000038147,0.000038147,0.000269005,true
002,47,2,-103.483032227,-103.483001709,0.000030518,0.000030518,0.001034840,true
002,47,3,102.849472046,102.849411011,-0.000061035,0.000061035,0.001028505,true
002,47,4,-8.389903069,-8.389905930,-0.000002861,0.000002861,0.000083909,true
002,47,5,-0.278682709,-0.278659821,0.000022888,0.000022888,0.000002797,false
002,48,0,-6.250324249,-6.250325680,-0.000001431,0.000001431,0.000062513,true
002,48,1,26.656044006,26.656005859,-0.000038147,0.000038147,0.000266570,true
002,48,2,-103.109710693,-103.109710693,0.000000000,0.000000000,0.001031107,true
002,48,3,102.709754944,102.709747314,-0.000007629,0.000007629,0.001027108,true
002,48,4,-8.457937241,-8.457935333,0.000001907,0.000001907,0.000084589,true
002,48,5,-0.299007416,-0.299015045,-0.000007629,0.000007629,0.000003000,false
002,49,0,-6.258130074,-6.258127689,0.000002384,0.000002384,0.000062591,true
002,49,1,26.416519165,26.416511536,-0.000007629,0.000007629,0.000264175,true
002,49,2,-102.596221924,-102.596237183,-0.000015259,0.000015259,0.001025972,true
002,49,3,102.570632935,102.570617676,-0.000015259,0.000015259,0.001025716,true
002,49,4,-8.376560211,-8.376558304,0.000001907,0.000001907,0.000083776,true
002,49,5,-0.330249786,-0.330265045,-0.000015259,0.000015259,0.000003312,false
002,50,0,-6.039916515,-6.039916515,0.000000000,0.000000000,0.000060409,true
002,50,1,25.483940125,25.483932495,-0.000007629,0.000007629,0.000254849,true
002,50,2,-101.279190063,-101.279205322,-0.000015259,0.000015259,0.001012802,true
002,50,3,102.634063721,102.634025574,-0.000038147,0.000038147,0.001026351,true
002,50,4,-8.238391876,-8.238389969,0.000001907,0.000001907,0.000082394,true
002,50,5,-0.294303894,-0.294277191,0.000026703,0.000026703,0.000002953,false
002,51,0,-5.820341587,-5.820337296,0.000004292,0.000004292,0.000058213,true
002,51,1,24.645454407,24.645408630,-0.000045776,0.000045776,0.000246465,true
002,51,2,-99.956314087,-99.956268311,0.000045776,0.000045776,0.000999573,true
002,51,3,102.377914429,102.377861023,-0.000053406,0.000053406,0.001023789,true
002,51,4,-8.069246292,-8.069245338,0.000000954,0.000000954,0.000080702,true
002,51,5,-0.364486694,-0.364463806,0.000022888,0.000022888,0.000003655,false
002,52,0,-5.712312698,-5.712313175,-0.000000477,0.000000477,0.000057133,true
002,52,1,23.886787415,23.886779785,-0.000007629,0.000007629,0.000238878,true
002,52,2,-99.019699097,-99.019699097,0.000000000,0.000000000,0.000990207,true
002,52,3,102.419166565,102.419219971,0.000053406,0.000053406,0.001024202,true
002,52,4,-7.948935032,-7.948935986,-0.000000954,0.000000954,0.000079499,true
002,52,5,-0.357131958,-0.357139587,-0.000007629,0.000007629,0.000003581,false
002,53,0,-5.400794506,-5.400795460,-0.000000954,0.000000954,0.000054018,true
002,53,1,22.606651306,22.606658936,0.000007629,0.000007629,0.000226077,true
002,53,2,-97.537841797,-97.537811279,0.000030518,0.000030518,0.000975388,true
002,53,3,102.497528076,102.497505188,-0.000022888,0.000022888,0.001024985,true
002,53,4,-7.918056011,-7.918053150,0.000002861,0.000002861,0.000079191,true
002,53,5,-0.288784027,-0.288791656,-0.000007629,0.000007629,0.000002898,false
002,54,0,-5.211018085,-5.211017609,0.000000477,0.000000477,0.000052120,true
002,54,1,22.080711365,22.080726624,0.000015259,0.000015259,0.000220817,true
002,54,2,-96.704452515,-96.704528809,-0.000076294,0.000076294,0.000967055,true
002,54,3,102.396591187,102.396560669,-0.000030518,0.000030518,0.001023976,true
002,54,4,-7.925548553,-7.925547600,0.000000954,0.000000954,0.000079265,true
002,54,5,-0.299392700,-0.299419403,-0.000026703,0.000026703,0.000003004,false
002,55,0,-4.795514584,-4.795514107,0.000000477,0.000000477,0.000047965,true
002,55,1,20.062225342,20.062225342,0.000000000,0.000000000,0.000200632,true
002,55,2,-94.296691895,-94.296691895,0.000000000,0.000000000,0.000942977,true
002,55,3,102.674591064,102.674568176,-0.000022888,0.000022888,0.001026756,true
002,55,4,-7.725151062,-7.725152016,-0.000000954,0.000000954,0.000077262,true
002,55,5,-0.282745361,-0.282737732,0.000007629,0.000007629,0.000002837,false
002,56,0,-4.289937019,-4.289940357,-0.000003338,0.000003338,0.000042909,true
002,56,1,17.888130188,17.888122559,-0.000007629,0.000007629,0.000178891,true
002,56,2,-91.403320312,-91.403366089,-0.000045776,0.000045776,0.000914043,true
002,56,3,102.419998169,102.420036316,0.000038147,0.000038147,0.001024210,true
002,56,4,-7.806074142,-7.806073189,0.000000954,0.000000954,0.000078071,true
002,56,5,-0.257316589,-0.257339478,-0.000022888,0.000022888,0.000002583,false
002,57,0,-3.997750044,-3.997751236,-0.000001192,0.000001192,0.000039988,true
002,57,1,16.476531982,16.476570129,0.000038147,0.000038147,0.000164775,true
002,57,2,-89.465408325,-89.465393066,0.000015259,0.000015259,0.000894664,true
002,57,3,102.349533081,102.349540710,0.000007629,0.000007629,0.001023505,true
002,57,4,-7.783923149,-7.783927917,-0.000004768,0.000004768,0.000077849,true
002,57,5,-0.271965027,-0.271957397,0.000007629,0.000007629,0.000002730,false
002,58,0,-4.035018444,-4.035022259,-0.000003815,0.000003815,0.000040360,true
002,58,1,16.451553345,16.451560974,0.000007629,0.000007629,0.000164526,true
002,58,2,-89.523559570,-89.523513794,0.000045776,0.000045776,0.000895246,true
002,58,3,102.583015442,102.582977295,-0.000038147,0.000038147,0.001025840,true
002,58,4,-7.715499401,-7.715501785,-0.000002384,0.000002384,0.000077165,true
002,58,5,-0.259021759,-0.259044647,-0.000022888,0.000022888,0.000002600,false
002,59,0,-3.445564270,-3.445563793,0.000000477,0.000000477,0.000034466,true
002,59,1,13.607925415,13.607948303,0.000022888,0.000022888,0.000136089,true
002,59,2,-85.717987061,-85.717926025,0.000061035,0.000061035,0.000857190,true
002,59,3,102.458572388,102.458541870,-0.000030518,0.000030518,0.001024596,true
002,59,4,-7.812622547,-7.812620163,0.000002384,0.000002384,0.000078136,true
002,59,5,-0.234226227,-0.234191895,0.000034332,0.000034332,0.000002352,false
002,60,0,-2.930101871,-2.930099010,0.000002861,0.000002861,0.000029311,true
002,60,1,10.433181763,10.433158875,-0.000022888,0.000022888,0.000104342,true
002,60,2,-81.278411865,-81.278305054,0.000106812,0.000106812,0.000812794,true
002,60,3,102.268951416,102.268943787,-0.000007629,0.000007629,0.001022700,true
002,60,4,-8.184652328,-8.184656143,-0.000003815,0.000003815,0.000081857,true
002,60,5,-0.249679565,-0.249645233,0.000034332,0.000034332,0.000002507,false
002,61,0,-2.678258419,-2.678263426,-0.000005007,0.000005007,0.000026793,true
002,61,1,8.247398376,8.247413635,0.000015259,0.000015259,0.000082484,true
002,61,2,-78.022415161,-78.022415161,0.000000000,0.000000000,0.000780234,true
002,61,3,102.273132324,102.273094177,-0.000038147,0.000038147,0.001022741,true
002,61,4,-8.718928337,-8.718923569,0.000004768,0.000004768,0.000087199,true
002,61,5,-0.324810028,-0.324775696,0.000034332,0.000034332,0.000003258,false
002,62,0,-2.365101814,-2.365098715,0.000003099,0.000003099,0.000023661,true
002,62,1,6.103385925,6.103382111,-0.000003815,0.000003815,0.000061044,true
002,62,2,-75.166809082,-75.166824341,-0.000015259,0.000015259,0.000751678,true
002,62,3,102.703750610,102.703681946,-0.000068665,0.000068665,0.001027048,true
002,62,4,-8.921442986,-8.921434402,0.000008583,0.000008583,0.000089224,true
002,62,5,-0.263942719,-0.263916016,0.000026703,0.000026703,0.000002649,false
002,63,0,-2.178811550,-2.178809404,0.000002146,0.000002146,0.000021798,true
002,63,1,3.602226257,3.602199554,-0.000026703,0.000026703,0.000036032,true
002,63,2,-71.283966064,-71.283920288,0.000045776,0.000045776,0.000712850,true
002,63,3,102.614135742,102.614135742,0.000000000,0.000000000,0.001026151,true
002,63,4,-9.593677521,-9.593675613,0.000001907,0.000001907,0.000095947,true
002,63,5,-0.309597015,-0.309597015,0.000000000,0.000000000,0.000003106,true
002,64,0,-1.888232231,-1.888231516,0.000000715,0.000000715,0.000018892,true
002,64,1,0.691585541,0.691547394,-0.000038147,0.000038147,0.000006926,false
002,64,2,-67.007858276,-67.007843018,0.000015259,0.000015259,0.000670089,true
002,64,3,102.580711365,102.580673218,-0.000038147,0.000038147,0.001025817,true
002,64,4,-10.226310730,-10.226310730,0.000000000,0.000000000,0.000102273,true
002,64,5,-0.315116882,-0.315166473,-0.000049591,0.000049591,0.000003161,false
002,65,0,-1.828316927,-1.828312397,0.000004530,0.000004530,0.000018293,true
002,65,1,-1.850009918,-1.850025177,-0.000015259,0.000015259,0.000018510,true
002,65,2,-63.020915985,-63.020832062,0.000083923,0.000083923,0.000630219,true
002,65,3,102.919403076,102.919364929,-0.000038147,0.000038147,0.001029204,true
002,65,4,-10.951623917,-10.951620102,0.000003815,0.000003815,0.000109526,true
002,65,5,-0.255630493,-0.255649567,-0.000019073,0.000019073,0.000002566,false
002,66,0,-1.885429144,-1.885427952,0.000001192,0.000001192,0.000018864,true
002,66,1,-2.894252777,-2.894275665,-0.000022888,0.000022888,0.000028953,true
002,66,2,-61.409763336,-61.409648895,0.000114441,0.000114441,0.000614108,true
002,66,3,103.041290283,103.041275024,-0.000015259,0.000015259,0.001030423,true
002,66,4,-11.271961212,-11.271966934,-0.000005722,0.000005722,0.000112730,true
002,66,5,-0.177070618,-0.177062988,0.000007629,0.000007629,0.000001781,false
002,67,0,-1.753817320,-1.753819466,-0.000002146,0.000002146,0.000017548,true
002,67,1,-5.911193848,-5.911281586,-0.000087738,0.000087738,0.000059122,false
002,67,2,-57.076595306,-57.076519012,0.000076294,0.000076294,0.000570776,true
002,67,3,103.063911438,103.063911438,0.000000000,0.000000000,0.001030649,true
002,67,4,-11.876137733,-11.876149178,-0.000011444,0.000011444,0.000118771,true
002,67,5,-0.151332855,-0.151302338,0.000030518,0.000030518,0.000001523,false
002,68,0,-1.927635431,-1.927630424,0.000005007,0.000005007,0.000019286,true
002,68,1,-8.162326813,-8.162387848,-0.000061035,0.000061035,0.000081633,true
002,68,2,-53.503566742,-53.503536224,0.000030518,0.000030518,0.000535046,true
002,68,3,103.163368225,103.163345337,-0.000022888,0.000022888,0.001031644,true
002,68,4,-12.552566528,-12.552576065,-0.000009537,0.000009537,0.000125536,true
002,68,5,-0.033569336,-0.033580780,-0.000011444,0.000011444,0.000000346,false
002,69,0,-2.160493374,-2.160490990,0.000002384,0.000002384,0.000021615,true
002,69,1,-11.563705444,-11.563732147,-0.000026703,0.000026703,0.000115647,true
002,69,2,-48.425724030,-48.425716400,0.000007629,0.000007629,0.000484267,true
002,69,3,103.267288208,103.267272949,-0.000015259,0.000015259,0.001032683,true
002,69,4,-13.370840073,-13.370838165,0.000001907,0.000001907,0.000133718,true
002,69,5,0.161651611,0.161655426,0.000003815,0.000003815,0.000001627,false
002,70,0,-2.313211918,-2.313213825,-0.000001907,0.000001907,0.000023142,true
002,70,1,-13.981174469,-13.981243134,-0.000068665,0.000068665,0.000139822,true
002,70,2,-45.004566193,-45.004428864,0.000137329,0.000137329,0.000450056,true
002,70,3,103.254936218,103.254898071,-0.000038147,0.000038147,0.001032559,true
002,70,4,-13.728830338,-13.728823662,0.000006676,0.000006676,0.000137298,true
002,70,5,0.192272186,0.192272186,0.000000000,0.000000000,0.000001933,true
002,71,0,-2.377989054,-2.377983570,0.000005484,0.000005484,0.000023790,true
002,71,1,-16.213668823,-16.213691711,-0.000022888,0.000022888,0.000162147,true
002,71,2,-41.948749542,-41.948665619,0.000083923,0.000083923,0.000419497,true
002,71,3,103.219131470,103.219154358,0.000022888,0.000022888,0.001032201,true
002,71,4,-13.899864197,-13.899868965,-0.000004768,0.000004768,0.000139009,true
002,71,5,0.274501801,0.274486542,-0.000015259,0.000015259,0.000002755,false
002,72,0,-2.458962202,-2.458962202,0.000000000,0.000000000,0.000024600,true
002,72,1,-18.766288757,-18.766326904,-0.000038147,0.000038147,0.000187673,true
002,72,2,-38.288204193,-38.288173676,0.000030518,0.000030518,0.000382892,true
002,72,3,103.095329285,103.095314026,-0.000015259,0.000015259,0.001030963,true
002,72,4,-13.889516830,-13.889515877,0.000000954,0.000000954,0.000138905,true
002,72,5,0.230445862,0.230438232,-0.000007629,0.000007629,0.000002314,false
002,73,0,-2.557135582,-2.557134867,0.000000715,0.000000715,0.000025581,true
002,73,1,-20.527217865,-20.527248383,-0.000030518,0.000030518,0.000205282,true
002,73,2,-35.719600677,-35.719501495,0.000099182,0.000099182,0.000357206,true
002,73,3,102.851936340,102.851959229,0.000022888,0.000022888,0.001028529,true
002,73,4,-13.909676552,-13.909680367,-0.000003815,0.000003815,0.000139107,true
002,73,5,0.211704254,0.211715698,0.000011444,0.000011444,0.000002127,false
002,74,0,-2.569533348,-2.569531918,0.000001431,0.000001431,0.000025705,true
002,74,1,-21.965206146,-21.965255737,-0.000049591,0.000049591,0.000219662,true
002,74,2,-33.696376801,-33.696254730,0.000122070,0.000122070,0.000336974,true
002,74,3,102.653961182,102.653991699,0.000030518,0.000030518,0.001026550,true
002,74,4,-13.798555374,-13.798553467,0.000001907,0.000001907,0.000137996,true
002,74,5,0.180683136,0.180671692,-0.000011444,0.000011444,0.000001817,false
002,75,0,-2.612569332,-2.612566471,0.000002861,0.000002861,0.000026136,true
002,75,1,-23.337001801,-23.337017059,-0.000015259,0.000015259,0.000233380,true
002,75,2,-31.895015717,-31.894977570,0.000038147,0.000038147,0.000318960,true
002,75,3,102.363563538,102.363540649,-0.000022888,0.000022888,0.001023646,true
002,75,4,-13.704242706,-13.704238892,0.000003815,0.000003815,0.000137052,true
002,75,5,0.140861511,0.140861511,0.000000000,0.000000000,0.000001419,true
002,76,0,-2.659406424,-2.659403801,0.000002623,0.000002623,0.000026604,true
002,76,1,-25.172519684,-25.172550201,-0.000030518,0.000030518,0.000251735,true
002,76,2,-29.353626251,-29.353603363,0.000022888,0.000022888,0.000293546,true
002,76,3,101.748512268,101.748542786,0.000030518,0.000030518,0.001017495,true
002,76,4,-13.536012650,-13.536009789,0.000002861,0.000002861,0.000135370,true
002,76,5,0.150825500,0.150817871,-0.000007629,0.000007629,0.000001518,false
002,77,0,-2.668476820,-2.668478727,-0.000001907,0.000001907,0.000026695,true
002,77,1,-26.394506454,-26.394529343,-0.000022888,0.000022888,0.000263955,true
002,77,2,-27.993602753,-27.993595123,0.000007629,0.000007629,0.000279946,true
002,77,3,101.384422302,101.384414673,-0.000007629,0.000007629,0.001013854,true
002,77,4,-13.312473297,-13.312471390,0.000001907,0.000001907,0.000133135,true
002,77,5,0.165031433,0.165054321,0.000022888,0.000022888,0.000001660,false
002,78,0,-2.668909550,-2.668907166,0.000002384,0.000002384,0.000026699,true
002,78,1,-27.260883331,-27.260932922,-0.000049591,0.000049591,0.000272619,true
002,78,2,-26.719257355,-26.719219208,0.000038147,0.000038147,0.000267203,true
002,78,3,101.333457947,101.333457947,0.000000000,0.000000000,0.001013345,true
002,78,4,-13.209259033,-13.209256172,0.000002861,0.000002861,0.000132103,true
002,78,5,0.091434479,0.091480255,0.000045776,0.000045776,0.000000924,false
002,79,0,-2.757801294,-2.757800102,0.000001192,0.000001192,0.000027588,true
002,79,1,-28.785923004,-28.785928726,-0.000005722,0.000005722,0.000287869,true
002,79,2,-24.816967010,-24.816921234,0.000045776,0.000045776,0.000248180,true
002,79,3,100.784309387,100.784286499,-0.000022888,0.000022888,0.001007853,true
002,79,4,-13.006516457,-13.006522179,-0.000005722,0.000005722,0.000130075,true
002,79,5,0.077186584,0.077213287,0.000026703,0.000026703,0.000000782,false
002,80,0,-2.777463436,-2.777463913,-0.000000477,0.000000477,0.000027785,true
002,80,1,-30.094264984,-30.094293594,-0.000028610,0.000028610,0.000300953,true
002,80,2,-23.208629608,-23.208637238,-0.000007629,0.000007629,0.000232096,true
002,80,3,100.308807373,100.308822632,0.000015259,0.000015259,0.001003098,true
002,80,4,-12.727686882,-12.727684021,0.000002861,0.000002861,0.000127287,true
002,80,5,-0.038650513,-0.038646698,0.000003815,0.000003815,0.000000397,false
002,81,0,-2.779110432,-2.779112816,-0.000002384,0.000002384,0.000027801,true
002,81,1,-30.776195526,-30.776260376,-0.000064850,0.000064850,0.000307772,true
002,81,2,-22.460803986,-22.460697174,0.000106812,0.000106812,0.000224618,true
002,81,3,99.990776062,99.990730286,-0.000045776,0.000045776,0.000999918,true
002,81,4,-12.456589699,-12.456589699,0.000000000,0.000000000,0.000124576,true
002,81,5,-0.042724609,-0.042716980,0.000007629,0.000007629,0.000000437,false
002,82,0,-2.751802921,-2.751802206,0.000000715,0.000000715,0.000027528,true
002,82,1,-31.521612167,-31.521638870,-0.000026703,0.000026703,0.000315226,true
002,82,2,-21.441047668,-21.441005707,0.000041962,0.000041962,0.000214420,true
002,82,3,99.710639954,99.710639954,0.000000000,0.000000000,0.000997116,true
002,82,4,-12.285206795,-12.285205841,0.000000954,0.000000954,0.000122862,true
002,82,5,-0.042057037,-0.042083740,-0.000026703,0.000026703,0.000000431,false
002,83,0,-2.806989670,-2.806987524,0.000002146,0.000002146,0.000028080,true
002,83,1,-32.704856873,-32.704891205,-0.000034332,0.000034332,0.000327059,true
002,83,2,-19.896965027,-19.896949768,0.000015259,0.000015259,0.000198980,true
002,83,3,99.043869019,99.043876648,0.000007629,0.000007629,0.000990449,true
002,83,4,-11.775281906,-11.775282860,-0.000000954,0.000000954,0.000117763,true
002,83,5,-0.093349457,-0.093357086,-0.000007629,0.000007629,0.000000943,false
002,84,0,-2.818152905,-2.818151236,0.000001669,0.000001669,0.000028192,true
002,84,1,-33.400115967,-33.400127411,-0.000011444,0.000011444,0.000334011,true
002,84,2,-19.100166321,-19.100131989,0.000034332,0.000034332,0.000191012,true
002,84,3,98.390136719,98.390113831,-0.000022888,0.000022888,0.000983911,true
002,84,4,-11.277801514,-11.277811050,-0.000009537,0.000009537,0.000112788,true
002,84,5,-0.200237274,-0.200248718,-0.000011444,0.000011444,0.000002012,false
002,85,0,-2.867317677,-2.867315531,0.000002146,0.000002146,0.000028683,true
002,85,1,-34.529006958,-34.528984070,0.000022888,0.000022888,0.000345300,true
002,85,2,-17.589992523,-17.589984894,0.000007629,0.000007629,0.000175910,true
002,85,3,97.187812805,97.187789917,-0.000022888,0.000022888,0.000971888,true
002,85,4,-10.569796562,-10.569805145,-0.000008583,0.000008583,0.000105708,true
002,85,5,-0.160812378,-0.160816193,-0.000003815,0.000003815,0.000001618,false
002,86,0,-2.996751308,-2.996747971,0.000003338,0.000003338,0.000029978,true
002,86,1,-35.097370148,-35.097358704,0.000011444,0.000011444,0.000350984,true
002,86,2,-16.629169464,-16.629196167,-0.000026703,0.000026703,0.000166302,true
002,86,3,96.418067932,96.418090820,0.000022888,0.000022888,0.000964191,true
002,86,4,-9.979001999,-9.979013443,-0.000011444,0.000011444,0.000099800,true
002,86,5,-0.240776062,-0.240760803,0.000015259,0.000015259,0.000002418,false
002,87,0,-3.425826073,-3.425819397,0.000006676,0.000006676,0.000034268,true
002,87,1,-35.958618164,-35.958641052,-0.000022888,0.000022888,0.000359596,true
002,87,2,-15.257076263,-15.257045746,0.000030518,0.000030518,0.000152581,true
002,87,3,93.735229492,93.735267639,0.000038147,0.000038147,0.000937362,true
002,87,4,-8.143096924,-8.143122673,-0.000025749,0.000025749,0.000081441,true
002,87,5,-0.417919159,-0.417942047,-0.000022888,0.000022888,0.000004189,false
002,88,0,-3.460986376,-3.460978031,0.000008345,0.000008345,0.000034620,true
002,88,1,-35.906974792,-35.906974792,0.000000000,0.000000000,0.000359080,true
002,88,2,-15.513500214,-15.513515472,-0.000015259,0.000015259,0.000155145,true
002,88,3,93.612617493,93.612648010,0.000030518,0.000030518,0.000936136,true
002,88,4,-7.877200603,-7.877226830,-0.000026226,0.000026226,0.000078782,true
002,88,5,-0.388500214,-0.388511658,-0.000011444,0.000011444,0.000003895,false
002,89,0,-3.904255867,-3.904247284,0.000008583,0.000008583,0.000039053,true
002,89,1,-36.587402344,-36.587402344,0.000000000,0.000000000,0.000365884,true
002,89,2,-14.281185150,-14.281177521,0.000007629,0.000007629,0.000142822,true
002,89,3,90.775413513,90.775459290,0.000045776,0.000045776,0.000907764,true
002,89,4,-5.945962906,-5.945989609,-0.000026703,0.000026703,0.000059470,true
002,89,5,-0.444641113,-0.444629669,0.000011444,0.000011444,0.000004456,false
002,90,0,-4.013666153,-4.013661385,0.000004768,0.000004768,0.000040147,true
002,90,1,-37.004123688,-37.004142761,-0.000019073,0.000019073,0.000370051,true
002,90,2,-13.675079346,-13.675086975,-0.000007629,0.000007629,0.000136761,true
002,90,3,90.048912048,90.048919678,0.000007629,0.000007629,0.000900499,true
002,90,4,-5.449351311,-5.449362278,-0.000010967,0.000010967,0.000054504,true
002,90,5,-0.505767822,-0.505729675,0.000038147,0.000038147,0.000005068,false
002,91,0,-4.448477745,-4.448471069,0.000006676,0.000006676,0.000044495,true
002,91,1,-37.174083710,-37.174095154,-0.000011444,0.000011444,0.000371751,true
002,91,2,-13.448352814,-13.448314667,0.000038147,0.000038147,0.000134494,true
002,91,3,87.670066833,87.670097351,0.000030518,0.000030518,0.000876711,true
002,91,4,-3.867523670,-3.867542267,-0.000018597,0.000018597,0.000038685,true
002,91,5,-0.352207184,-0.352203369,0.000003815,0.000003815,0.000003532,false
002,92,0,-4.590105057,-4.590100765,0.000004292,0.000004292,0.000045911,true
002,92,1,-37.257457733,-37.257484436,-0.000026703,0.000026703,0.000372585,true
002,92,2,-13.768875122,-13.768856049,0.000019073,0.000019073,0.000137699,true
002,92,3,86.792236328,86.792221069,-0.000015259,0.000015259,0.000867932,true
002,92,4,-3.114201546,-3.114209175,-0.000007629,0.000007629,0.000031152,true
002,92,5,-0.282089233,-0.282062531,0.000026703,0.000026703,0.000002831,false
002,93,0,-4.797775745,-4.797771931,0.000003815,0.000003815,0.000047988,true
002,93,1,-37.497440338,-37.497451782,-0.000011444,0.000011444,0.000374984,true
002,93,2,-13.695114136,-13.695075989,0.000038147,0.000038147,0.000136961,true
002,93,3,85.914360046,85.914344788,-0.000015259,0.000015259,0.000859154,true
002,93,4,-2.587587595,-2.587593079,-0.000005484,0.000005484,0.000025886,true
002,93,5,-0.326652527,-0.326625824,0.000026703,0.000026703,0.000003277,false
002,94,0,-4.828395844,-4.828395367,0.000000477,0.000000477,0.000048294,true
002,94,1,-37.273048401,-37.273033142,0.000015259,0.000015259,0.000372740,true
002,94,2,-14.179843903,-14.179801941,0.000041962,0.000041962,0.000141808,true
002,94,3,85.851020813,85.850967407,-0.000053406,0.000053406,0.000858520,true
002,94,4,-2.384373188,-2.384375572,-0.000002384,0.000002384,0.000023854,true
002,94,5,-0.321121216,-0.321117401,0.000003815,0.000003815,0.000003221,false
002,95,0,-4.927343845,-4.927342892,0.000000954,0.000000954,0.000049283,true
002,95,1,-37.423820496,-37.423816681,0.000003815,0.000003815,0.000374248,true
002,95,2,-14.114566803,-14.114536285,0.000030518,0.000030518,0.000141156,true
002,95,3,85.458412170,85.458404541,-0.000007629,0.000007629,0.000854594,true
002,95,4,-2.173058033,-2.173059702,-0.000001669,0.000001669,0.000021741,true
002,95,5,-0.347126007,-0.347148895,-0.000022888,0.000022888,0.000003481,false
002,96,0,-5.024575233,-5.024573803,0.000001431,0.000001431,0.000050256,true
002,96,1,-37.221977234,-37.221984863,-0.000007629,0.000007629,0.000372230,true
002,96,2,-14.720169067,-14.720176697,-0.000007629,0.000007629,0.000147212,true
002,96,3,85.624374390,85.624397278,0.000022888,0.000022888,0.000856254,true
002,96,4,-2.107553005,-2.107553005,0.000000000,0.000000000,0.000021086,true
002,96,5,-0.194477081,-0.194461823,0.000015259,0.000015259,0.000001955,false
002,97,0,-4.984541416,-4.984543324,-0.000001907,0.000001907,0.000049855,true
002,97,1,-37.344589233,-37.344604492,-0.000015259,0.000015259,0.000373456,true
002,97,2,-14.883499146,-14.883438110,0.000061035,0.000061035,0.000148845,true
002,97,3,85.760238647,85.760223389,-0.000015259,0.000015259,0.000857612,true
002,97,4,-2.099316359,-2.099315643,0.000000715,0.000000715,0.000021003,true
002,97,5,0.073471069,0.073440552,-0.000030518,0.000030518,0.000000745,false
002,98,0,-5.071413994,-5.071412563,0.000001431,0.000001431,0.000050724,true
002,98,1,-37.373275757,-37.373291016,-0.000015259,0.000015259,0.000373743,true
002,98,2,-15.058616638,-15.058616638,0.000000000,0.000000000,0.000150596,true
002,98,3,85.658668518,85.658645630,-0.000022888,0.000022888,0.000856597,true
002,98,4,-2.122929811,-2.122928858,0.000000954,0.000000954,0.000021239,true
002,98,5,0.367393494,0.367427826,0.000034332,0.000034332,0.000003684,false
002,99,0,-5.123485088,-5.123485565,-0.000000477,0.000000477,0.000051245,true
002,99,1,-37.500831604,-37.500823975,0.000007629,0.000007629,0.000375018,true
002,99,2,-15.300655365,-15.300617218,0.000038147,0.000038147,0.000153017,true
002,99,3,85.936622620,85.936622620,0.000000000,0.000000000,0.000859376,true
002,99,4,-2.160061598,-2.160058975,0.000002623,0.000002623,0.000021611,true
002,99,5,3.112518311,3.112525940,0.000007629,0.000007629,0.000031135,true
003,0,0,-3.105345726,-3.105342150,0.000003576,0.000003576,0.000031063,true
003,0,1,11.489082336,11.489074707,-0.000007629,0.000007629,0.000114901,true
003,0,2,-82.652374268,-82.652343750,0.000030518,0.000030518,0.000826534,true
003,0,3,103.143707275,103.143745422,0.000038147,0.000038147,0.001031447,true
003,0,4,-8.961112976,-8.961116791,-0.000003815,0.000003815,0.000089621,true
003,0,5,-0.044658661,-0.044689178,-0.000030518,0.000030518,0.000000457,false
003,1,0,-3.098164558,-3.098159313,0.000005245,0.000005245,0.000030992,true
003,1,1,11.063583374,11.063575745,-0.000007629,0.000007629,0.000110646,true
003,1,2,-81.603225708,-81.603088379,0.000137329,0.000137329,0.000816042,true
003,1,3,103.110572815,103.110557556,-0.000015259,0.000015259,0.001031116,true
003,1,4,-9.157198906,-9.157199860,-0.000000954,0.000000954,0.000091582,true
003,1,5,-0.111103058,-0.111133575,-0.000030518,0.000030518,0.000001121,false
003,2,0,-3.074999332,-3.074995041,0.000004292,0.000004292,0.000030760,true
003,2,1,10.515258789,10.515235901,-0.000022888,0.000022888,0.000105163,true
003,2,2,-80.694671631,-80.694625854,0.000045776,0.000045776,0.000806957,true
003,2,3,103.143203735,103.143203735,0.000000000,0.000000000,0.001031442,true
003,2,4,-9.293228149,-9.293228149,0.000000000,0.000000000,0.000092942,true
003,2,5,-0.301765442,-0.301761627,0.000003815,0.000003815,0.000003028,false
003,3,0,-2.930623055,-2.930618763,0.000004292,0.000004292,0.000029316,true
003,3,1,8.939125061,8.939086914,-0.000038147,0.000038147,0.000089401,true
003,3,2,-78.111282349,-78.111282349,0.000000000,0.000000000,0.000781123,true
003,3,3,103.059432983,103.059341431,-0.000091553,0.000091553,0.001030604,true
003,3,4,-9.475398064,-9.475404739,-0.000006676,0.000006676,0.000094764,true
003,3,5,-0.333553314,-0.333553314,0.000000000,0.000000000,0.000003346,true
003,4,0,-2.650564909,-2.650558472,0.000006437,0.000006437,0.000026516,true
003,4,1,6.392993927,6.392990112,-0.000003815,0.000003815,0.000063940,true
003,4,2,-74.550003052,-74.549835205,0.000167847,0.000167847,0.000745510,true
003,4,3,102.918571472,102.918617249,0.000045776,0.000045776,0.001029196,true
003,4,4,-9.764556885,-9.764564514,-0.000007629,0.000007629,0.000097656,true
003,4,5,-0.487743378,-0.487743378,0.000000000,0.000000000,0.000004887,true
003,5,0,-2.474637747,-2.474628448,0.000009298,0.000009298,0.000024756,true
003,5,1,4.495399475,4.495349884,-0.000049591,0.000049591,0.000044964,false
003,5,2,-71.618240356,-71.618194580,0.000045776,0.000045776,0.000716192,true
003,5,3,102.814445496,102.814453125,0.000007629,0.000007629,0.001028154,true
003,5,4,-10.048755646,-10.048765182,-0.000009537,0.000009537,0.000100498,true
003,5,5,-0.521629333,-0.521606445,0.000022888,0.000022888,0.000005226,false
003,6,0,-2.309324980,-2.309319019,0.000005960,0.000005960,0.000023103,true
003,6,1,2.728923798,2.728874207,-0.000049591,0.000049591,0.000027299,false
003,6,2,-69.103057861,-69.102951050,0.000106812,0.000106812,0.000691041,true
003,6,3,102.777366638,102.777366638,0.000000000,0.000000000,0.001027784,true
003,6,4,-10.171787262,-10.171790123,-0.000002861,0.000002861,0.000101728,true
003,6,5,-0.600681305,-0.600677490,0.000003815,0.000003815,0.000006017,true
003,7,0,-2.051304340,-2.051300049,0.000004292,0.000004292,0.000020523,true
003,7,1,-1.058589935,-1.058616638,-0.000026703,0.000026703,0.000010596,false
003,7,2,-63.827503204,-63.827541351,-0.000038147,0.000038147,0.000638285,true
003,7,3,102.798622131,102.798606873,-0.000015259,0.000015259,0.001027996,true
003,7,4,-10.841685295,-10.841680527,0.000004768,0.000004768,0.000108427,true
003,7,5,-0.553146362,-0.553150177,-0.000003815,0.000003815,0.000005541,true
003,8,0,-1.958899021,-1.958897829,0.000001192,0.000001192,0.000019599,true
003,8,1,-3.825004578,-3.824981689,0.000022888,0.000022888,0.000038260,true
003,8,2,-59.759777069,-59.759738922,0.000038147,0.000038147,0.000597608,true
003,8,3,102.863548279,102.863525391,-0.000022888,0.000022888,0.001028645,true
003,8,4,-11.558721542,-11.558727264,-0.000005722,0.000005722,0.000115597,true
003,8,5,-0.437831879,-0.437828064,0.000003815,0.000003815,0.000004388,true
003,9,0,-1.821947098,-1.821944952,0.000002146,0.000002146,0.000018229,true
003,9,1,-6.914867401,-6.914909363,-0.000041962,0.000041962,0.000069159,true
003,9,2,-55.610729218,-55.610652924,0.000076294,0.000076294,0.000556117,true
003,9,3,102.797004700,102.797058105,0.000053406,0.000053406,0.001027980,true
003,9,4,-11.849650383,-11.849653244,-0.000002861,0.000002861,0.000118507,true
003,9,5,-0.331375122,-0.331398010,-0.000022888,0.000022888,0.000003324,false
003,10,0,-1.846945047,-1.846943855,0.000001192,0.000001192,0.000018479,true
003,10,1,-7.818038940,-7.818077087,-0.000038147,0.000038147,0.000078190,true
003,10,2,-54.262752533,-54.262722015,0.000030518,0.000030518,0.000542638,true
003,10,3,102.750343323,102.750381470,0.000038147,0.000038147,0.001027513,true
003,10,4,-11.929482460,-11.929488182,-0.000005722,0.000005722,0.000119305,true
003,10,5,-0.334102631,-0.334110260,-0.000007629,0.000007629,0.000003351,false
003,11,0,-1.807527542,-1.807526350,0.000001192,0.000001192,0.000018085,true
003,11,1,-10.407039642,-10.407051086,-0.000011444,0.000011444,0.000104080,true
003,11,2,-50.682979584,-50.682918549,0.000061035,0.000061035,0.000506840,true
003,11,3,102.653144836,102.653152466,0.000007629,0.000007629,0.001026541,true
003,11,4,-12.486226082,-12.486237526,-0.000011444,0.000011444,0.000124872,true
003,11,5,-0.198246002,-0.198257446,-0.000011444,0.000011444,0.000001992,false
003,12,0,-1.901490927,-1.901490450,0.000000477,0.000000477,0.000019025,true
003,12,1,-12.639472961,-12.639476776,-0.000003815,0.000003815,0.000126405,true
003,12,2,-47.415172577,-47.415233612,-0.000061035,0.000061035,0.000474162,true
003,12,3,102.563194275,102.563163757,-0.000030518,0.000030518,0.001025642,true
003,12,4,-12.862627983,-12.862633705,-0.000005722,0.000005722,0.000128636,true
003,12,5,-0.112373352,-0.112331390,0.000041962,0.000041962,0.000001134,false
003,13,0,-1.985573292,-1.985574007,-0.000000715,0.000000715,0.000019866,true
003,13,1,-14.882057190,-14.882068634,-0.000011444,0.000011444,0.000148831,true
003,13,2,-44.287311554,-44.287342072,-0.000030518,0.000030518,0.000442883,true
003,13,3,102.432273865,102.432273865,0.000000000,0.000000000,0.001024333,true
003,13,4,-13.251281738,-13.251283646,-0.000001907,0.000001907,0.000132523,true
003,13,5,-0.080513000,-0.080505371,0.000007629,0.000007629,0.000000815,false
003,14,0,-2.048985481,-2.048986912,-0.000001431,0.000001431,0.000020500,true
003,14,1,-16.711708069,-16.711715698,-0.000007629,0.000007629,0.000167127,true
003,14,2,-41.663150787,-41.663127899,0.000022888,0.000022888,0.000416642,true
003,14,3,102.406044006,102.406074524,0.000030518,0.000030518,0.001024070,true
003,14,4,-13.436802864,-13.436806679,-0.000003815,0.000003815,0.000134378,true
003,14,5,0.009338379,0.009353638,0.000015259,0.000015259,0.000000103,false
003,15,0,-2.268113136,-2.268110037,0.000003099,0.000003099,0.000022691,true
003,15,1,-19.218780518,-19.218799591,-0.000019073,0.000019073,0.000192198,true
003,15,2,-37.857807159,-37.857791901,0.000015259,0.000015259,0.000378588,true
003,15,3,102.421348572,102.421356201,0.000007629,0.000007629,0.001024223,true
003,15,4,-13.599323273,-13.599325180,-0.000001907,0.000001907,0.000136003,true
003,15,5,0.107940674,0.107940674,0.000000000,0.000000000,0.000001089,true
003,16,0,-2.219137907,-2.219139576,-0.000001669,0.000001669,0.000022201,true
003,16,1,-20.233509064,-20.233524323,-0.000015259,0.000015259,0.000202345,true
003,16,2,-36.458103180,-36.458080292,0.000022888,0.000022888,0.000364591,true
003,16,3,102.242675781,102.242706299,0.000030518,0.000030518,0.001022437,true
003,16,4,-13.677898407,-13.677899361,-0.000000954,0.000000954,0.000136789,true
003,16,5,0.123443604,0.123432159,-0.000011444,0.000011444,0.000001244,false
003,17,0,-2.316757679,-2.316760302,-0.000002623,0.000002623,0.000023178,true
003,17,1,-21.152843475,-21.152893066,-0.000049591,0.000049591,0.000211538,true
003,17,2,-35.236957550,-35.236843109,0.000114441,0.000114441,0.000352380,true
003,17,3,102.122291565,102.122268677,-0.000022888,0.000022888,0.001021233,true
003,17,4,-13.678997993,-13.679000854,-0.000002861,0.000002861,0.000136800,true
003,17,5,0.091213226,0.091197968,-0.000015259,0.000015259,0.000000922,false
003,18,0,-2.400184393,-2.400179863,0.000004530,0.000004530,0.000024012,true
003,18,1,-23.204402924,-23.204402924,0.000000000,0.000000000,0.000232054,true
003,18,2,-32.218509674,-32.218486786,0.000022888,0.000022888,0.000322195,true
003,18,3,101.856994629,101.857002258,0.000007629,0.000007629,0.001018580,true
003,18,4,-13.749670982,-13.749673843,-0.000002861,0.000002861,0.000137507,true
003,18,5,0.207260132,0.207229614,-0.000030518,0.000030518,0.000002083,false
003,19,0,-2.510443926,-2.510443926,0.000000000,0.000000000,0.000025114,true
003,19,1,-24.859907150,-24.859928131,-0.000020981,0.000020981,0.000248609,true
003,19,2,-30.073215485,-30.073223114,-0.000007629,0.000007629,0.000300742,true
003,19,3,101.537292480,101.537345886,0.000053406,0.000053406,0.001015383,true
003,19,4,-13.564105034,-13.564105034,0.000000000,0.000000000,0.000135651,true
003,19,5,0.161716461,0.161674500,-0.000041962,0.000041962,0.000001627,false
003,20,0,-2.552320957,-2.552319288,0.000001669,0.000001669,0.000025533,true
003,20,1,-26.247539520,-26.247564316,-0.000024796,0.000024796,0.000262485,true
003,20,2,-28.049106598,-28.049037933,0.000068665,0.000068665,0.000280501,true
003,20,3,101.212463379,101.212463379,0.000000000,0.000000000,0.001012135,true
003,20,4,-13.404282570,-13.404280663,0.000001907,0.000001907,0.000134053,true
003,20,5,0.238746643,0.238758087,0.000011444,0.000011444,0.000002397,false
003,21,0,-2.616918564,-2.616919041,-0.000000477,0.000000477,0.000026179,true
003,21,1,-27.368942261,-27.368955612,-0.000013351,0.000013351,0.000273699,true
003,21,2,-26.484539032,-26.484500885,0.000038147,0.000038147,0.000264855,true
003,21,3,100.971061707,100.971099854,0.000038147,0.000038147,0.001009721,true
003,21,4,-13.244311333,-13.244310379,0.000000954,0.000000954,0.000132453,true
003,21,5,0.291336060,0.291332245,-0.000003815,0.000003815,0.000002923,false
003,22,0,-2.633130550,-2.633131742,-0.000001192,0.000001192,0.000026341,true
003,22,1,-28.711217880,-28.711248398,-0.000030518,0.000030518,0.000287122,true
003,22,2,-24.756153107,-24.756130219,0.000022888,0.000022888,0.000247572,true
003,22,3,100.547843933,100.547843933,0.000000000,0.000000000,0.001005488,true
003,22,4,-12.920318604,-12.920323372,-0.000004768,0.000004768,0.000129213,true
003,22,5,0.310684204,0.310703278,0.000019073,0.000019073,0.000003117,false
003,23,0,-2.759849310,-2.759852648,-0.000003338,0.000003338,0.000027608,true
003,23,1,-30.378404617,-30.378402710,0.000001907,0.000001907,0.000303794,true
003,23,2,-22.631404877,-22.631397247,0.000007629,0.000007629,0.000226324,true
003,23,3,99.815406799,99.815429688,0.000022888,0.000022888,0.000998164,true
003,23,4,-12.362316132,-12.362318039,-0.000001907,0.000001907,0.000123633,true
003,23,5,0.201305389,0.201313019,0.000007629,0.000007629,0.000002023,false
003,24,0,-2.780122519,-2.780123234,-0.000000715,0.000000715,0.000027811,true
003,24,1,-31.137161255,-31.137207031,-0.000045776,0.000045776,0.000311382,true
003,24,2,-21.792522430,-21.792491913,0.000030518,0.000030518,0.000217935,true
003,24,3,99.299034119,99.299064636,0.000030518,0.000030518,0.000993000,true
003,24,4,-11.981197357,-11.981194496,0.000002861,0.000002861,0.000119822,true
003,24,5,0.163719177,0.163726807,0.000007629,0.000007629,0.000001647,false
003,25,0,-2.841938734,-2.841942310,-0.000003576,0.000003576,0.000028429,true
003,25,1,-32.298065186,-32.298103333,-0.000038147,0.000038147,0.000322991,true
003,25,2,-20.228542328,-20.228557587,-0.000015259,0.000015259,0.000202295,true
003,25,3,98.533454895,98.533439636,-0.000015259,0.000015259,0.000985345,true
003,25,4,-11.558389664,-11.558395386,-0.000005722,0.000005722,0.000115594,true
003,25,5,0.171138763,0.171131134,-0.000007629,0.000007629,0.000001721,false
003,26,0,-2.932752371,-2.932753325,-0.000000954,0.000000954,0.000029338,true
003,26,1,-34.126426697,-34.126426697,0.000000000,0.000000000,0.000341274,true
003,26,2,-18.105056763,-18.105060577,-0.000003815,0.000003815,0.000181061,true
003,26,3,97.032501221,97.032485962,-0.000015259,0.000015259,0.000970335,true
003,26,4,-10.697435379,-10.697435379,0.000000000,0.000000000,0.000106984,true
003,26,5,0.122604370,0.122596741,-0.000007629,0.000007629,0.000001236,false
003,27,0,-3.049494743,-3.049497604,-0.000002861,0.000002861,0.000030505,true
003,27,1,-35.434501648,-35.434551239,-0.000049591,0.000049591,0.000354355,true
003,27,2,-16.655632019,-16.655555725,0.000076294,0.000076294,0.000166566,true
003,27,3,95.130699158,95.130622864,-0.000076294,0.000076294,0.000951317,true
003,27,4,-9.645957947,-9.645931244,0.000026703,0.000026703,0.000096470,true
003,27,5,0.065280914,0.065273285,-0.000007629,0.000007629,0.000000663,false
003,28,0,-3.204204082,-3.204206467,-0.000002384,0.000002384,0.000032052,true
003,28,1,-35.785034180,-35.785045624,-0.000011444,0.000011444,0.000357860,true
003,28,2,-15.985687256,-15.985668182,0.000019073,0.000019073,0.000159867,true
003,28,3,94.066680908,94.066665649,-0.000015259,0.000015259,0.000940677,true
003,28,4,-8.911447525,-8.911441803,0.000005722,0.000005722,0.000089124,true
003,28,5,0.045120239,0.045135498,0.000015259,0.000015259,0.000000461,false
003,29,0,-3.454095840,-3.454097748,-0.000001907,0.000001907,0.000034551,true
003,29,1,-36.711257935,-36.711296082,-0.000038147,0.000038147,0.000367123,true
003,29,2,-14.553791046,-14.553749084,0.000041962,0.000041962,0.000145548,true
003,29,3,92.157852173,92.157836914,-0.000015259,0.000015259,0.000921589,true
003,29,4,-7.765265465,-7.765255928,0.000009537,0.000009537,0.000077663,true
003,29,5,0.025127411,0.025157928,0.000030518,0.000030518,0.000000261,false
003,30,0,-3.672020912,-3.672017813,0.000003099,0.000003099,0.000036730,true
003,30,1,-37.041038513,-37.041023254,0.000015259,0.000015259,0.000370420,true
003,30,2,-13.939109802,-13.939113617,-0.000003815,0.000003815,0.000139401,true
003,30,3,90.750724792,90.750663757,-0.000061035,0.000061035,0.000907517,true
003,30,4,-6.761257172,-6.761269093,-0.000011921,0.000011921,0.000067623,true
003,30,5,-0.018592834,-0.018566132,0.000026703,0.000026703,0.000000196,false
003,31,0,-3.776494026,-3.776491642,0.000002384,0.000002384,0.000037775,true
003,31,1,-37.222347260,-37.222354889,-0.000007629,0.000007629,0.000372233,true
003,31,2,-13.651733398,-13.651744843,-0.000011444,0.000011444,0.000136527,true
003,31,3,89.951461792,89.951438904,-0.000022888,0.000022888,0.000899525,true
003,31,4,-6.270706654,-6.270712852,-0.000006199,0.000006199,0.000062717,true
003,31,5,0.106056213,0.106052399,-0.000003815,0.000003815,0.000001071,false
003,32,0,-4.169155121,-4.169152260,0.000002861,0.000002861,0.000041702,true
003,32,1,-37.136558533,-37.136569977,-0.000011444,0.000011444,0.000371376,true
003,32,2,-13.613681793,-13.613708496,-0.000026703,0.000026703,0.000136147,true
003,32,3,88.102005005,88.102020264,0.000015259,0.000015259,0.000881030,true
003,32,4,-4.664483070,-4.664505959,-0.000022888,0.000022888,0.000046655,true
003,32,5,0.156230927,0.156257629,0.000026703,0.000026703,0.000001572,false
003,33,0,-4.406828403,-4.406833172,-0.000004768,0.000004768,0.000044078,true
003,33,1,-37.081634521,-37.081634521,0.000000000,0.000000000,0.000370826,true
003,33,2,-13.882534027,-13.882545471,-0.000011444,0.000011444,0.000138835,true
003,33,3,86.989440918,86.989410400,-0.000030518,0.000030518,0.000869904,true
003,33,4,-3.630811214,-3.630797863,0.000013351,0.000013351,0.000036318,true
003,33,5,0.275318146,0.275352478,0.000034332,0.000034332,0.000002763,false
003,34,0,-4.630496025,-4.630495548,0.000000477,0.000000477,0.000046315,true
003,34,1,-37.431274414,-37.431278229,-0.000003815,0.000003815,0.000374323,true
003,34,2,-13.658855438,-13.658836365,0.000019073,0.000019073,0.000136599,true
003,34,3,85.911453247,85.911430359,-0.000022888,0.000022888,0.000859125,true
003,34,4,-2.880846024,-2.880858421,-0.000012398,0.000012398,0.000028818,true
003,34,5,0.244514465,0.244522095,0.000007629,0.000007629,0.000002455,false
003,35,0,-4.849682808,-4.849683285,-0.000000477,0.000000477,0.000048507,true
003,35,1,-36.830371857,-36.830398560,-0.000026703,0.000026703,0.000368314,true
003,35,2,-14.901004791,-14.900989532,0.000015259,0.000015259,0.000149020,true
003,35,3,85.690109253,85.690086365,-0.000022888,0.000022888,0.000856911,true
003,35,4,-2.372876167,-2.372878790,-0.000002623,0.000002623,0.000023739,true
003,35,5,0.288360596,0.288364410,0.000003815,0.000003815,0.000002894,false
003,36,0,-4.977927208,-4.977927208,0.000000000,0.000000000,0.000049789,true
003,36,1,-36.543853760,-36.543853760,0.000000000,0.000000000,0.000365449,true
003,36,2,-15.371280670,-15.371265411,0.000015259,0.000015259,0.000153723,true
003,36,3,85.673439026,85.673408508,-0.000030518,0.000030518,0.000856744,true
003,36,4,-2.274209499,-2.274208784,0.000000715,0.000000715,0.000022752,true
003,36,5,0.210659027,0.210678101,0.000019073,0.000019073,0.000002117,false
003,37,0,-5.088747501,-5.088749886,-0.000002384,0.000002384,0.000050897,true
003,37,1,-36.557807922,-36.557811737,-0.000003815,0.000003815,0.000365588,true
003,37,2,-15.331771851,-15.331832886,-0.000061035,0.000061035,0.000153328,true
003,37,3,85.516571045,85.516624451,0.000053406,0.000053406,0.000855176,true
003,37,4,-2.261073112,-2.261074543,-0.000001431,0.000001431,0.000022621,true
003,37,5,0.187934875,0.187911987,-0.000022888,0.000022888,0.000001889,false
003,38,0,-5.140333652,-5.140336037,-0.000002384,0.000002384,0.000051413,true
003,38,1,-36.341529846,-36.341533661,-0.000003815,0.000003815,0.000363425,true
003,38,2,-15.608470917,-15.608451843,0.000019073,0.000019073,0.000156095,true
003,38,3,85.509651184,85.509613037,-0.000038147,0.000038147,0.000855107,true
003,38,4,-2.291965485,-2.291965961,-0.000000477,0.000000477,0.000022930,true
003,38,5,0.191547394,0.191558838,0.000011444,0.000011444,0.000001925,false
003,39,0,-5.181985855,-5.181984901,0.000000954,0.000000954,0.000051830,true
003,39,1,-36.276679993,-36.276695251,-0.000015259,0.000015259,0.000362777,true
003,39,2,-15.736896515,-15.736869812,0.000026703,0.000026703,0.000157379,true
003,39,3,85.524932861,85.524948120,0.000015259,0.000015259,0.000855259,true
003,39,4,-2.329486370,-2.329486847,-0.000000477,0.000000477,0.000023305,true
003,39,5,0.295352936,0.295322418,-0.000030518,0.000030518,0.000002964,false
003,40,0,-5.236176014,-5.236175537,0.000000477,0.000000477,0.000052372,true
003,40,1,-36.382198334,-36.382205963,-0.000007629,0.000007629,0.000363832,true
003,40,2,-15.589191437,-15.589160919,0.000030518,0.000030518,0.000155902,true
003,40,3,85.332992554,85.332954407,-0.000038147,0.000038147,0.000853340,true
003,40,4,-2.349891663,-2.349892855,-0.000001192,0.000001192,0.000023509,true
003,40,5,0.271987915,0.271999359,0.000011444,0.000011444,0.000002730,false
003,41,0,-5.234703541,-5.234703541,0.000000000,0.000000000,0.000052357,true
003,41,1,-36.095966339,-36.095977783,-0.000011444,0.000011444,0.000360970,true
003,41,2,-16.112949371,-16.112949371,0.000000000,0.000000000,0.000161139,true
003,41,3,85.750732422,85.750740051,0.000007629,0.000007629,0.000857517,true
003,41,4,-2.383688211,-2.383687735,0.000000477,0.000000477,0.000023847,true
003,41,5,0.728042603,0.728008270,-0.000034332,0.000034332,0.000007290,false
003,42,0,-5.252844810,-5.252845764,-0.000000954,0.000000954,0.000052538,true
003,42,1,-36.143218994,-36.143238068,-0.000019073,0.000019073,0.000361442,true
003,42,2,-16.033241272,-16.033218384,0.000022888,0.000022888,0.000160342,true
003,42,3,85.671043396,85.671020508,-0.000022888,0.000022888,0.000856720,true
003,42,4,-2.400950432,-2.400951624,-0.000001192,0.000001192,0.000024020,true
003,42,5,0.812786102,0.812808990,0.000022888,0.000022888,0.000008138,false
003,43,0,-5.250047207,-5.250047684,-0.000000477,0.000000477,0.000052510,true
003,43,1,-36.034500122,-36.034523010,-0.000022888,0.000022888,0.000360355,true
003,43,2,-16.229473114,-16.229461670,0.000011444,0.000011444,0.000162305,true
003,43,3,85.906242371,85.906257629,0.000015259,0.000015259,0.000859072,true
003,43,4,-2.452715635,-2.452717304,-0.000001669,0.000001669,0.000024537,true
003,43,5,4.582675934,4.582790375,0.000114441,0.000114441,0.000045837,false
003,44,0,-5.267652512,-5.267651558,0.000000954,0.000000954,0.000052687,true
003,44,1,-36.132297516,-36.132301331,-0.000003815,0.000003815,0.000361333,true
003,44,2,-16.144363403,-16.144317627,0.000045776,0.000045776,0.000161454,true
003,44,3,85.905227661,85.905189514,-0.000038147,0.000038147,0.000859062,true
003,44,4,-2.445416451,-2.445418835,-0.000002384,0.000002384,0.000024464,true
003,44,5,6.364784241,6.364849091,0.000064850,0.000064850,0.000063658,false
003,45,0,-5.246861458,-5.246861935,-0.000000477,0.000000477,0.000052479,true
003,45,1,-36.061286926,-36.061302185,-0.000015259,0.000015259,0.000360623,true
003,45,2,-16.325283051,-16.325294495,-0.000011444,0.000011444,0.000163263,true
003,45,3,86.109970093,86.109962463,-0.000007629,0.000007629,0.000861110,true
003,45,4,-2.449504375,-2.449505329,-0.000000954,0.000000954,0.000024505,true
003,45,5,11.717315674,11.717388153,0.000072479,0.000072479,0.000117183,true
003,46,0,-5.286177635,-5.286179066,-0.000001431,0.000001431,0.000052872,true
003,46,1,-35.986557007,-35.986553192,0.000003815,0.000003815,0.000359876,true
003,46,2,-16.414623260,-16.414657593,-0.000034332,0.000034332,0.000164156,true
003,46,3,86.225837708,86.225822449,-0.000015259,0.000015259,0.000862268,true
003,46,4,-2.472341537,-2.472342491,-0.000000954,0.000000954,0.000024733,true
003,46,5,17.626794815,17.626907349,0.000112534,0.000112534,0.000176278,true
003,47,0,-5.307300568,-5.307302952,-0.000002384,0.000002384,0.000053083,true
003,47,1,-35.940593719,-35.940589905,0.000003815,0.000003815,0.000359416,true
003,47,2,-16.462459564,-16.462448120,0.000011444,0.000011444,0.000164635,true
003,47,3,86.287971497,86.287986755,0.000015259,0.000015259,0.000862890,true
003,47,4,-2.456255198,-2.456254482,0.000000715,0.000000715,0.000024573,true
003,47,5,23.219455719,23.219491959,0.000036240,0.000036240,0.000232205,true
003,48,0,-5.377989292,-5.377990246,-0.000000954,0.000000954,0.000053790,true
003,48,1,-36.098850250,-36.098865509,-0.000015259,0.000015259,0.000360999,true
003,48,2,-16.308746338,-16.308746338,0.000000000,0.000000000,0.000163097,true
003,48,3,86.223983765,86.224029541,0.000045776,0.000045776,0.000862250,true
003,48,4,-2.475906849,-2.475907326,-0.000000477,0.000000477,0.000024769,true
003,48,5,28.976236343,28.976343155,0.000106812,0.000106812,0.000289772,true
003,49,0,-5.361588955,-5.361588001,0.000000954,0.000000954,0.000053626,true
003,49,1,-36.080566406,-36.080566406,0.000000000,0.000000000,0.000360816,true
003,49,2,-16.317512512,-16.317562103,-0.000049591,0.000049591,0.000163185,true
003,49,3,86.235260010,86.235244751,-0.000015259,0.000015259,0.000862363,true
003,49,4,-2.471215963,-2.471216679,-0.000000715,0.000000715,0.000024722,true
003,49,5,27.995162964,27.995166779,0.000003815,0.000003815,0.000279962,true
003,50,0,-5.427167416,-5.427167416,0.000000000,0.000000000,0.000054282,true
003,50,1,-36.142635345,-36.142639160,-0.000003815,0.000003815,0.000361436,true
003,50,2,-16.245826721,-16.245861053,-0.000034332,0.000034332,0.000162468,true
003,50,3,86.161964417,86.161941528,-0.000022888,0.000022888,0.000861630,true
003,50,4,-2.494426250,-2.494426250,0.000000000,0.000000000,0.000024954,true
003,50,5,35.507747650,35.507759094,0.000011444,0.000011444,0.000355087,true
003,51,0,-5.514460564,-5.514459610,0.000000954,0.000000954,0.000055155,true
003,51,1,-36.189888000,-36.189888000,0.000000000,0.000000000,0.000361909,true
003,51,2,-16.156253815,-16.156211853,0.000041962,0.000041962,0.000161573,true
003,51,3,86.085647583,86.085670471,0.000022888,0.000022888,0.000860866,true
003,51,4,-2.509036541,-2.509036303,0.000000238,0.000000238,0.000025100,true
003,51,5,39.733547211,39.733566284,0.000019073,0.000019073,0.000397345,true
003,52,0,-5.594971657,-5.594971657,0.000000000,0.000000000,0.000055960,true
003,52,1,-36.120506287,-36.120506287,0.000000000,0.000000000,0.000361215,true
003,52,2,-16.208240509,-16.208286285,-0.000045776,0.000045776,0.000162092,true
003,52,3,86.119125366,86.119132996,0.000007629,0.000007629,0.000861201,true
003,52,4,-2.517599583,-2.517599344,0.000000238,0.000000238,0.000025186,true
003,52,5,44.215873718,44.215911865,0.000038147,0.000038147,0.000442169,true
003,53,0,-5.624812603,-5.624812126,0.000000477,0.000000477,0.000056258,true
003,53,1,-36.160324097,-36.160320282,0.000003815,0.000003815,0.000361613,true
003,53,2,-16.145427704,-16.145423889,0.000003815,0.000003815,0.000161464,true
003,53,3,86.081192017,86.081199646,0.000007629,0.000007629,0.000860822,true
003,53,4,-2.524959087,-2.524959803,-0.000000715,0.000000715,0.000025260,true
003,53,5,45.085803986,45.085857391,0.000053406,0.000053406,0.000450868,true
003,54,0,-5.687461376,-5.687463760,-0.000002384,0.000002384,0.000056885,true
003,54,1,-36.154609680,-36.154609680,0.000000000,0.000000000,0.000361556,true
003,54,2,-16.137866974,-16.137844086,0.000022888,0.000022888,0.000161389,true
003,54,3,86.025856018,86.025833130,-0.000022888,0.000022888,0.000860269,true
003,54,4,-2.535996675,-2.535997391,-0.000000715,0.000000715,0.000025370,true
003,54,5,47.512184143,47.512195587,0.000011444,0.000011444,0.000475132,true
003,55,0,-5.691261768,-5.691260338,0.000001431,0.000001431,0.000056923,true
003,55,1,-36.070632935,-36.070644379,-0.000011444,0.000011444,0.000360716,true
003,55,2,-16.242889404,-16.242835999,0.000053406,0.000053406,0.000162439,true
003,55,3,86.050048828,86.050071716,0.000022888,0.000022888,0.000860510,true
003,55,4,-2.521055698,-2.521055698,0.000000000,0.000000000,0.000025221,true
003,55,5,47.637424469,47.637420654,-0.000003815,0.000003815,0.000476384,true
003,56,0,-5.720461845,-5.720461369,0.000000477,0.000000477,0.000057215,true
003,56,1,-36.110412598,-36.110420227,-0.000007629,0.000007629,0.000361114,true
003,56,2,-16.196456909,-16.196437836,0.000019073,0.000019073,0.000161975,true
003,56,3,85.989837646,85.989799500,-0.000038147,0.000038147,0.000859908,true
003,56,4,-2.527252197,-2.527252674,-0.000000477,0.000000477,0.000025283,true
003,56,5,47.990734100,47.990737915,0.000003815,0.000003815,0.000479917,true
003,57,0,-5.771653175,-5.771653652,-0.000000477,0.000000477,0.000057727,true
003,57,1,-36.282745361,-36.282752991,-0.000007629,0.000007629,0.000362837,true
003,57,2,-16.050090790,-16.050060272,0.000030518,0.000030518,0.000160511,true
003,57,3,85.916511536,85.916511536,0.000000000,0.000000000,0.000859175,true
003,57,4,-2.540490150,-2.540490627,-0.000000477,0.000000477,0.000025415,true
003,57,5,48.497398376,48.497409821,0.000011444,0.000011444,0.000484984,true
003,58,0,-5.771163464,-5.771163940,-0.000000477,0.000000477,0.000057722,true
003,58,1,-36.307254791,-36.307266235,-0.000011444,0.000011444,0.000363083,true
003,58,2,-16.038780212,-16.038757324,0.000022888,0.000022888,0.000160398,true
003,58,3,85.921363831,85.921363831,0.000000000,0.000000000,0.000859224,true
003,58,4,-2.541229486,-2.541229963,-0.000000477,0.000000477,0.000025422,true
003,58,5,48.571727753,48.571735382,0.000007629,0.000007629,0.000485727,true
003,59,0,-5.774985790,-5.774985790,0.000000000,0.000000000,0.000057760,true
003,59,1,-36.233909607,-36.233909607,0.000000000,0.000000000,0.000362349,true
003,59,2,-16.135414124,-16.135433197,-0.000019073,0.000019073,0.000161364,true
003,59,3,85.925270081,85.925262451,-0.000007629,0.000007629,0.000859263,true
003,59,4,-2.528095961,-2.528096676,-0.000000715,0.000000715,0.000025291,true
003,59,5,48.583930969,48.583938599,0.000007629,0.000007629,0.000485849,true
003,60,0,-5.788602829,-5.788604259,-0.000001431,0.000001431,0.000057896,true
003,60,1,-36.279712677,-36.279724121,-0.000011444,0.000011444,0.000362807,true
003,60,2,-16.087249756,-16.087219238,0.000030518,0.000030518,0.000160882,true
003,60,3,85.897499084,85.897468567,-0.000030518,0.000030518,0.000858985,true
003,60,4,-2.531168222,-2.531167507,0.000000715,0.000000715,0.000025322,true
003,60,5,48.742660522,48.742664337,0.000003815,0.000003815,0.000487437,true
003,61,0,-5.777707100,-5.777708530,-0.000001431,0.000001431,0.000057787,true
003,61,1,-36.092277527,-36.092288971,-0.000011444,0.000011444,0.000360933,true
003,61,2,-16.308418274,-16.308399200,0.000019073,0.000019073,0.000163094,true
003,61,3,85.980636597,85.980651855,0.000015259,0.000015259,0.000859816,true
003,61,4,-2.515582561,-2.515583515,-0.000000954,0.000000954,0.000025166,true
003,61,5,48.494827271,48.494827271,0.000000000,0.000000000,0.000484958,true
003,62,0,-5.779746532,-5.779748440,-0.000001907,0.000001907,0.000057807,true
003,62,1,-36.053264618,-36.053253174,0.000011444,0.000011444,0.000360543,true
003,62,2,-16.338783264,-16.338779449,0.000003815,0.000003815,0.000163398,true
003,62,3,85.975059509,85.975067139,0.000007629,0.000007629,0.000859761,true
003,62,4,-2.511560440,-2.511559486,0.000000954,0.000000954,0.000025126,true
003,62,5,48.504833221,48.504837036,0.000003815,0.000003815,0.000485058,true
003,63,0,-5.796689987,-5.796688557,0.000001431,0.000001431,0.000057977,true
003,63,1,-36.127006531,-36.127006531,0.000000000,0.000000000,0.000361280,true
003,63,2,-16.278526306,-16.278495789,0.000030518,0.000030518,0.000162795,true
003,63,3,85.939674377,85.939659119,-0.000015259,0.000015259,0.000859407,true
003,63,4,-2.516551495,-2.516551256,0.000000238,0.000000238,0.000025176,true
003,63,5,48.683742523,48.683746338,0.000003815,0.000003815,0.000486847,true
003,64,0,-5.805834770,-5.805836201,-0.000001431,0.000001431,0.000058068,true
003,64,1,-36.129844666,-36.129848480,-0.000003815,0.000003815,0.000361308,true
003,64,2,-16.261131287,-16.261089325,0.000041962,0.000041962,0.000162621,true
003,64,3,85.929183960,85.929199219,0.000015259,0.000015259,0.000859302,true
003,64,4,-2.521187782,-2.521188259,-0.000000477,0.000000477,0.000025222,true
003,64,5,48.737766266,48.737773895,0.000007629,0.000007629,0.000487388,true
003,65,0,-5.791298389,-5.791297436,0.000000954,0.000000954,0.000057923,true
003,65,1,-36.132976532,-36.132980347,-0.000003815,0.000003815,0.000361340,true
003,65,2,-16.280780792,-16.280799866,-0.000019073,0.000019073,0.000162818,true
003,65,3,85.962173462,85.962142944,-0.000030518,0.000030518,0.000859632,true
003,65,4,-2.513080597,-2.513079405,0.000001192,0.000001192,0.000025141,true
003,65,5,48.653785706,48.653785706,0.000000000,0.000000000,0.000486548,true
003,66,0,-5.797339916,-5.797339439,0.000000477,0.000000477,0.000057983,true
003,66,1,-36.013717651,-36.013725281,-0.000007629,0.000007629,0.000360147,true
003,66,2,-16.408802032,-16.408794403,0.000007629,0.000007629,0.000164098,true
003,66,3,85.964942932,85.964904785,-0.000038147,0.000038147,0.000859659,true
003,66,4,-2.508841753,-2.508841515,0.000000238,0.000000238,0.000025098,true
003,66,5,48.591644287,48.591644287,0.000000000,0.000000000,0.000485926,true
003,67,0,-5.800869465,-5.800868988,0.000000477,0.000000477,0.000058019,true
003,67,1,-36.072540283,-36.072555542,-0.000015259,0.000015259,0.000360735,true
003,67,2,-16.365375519,-16.365329742,0.000045776,0.000045776,0.000163664,true
003,67,3,85.967933655,85.967926025,-0.000007629,0.000007629,0.000859689,true
003,67,4,-2.510255337,-2.510255337,0.000000000,0.000000000,0.000025113,true
003,67,5,48.636325836,48.636329651,0.000003815,0.000003815,0.000486373,true
003,68,0,-5.799780846,-5.799781322,-0.000000477,0.000000477,0.000058008,true
003,68,1,-36.025474548,-36.025482178,-0.000007629,0.000007629,0.000360265,true
003,68,2,-16.413257599,-16.413272858,-0.000015259,0.000015259,0.000164143,true
003,68,3,85.975547791,85.975509644,-0.000038147,0.000038147,0.000859765,true
003,68,4,-2.505102634,-2.505103588,-0.000000954,0.000000954,0.000025061,true
003,68,5,48.631889343,48.631896973,0.000007629,0.000007629,0.000486329,true
003,69,0,-5.793217182,-5.793217182,0.000000000,0.000000000,0.000057942,true
003,69,1,-35.989128113,-35.989135742,-0.000007629,0.000007629,0.000359901,true
003,69,2,-16.459522247,-16.459518433,0.000003815,0.000003815,0.000164605,true
003,69,3,85.990997314,85.991004944,0.000007629,0.000007629,0.000859920,true
003,69,4,-2.502564907,-2.502564669,0.000000238,0.000000238,0.000025036,true
003,69,5,48.535591125,48.535587311,-0.000003815,0.000003815,0.000485366,true
003,70,0,-5.813648224,-5.813648224,0.000000000,0.000000000,0.000058146,true
003,70,1,-36.046401978,-36.046398163,0.000003815,0.000003815,0.000360474,true
003,70,2,-16.392303467,-16.392318726,-0.000015259,0.000015259,0.000163933,true
003,70,3,85.962127686,85.962127686,0.000000000,0.000000000,0.000859631,true
003,70,4,-2.507994175,-2.507993460,0.000000715,0.000000715,0.000025090,true
003,70,5,48.681934357,48.681930542,-0.000003815,0.000003815,0.000486829,true
003,71,0,-5.789361954,-5.789361477,0.000000477,0.000000477,0.000057904,true
003,71,1,-36.019287109,-36.019287109,0.000000000,0.000000000,0.000360203,true
003,71,2,-16.430084229,-16.430076599,0.000007629,0.000007629,0.000164311,true
003,71,3,86.010002136,86.010017395,0.000015259,0.000015259,0.000860110,true
003,71,4,-2.501349688,-2.501350403,-0.000000715,0.000000715,0.000025023,true
003,71,5,48.578083038,48.578083038,0.000000000,0.000000000,0.000485791,true
003,72,0,-5.800687313,-5.800687313,0.000000000,0.000000000,0.000058017,true
003,72,1,-35.943420410,-35.943428040,-0.000007629,0.000007629,0.000359444,true
003,72,2,-16.506679535,-16.506698608,-0.000019073,0.000019073,0.000165077,true
003,72,3,86.012199402,86.012222290,0.000022888,0.000022888,0.000860132,true
003,72,4,-2.503224373,-2.503223896,0.000000477,0.000000477,0.000025042,true
003,72,5,48.535427094,48.535434723,0.000007629,0.000007629,0.000485364,true
003,73,0,-5.810374737,-5.810372353,0.000002384,0.000002384,0.000058114,true
003,73,1,-35.939239502,-35.939239502,0.000000000,0.000000000,0.000359402,true
003,73,2,-16.504344940,-16.504367828,-0.000022888,0.000022888,0.000165053,true
003,73,3,85.987373352,85.987373352,0.000000000,0.000000000,0.000859884,true
003,73,4,-2.503515244,-2.503514767,0.000000477,0.000000477,0.000025045,true
003,73,5,48.598136902,48.598136902,0.000000000,0.000000000,0.000485991,true
003,74,0,-5.812732697,-5.812732697,0.000000000,0.000000000,0.000058137,true
003,74,1,-35.903533936,-35.903545380,-0.000011444,0.000011444,0.000359045,true
003,74,2,-16.539131165,-16.539112091,0.000019073,0.000019073,0.000165401,true
003,74,3,85.995002747,85.994987488,-0.000015259,0.000015259,0.000859960,true
003,74,4,-2.503429890,-2.503429890,0.000000000,0.000000000,0.000025044,true
003,74,5,48.547042847,48.547046661,0.000003815,0.000003815,0.000485480,true
003,75,0,-5.824074745,-5.824074268,0.000000477,0.000000477,0.000058251,true
003,75,1,-35.968261719,-35.968254089,0.000007629,0.000007629,0.000359693,true
003,75,2,-16.486957550,-16.486965179,-0.000007629,0.000007629,0.000164880,true
003,75,3,85.998672485,85.998695374,0.000022888,0.000022888,0.000859997,true
003,75,4,-2.507405281,-2.507405043,0.000000238,0.000000238,0.000025084,true
003,75,5,48.639160156,48.639160156,0.000000000,0.000000000,0.000486402,true
003,76,0,-5.810702324,-5.810702324,0.000000000,0.000000000,0.000058117,true
003,76,1,-35.821502686,-35.821502686,0.000000000,0.000000000,0.000358225,true
003,76,2,-16.653804779,-16.653778076,0.000026703,0.000026703,0.000166548,true
003,76,3,86.009307861,86.009307861,0.000000000,0.000000000,0.000860103,true
003,76,4,-2.494498253,-2.494498491,-0.000000238,0.000000238,0.000024955,true
003,76,5,48.488136292,48.488124847,-0.000011444,0.000011444,0.000484891,true
003,77,0,-5.818024635,-5.818023682,0.000000954,0.000000954,0.000058190,true
003,77,1,-35.833473206,-35.833473206,0.000000000,0.000000000,0.000358345,true
003,77,2,-16.638145447,-16.638126373,0.000019073,0.000019073,0.000166391,true
003,77,3,86.024505615,86.024467468,-0.000038147,0.000038147,0.000860255,true
003,77,4,-2.503568649,-2.503568888,-0.000000238,0.000000238,0.000025046,true
003,77,5,48.491367340,48.491371155,0.000003815,0.000003815,0.000484924,true
003,78,0,-5.811429024,-5.811429024,0.000000000,0.000000000,0.000058124,true
003,78,1,-35.837425232,-35.837409973,0.000015259,0.000015259,0.000358384,true
003,78,2,-16.635490417,-16.635501862,-0.000011444,0.000011444,0.000166365,true
003,78,3,86.036582947,86.036598206,0.000015259,0.000015259,0.000860376,true
003,78,4,-2.496959209,-2.496958971,0.000000238,0.000000238,0.000024980,true
003,78,5,48.426555634,48.426559448,0.000003815,0.000003815,0.000484276,true
003,79,0,-5.813113689,-5.813113689,0.000000000,0.000000000,0.000058141,true
003,79,1,-35.838176727,-35.838172913,0.000003815,0.000003815,0.000358392,true
003,79,2,-16.642280579,-16.642242432,0.000038147,0.000038147,0.000166433,true
003,79,3,86.045005798,86.044944763,-0.000061035,0.000061035,0.000860460,true
003,79,4,-2.495871067,-2.495871544,-0.000000477,0.000000477,0.000024969,true
003,79,5,48.471527100,48.471530914,0.000003815,0.000003815,0.000484725,true
003,80,0,-5.827167988,-5.827167988,0.000000000,0.000000000,0.000058282,true
003,80,1,-35.791717529,-35.791717529,0.000000000,0.000000000,0.000357927,true
003,80,2,-16.687511444,-16.687507629,0.000003815,0.000003815,0.000166885,true
003,80,3,86.002029419,86.001998901,-0.000030518,0.000030518,0.000860030,true
003,80,4,-2.501533508,-2.501532555,0.000000954,0.000000954,0.000025025,true
003,80,5,48.505306244,48.505310059,0.000003815,0.000003815,0.000485063,true
003,81,0,-5.821527958,-5.821527958,0.000000000,0.000000000,0.000058225,true
003,81,1,-35.804901123,-35.804901123,0.000000000,0.000000000,0.000358059,true
003,81,2,-16.663337708,-16.663314819,0.000022888,0.000022888,0.000166643,true
003,81,3,86.022247314,86.022232056,-0.000015259,0.000015259,0.000860232,true
003,81,4,-2.500283241,-2.500282288,0.000000954,0.000000954,0.000025013,true
003,81,5,48.522628784,48.522628784,0.000000000,0.000000000,0.000485236,true
003,82,0,-5.837350845,-5.837350368,0.000000477,0.000000477,0.000058384,true
003,82,1,-35.753257751,-35.753250122,0.000007629,0.000007629,0.000357543,true
003,82,2,-16.723583221,-16.723590851,-0.000007629,0.000007629,0.000167246,true
003,82,3,85.989929199,85.989952087,0.000022888,0.000022888,0.000859909,true
003,82,4,-2.506234407,-2.506234169,0.000000238,0.000000238,0.000025072,true
003,82,5,48.499233246,48.499233246,0.000000000,0.000000000,0.000485002,true
003,83,0,-5.810735226,-5.810735703,-0.000000477,0.000000477,0.000058117,true
003,83,1,-35.824760437,-35.824760437,0.000000000,0.000000000,0.000358258,true
003,83,2,-16.662605286,-16.662567139,0.000038147,0.000038147,0.000166636,true
003,83,3,86.042907715,86.042907715,0.000000000,0.000000000,0.000860439,true
003,83,4,-2.495970011,-2.495970249,-0.000000238,0.000000238,0.000024970,true
003,83,5,48.500514984,48.500511169,-0.000003815,0.000003815,0.000485015,true
003,84,0,-5.815476418,-5.815477848,-0.000001431,0.000001431,0.000058165,true
003,84,1,-35.788475037,-35.788459778,0.000015259,0.000015259,0.000357895,true
003,84,2,-16.694515228,-16.694553375,-0.000038147,0.000038147,0.000166955,true
003,84,3,86.070564270,86.070549011,-0.000015259,0.000015259,0.000860716,true
003,84,4,-2.495364666,-2.495364904,-0.000000238,0.000000238,0.000024964,true
003,84,5,48.441989899,48.441986084,-0.000003815,0.000003815,0.000484430,true
003,85,0,-5.838908672,-5.838909149,-0.000000477,0.000000477,0.000058399,true
003,85,1,-35.637565613,-35.637573242,-0.000007629,0.000007629,0.000356386,true
003,85,2,-16.830692291,-16.830688477,0.000003815,0.000003815,0.000168317,true
003,85,3,86.038787842,86.038787842,0.000000000,0.000000000,0.000860398,true
003,85,4,-2.496376753,-2.496376514,0.000000238,0.000000238,0.000024974,true
003,85,5,48.425304413,48.425315857,0.000011444,0.000011444,0.000484263,true
003,86,0,-5.812513351,-5.812512875,0.000000477,0.000000477,0.000058135,true
003,86,1,-35.742279053,-35.742279053,0.000000000,0.000000000,0.000357433,true
003,86,2,-16.764537811,-16.764537811,0.000000000,0.000000000,0.000167655,true
003,86,3,86.059898376,86.059921265,0.000022888,0.000022888,0.000860609,true
003,86,4,-2.493963957,-2.493964195,-0.000000238,0.000000238,0.000024950,true
003,86,5,48.406093597,48.406105042,0.000011444,0.000011444,0.000484071,true
003,87,0,-5.810386181,-5.810386658,-0.000000477,0.000000477,0.000058114,true
003,87,1,-35.744773865,-35.744777679,-0.000003815,0.000003815,0.000357458,true
003,87,2,-16.755470276,-16.755485535,-0.000015259,0.000015259,0.000167565,true
003,87,3,86.063201904,86.063163757,-0.000038147,0.000038147,0.000860642,true
003,87,4,-2.494386196,-2.494386196,0.000000000,0.000000000,0.000024954,true
003,87,5,48.464836121,48.464839935,0.000003815,0.000003815,0.000484658,true
003,88,0,-5.830376625,-5.830375195,0.000001431,0.000001431,0.000058314,true
003,88,1,-35.660629272,-35.660621643,0.000007629,0.000007629,0.000356616,true
003,88,2,-16.802131653,-16.802165985,-0.000034332,0.000034332,0.000168031,true
003,88,3,86.047325134,86.047317505,-0.000007629,0.000007629,0.000860483,true
003,88,4,-2.505550385,-2.505550623,-0.000000238,0.000000238,0.000025066,true
003,88,5,48.456207275,48.456207275,0.000000000,0.000000000,0.000484572,true
003,89,0,-5.858323097,-5.858322620,0.000000477,0.000000477,0.000058593,true
003,89,1,-35.620475769,-35.620483398,-0.000007629,0.000007629,0.000356215,true
003,89,2,-16.875392914,-16.875373840,0.000019073,0.000019073,0.000168764,true
003,89,3,86.006988525,86.006996155,0.000007629,0.000007629,0.000860080,true
003,89,4,-2.513353348,-2.513353109,0.000000238,0.000000238,0.000025144,true
003,89,5,48.484420776,48.484420776,0.000000000,0.000000000,0.000484854,true
003,90,0,-5.826143742,-5.826143742,0.000000000,0.000000000,0.000058271,true
003,90,1,-35.702880859,-35.702880859,0.000000000,0.000000000,0.000357039,true
003,90,2,-16.793724060,-16.793724060,0.000000000,0.000000000,0.000167947,true
003,90,3,86.086761475,86.086723328,-0.000038147,0.000038147,0.000860878,true
003,90,4,-2.504299402,-2.504300594,-0.000001192,0.000001192,0.000025053,true
003,90,5,48.429466248,48.429473877,0.000007629,0.000007629,0.000484305,true
003,91,0,-5.861489773,-5.861489296,0.000000477,0.000000477,0.000058625,true
003,91,1,-35.488117218,-35.488121033,-0.000003815,0.000003815,0.000354891,true
003,91,2,-17.013866425,-17.013874054,-0.000007629,0.000007629,0.000170149,true
003,91,3,86.023277283,86.023284912,0.000007629,0.000007629,0.000860243,true
003,91,4,-2.509255409,-2.509255409,0.000000000,0.000000000,0.000025103,true
003,91,5,48.468265533,48.468269348,0.000003815,0.000003815,0.000484693,true
003,92,0,-5.846519470,-5.846519470,0.000000000,0.000000000,0.000058475,true
003,92,1,-35.568424225,-35.568416595,0.000007629,0.000007629,0.000355694,true
003,92,2,-16.932689667,-16.932701111,-0.000011444,0.000011444,0.000169337,true
003,92,3,86.069099426,86.069122314,0.000022888,0.000022888,0.000860701,true
003,92,4,-2.494961739,-2.494961023,0.000000715,0.000000715,0.000024960,true
003,92,5,48.559959412,48.559967041,0.000007629,0.000007629,0.000485610,true
003,93,0,-5.860271454,-5.860272408,-0.000000954,0.000000954,0.000058613,true
003,93,1,-35.612525940,-35.612518311,0.000007629,0.000007629,0.000356135,true
003,93,2,-16.858554840,-16.858554840,0.000000000,0.000000000,0.000168596,true
003,93,3,86.000289917,86.000267029,-0.000022888,0.000022888,0.000860013,true
003,93,4,-2.513844967,-2.513844490,0.000000477,0.000000477,0.000025148,true
003,93,5,48.520210266,48.520214081,0.000003815,0.000003815,0.000485212,true
003,94,0,-5.881046772,-5.881045341,0.000001431,0.000001431,0.000058820,true
003,94,1,-35.471008301,-35.471015930,-0.000007629,0.000007629,0.000354720,true
003,94,2,-17.041774750,-17.041728973,0.000045776,0.000045776,0.000170428,true
003,94,3,85.978324890,85.978279114,-0.000045776,0.000045776,0.000859793,true
003,94,4,-2.512788773,-2.512789249,-0.000000477,0.000000477,0.000025138,true
003,94,5,48.578117371,48.578125000,0.000007629,0.000007629,0.000485791,true
003,95,0,-5.844266891,-5.844265461,0.000001431,0.000001431,0.000058453,true
003,95,1,-35.611228943,-35.611236572,-0.000007629,0.000007629,0.000356122,true
003,95,2,-16.944343567,-16.944320679,0.000022888,0.000022888,0.000169453,true
003,95,3,86.064285278,86.064270020,-0.000015259,0.000015259,0.000860653,true
003,95,4,-2.512317657,-2.512317657,0.000000000,0.000000000,0.000025133,true
003,95,5,48.630214691,48.630218506,0.000003815,0.000003815,0.000486312,true
003,96,0,-5.898883820,-5.898883820,0.000000000,0.000000000,0.000058999,true
003,96,1,-35.461898804,-35.461902618,-0.000003815,0.000003815,0.000354629,true
003,96,2,-17.089035034,-17.089038849,-0.000003815,0.000003815,0.000170900,true
003,96,3,85.989929199,85.989898682,-0.000030518,0.000030518,0.000859909,true
003,96,4,-2.513213634,-2.513213634,0.000000000,0.000000000,0.000025142,true
003,96,5,48.741970062,48.741966248,-0.000003815,0.000003815,0.000487430,true
003,97,0,-5.881316662,-5.881317616,-0.000000954,0.000000954,0.000058823,true
003,97,1,-35.342773438,-35.342769623,0.000003815,0.000003815,0.000353438,true
003,97,2,-17.177448273,-17.177494049,-0.000045776,0.000045776,0.000171784,true
003,97,3,86.086761475,86.086730957,-0.000030518,0.000030518,0.000860878,true
003,97,4,-2.518920422,-2.518919945,0.000000477,0.000000477,0.000025199,true
003,97,5,48.694042206,48.694049835,0.000007629,0.000007629,0.000486950,true
003,98,0,-5.884143353,-5.884141445,0.000001907,0.000001907,0.000058851,true
003,98,1,-35.399337769,-35.399326324,0.000011444,0.000011444,0.000354003,true
003,98,2,-17.122970581,-17.123001099,-0.000030518,0.000030518,0.000171240,true
003,98,3,86.040550232,86.040519714,-0.000030518,0.000030518,0.000860416,true
003,98,4,-2.517358780,-2.517358541,0.000000238,0.000000238,0.000025184,true
003,98,5,48.953807831,48.953807831,0.000000000,0.000000000,0.000489548,true
003,99,0,-5.911818027,-5.911815643,0.000002384,0.000002384,0.000059128,true
003,99,1,-35.399055481,-35.399063110,-0.000007629,0.000007629,0.000354001,true
003,99,2,-17.110656738,-17.110637665,0.000019073,0.000019073,0.000171117,true
003,99,3,85.891418457,85.891448975,0.000030518,0.000030518,0.000858924,true
003,99,4,-2.533164024,-2.533163071,0.000000954,0.000000954,0.000025342,true
003,99,5,49.228359222,49.228363037,0.000003815,0.000003815,0.000492294,true
004,0,0,-5.754959106,-5.754960060,-0.000000954,0.000000954,0.000057560,true
004,0,1,-35.755233765,-35.755233765,0.000000000,0.000000000,0.000357562,true
004,0,2,-16.587192535,-16.587215424,-0.000022888,0.000022888,0.000165882,true
004,0,3,85.961891174,85.961875916,-0.000015259,0.000015259,0.000859629,true
004,0,4,-2.546751976,-2.546751499,0.000000477,0.000000477,0.000025478,true
004,0,5,49.011707306,49.011714935,0.000007629,0.000007629,0.000490127,true
004,1,0,-5.771504402,-5.771504879,-0.000000477,0.000000477,0.000057725,true
004,1,1,-35.669998169,-35.669990540,0.000007629,0.000007629,0.000356710,true
004,1,2,-16.642139435,-16.642139435,0.000000000,0.000000000,0.000166431,true
004,1,3,85.937591553,85.937622070,0.000030518,0.000030518,0.000859386,true
004,1,4,-2.541461706,-2.541461945,-0.000000238,0.000000238,0.000025425,true
004,1,5,49.032699585,49.032695770,-0.000003815,0.000003815,0.000490337,true
004,2,0,-5.759671211,-5.759673119,-0.000001907,0.000001907,0.000057607,true
004,2,1,-35.742309570,-35.742309570,0.000000000,0.000000000,0.000357433,true
004,2,2,-16.558269501,-16.558219910,0.000049591,0.000049591,0.000165593,true
004,2,3,85.914299011,85.914291382,-0.000007629,0.000007629,0.000859153,true
004,2,4,-2.534750700,-2.534751177,-0.000000477,0.000000477,0.000025358,true
004,2,5,49.011234283,49.011234283,0.000000000,0.000000000,0.000490122,true
004,3,0,-5.781249523,-5.781251907,-0.000002384,0.000002384,0.000057822,true
004,3,1,-35.609825134,-35.609825134,0.000000000,0.000000000,0.000356108,true
004,3,2,-16.693386078,-16.693424225,-0.000038147,0.000038147,0.000166944,true
004,3,3,85.934425354,85.934410095,-0.000015259,0.000015259,0.000859354,true
004,3,4,-2.537403822,-2.537403584,0.000000238,0.000000238,0.000025384,true
004,3,5,48.914615631,48.914611816,-0.000003815,0.000003815,0.000489156,true
004,4,0,-5.779934883,-5.779933929,0.000000954,0.000000954,0.000057809,true
004,4,1,-35.618846893,-35.618835449,0.000011444,0.000011444,0.000356198,true
004,4,2,-16.686199188,-16.686199188,0.000000000,0.000000000,0.000166872,true
004,4,3,85.926086426,85.926055908,-0.000030518,0.000030518,0.000859271,true
004,4,4,-2.532296658,-2.532297611,-0.000000954,0.000000954,0.000025333,true
004,4,5,48.944431305,48.944442749,0.000011444,0.000011444,0.000489454,true
004,5,0,-5.765745640,-5.765745640,0.000000000,0.000000000,0.000057667,true
004,5,1,-35.718368530,-35.718372345,-0.000003815,0.000003815,0.000357194,true
004,5,2,-16.598392487,-16.598396301,-0.000003815,0.000003815,0.000165994,true
004,5,3,85.896461487,85.896430969,-0.000030518,0.000030518,0.000858975,true
004,5,4,-2.529248714,-2.529250860,-0.000002146,0.000002146,0.000025302,true
004,5,5,48.998115540,48.998111725,-0.000003815,0.000003815,0.000489991,true
004,6,0,-5.784610271,-5.784609318,0.000000954,0.000000954,0.000057856,true
004,6,1,-35.638725281,-35.638717651,0.000007629,0.000007629,0.000356397,true
004,6,2,-16.675647736,-16.675678253,-0.000030518,0.000030518,0.000166766,true
004,6,3,85.908058167,85.908058167,0.000000000,0.000000000,0.000859091,true
004,6,4,-2.528156757,-2.528156042,0.000000715,0.000000715,0.000025292,true
004,6,5,49.027423859,49.027423859,0.000000000,0.000000000,0.000490284,true
004,7,0,-5.802791595,-5.802791595,0.000000000,0.000000000,0.000058038,true
004,7,1,-35.575553894,-35.575546265,0.000007629,0.000007629,0.000355766,true
004,7,2,-16.712039948,-16.712112427,-0.000072479,0.000072479,0.000167130,true
004,7,3,85.925186157,85.925178528,-0.000007629,0.000007629,0.000859262,true
004,7,4,-2.535795450,-2.535795212,0.000000238,0.000000238,0.000025368,true
004,7,5,48.974391937,48.974395752,0.000003815,0.000003815,0.000489754,true
004,8,0,-5.795630455,-5.795630455,0.000000000,0.000000000,0.000057966,true
004,8,1,-35.609718323,-35.609703064,0.000015259,0.000015259,0.000356107,true
004,8,2,-16.647701263,-16.647735596,-0.000034332,0.000034332,0.000166487,true
004,8,3,85.867271423,85.867279053,0.000007629,0.000007629,0.000858683,true
004,8,4,-2.532538891,-2.532539129,-0.000000238,0.000000238,0.000025335,true
004,8,5,49.009403229,49.009403229,0.000000000,0.000000000,0.000490104,true
004,9,0,-5.793370724,-5.793369770,0.000000954,0.000000954,0.000057944,true
004,9,1,-35.576408386,-35.576412201,-0.000003815,0.000003815,0.000355774,true
004,9,2,-16.695331573,-16.695331573,0.000000000,0.000000000,0.000166963,true
004,9,3,85.893768311,85.893737793,-0.000030518,0.000030518,0.000858948,true
004,9,4,-2.532199383,-2.532200575,-0.000001192,0.000001192,0.000025332,true
004,9,5,48.963668823,48.963661194,-0.000007629,0.000007629,0.000489647,true
004,10,0,-5.808096886,-5.808095455,0.000001431,0.000001431,0.000058091,true
004,10,1,-35.604843140,-35.604843140,0.000000000,0.000000000,0.000356058,true
004,10,2,-16.703121185,-16.703075409,0.000045776,0.000045776,0.000167041,true
004,10,3,85.915390015,85.915367126,-0.000022888,0.000022888,0.000859164,true
004,10,4,-2.536690474,-2.536690712,-0.000000238,0.000000238,0.000025377,true
004,10,5,49.032527924,49.032524109,-0.000003815,0.000003815,0.000490335,true
004,11,0,-5.818868160,-5.818869591,-0.000001431,0.000001431,0.000058199,true
004,11,1,-35.509223938,-35.509231567,-0.000007629,0.000007629,0.000355102,true
004,11,2,-16.781581879,-16.781585693,-0.000003815,0.000003815,0.000167826,true
004,11,3,85.927398682,85.927345276,-0.000053406,0.000053406,0.000859284,true
004,11,4,-2.536203623,-2.536203384,0.000000238,0.000000238,0.000025372,true
004,11,5,48.963829041,48.963829041,0.000000000,0.000000000,0.000489648,true
004,12,0,-5.824376583,-5.824378014,-0.000001431,0.000001431,0.000058254,true
004,12,1,-35.489181519,-35.489181519,0.000000000,0.000000000,0.000354902,true
004,12,2,-16.803142548,-16.803150177,-0.000007629,0.000007629,0.000168041,true
004,12,3,85.937538147,85.937545776,0.000007629,0.000007629,0.000859385,true
004,12,4,-2.536834717,-2.536835670,-0.000000954,0.000000954,0.000025378,true
004,12,5,48.937206268,48.937210083,0.000003815,0.000003815,0.000489382,true
004,13,0,-5.819254398,-5.819254398,0.000000000,0.000000000,0.000058203,true
004,13,1,-35.522121429,-35.522106171,0.000015259,0.000015259,0.000355231,true
004,13,2,-16.774951935,-16.774932861,0.000019073,0.000019073,0.000167760,true
004,13,3,85.918510437,85.918525696,0.000015259,0.000015259,0.000859195,true
004,13,4,-2.531622887,-2.531623602,-0.000000715,0.000000715,0.000025326,true
004,13,5,49.004467010,49.004463196,-0.000003815,0.000003815,0.000490055,true
004,14,0,-5.835568905,-5.835569382,-0.000000477,0.000000477,0.000058366,true
004,14,1,-35.470306396,-35.470314026,-0.000007629,0.000007629,0.000354713,true
004,14,2,-16.859100342,-16.859073639,0.000026703,0.000026703,0.000168601,true
004,14,3,85.963729858,85.963722229,-0.000007629,0.000007629,0.000859647,true
004,14,4,-2.537827015,-2.537827492,-0.000000477,0.000000477,0.000025388,true
004,14,5,48.943370819,48.943374634,0.000003815,0.000003815,0.000489444,true
004,15,0,-5.838129997,-5.838130951,-0.000000954,0.000000954,0.000058391,true
004,15,1,-35.462303162,-35.462291718,0.000011444,0.000011444,0.000354633,true
004,15,2,-16.843784332,-16.843849182,-0.000064850,0.000064850,0.000168448,true
004,15,3,85.959579468,85.959587097,0.000007629,0.000007629,0.000859606,true
004,15,4,-2.538370132,-2.538369417,0.000000715,0.000000715,0.000025394,true
004,15,5,48.983413696,48.983417511,0.000003815,0.000003815,0.000489844,true
004,16,0,-5.838762760,-5.838762283,0.000000477,0.000000477,0.000058398,true
004,16,1,-35.420230865,-35.420234680,-0.000003815,0.000003815,0.000354212,true
004,16,2,-16.909614563,-16.909629822,-0.000015259,0.000015259,0.000169106,true
004,16,3,85.982711792,85.982673645,-0.000038147,0.000038147,0.000859837,true
004,16,4,-2.533867598,-2.533866644,0.000000954,0.000000954,0.000025349,true
004,16,5,48.943187714,48.943183899,-0.000003815,0.000003815,0.000489442,true
004,17,0,-5.836636543,-5.836636543,0.000000000,0.000000000,0.000058376,true
004,17,1,-35.391490936,-35.391487122,0.000003815,0.000003815,0.000353925,true
004,17,2,-16.912990570,-16.912998199,-0.000007629,0.000007629,0.000169140,true
004,17,3,85.964866638,85.964843750,-0.000022888,0.000022888,0.000859659,true
004,17,4,-2.534872293,-2.534871101,0.000001192,0.000001192,0.000025359,true
004,17,5,48.878795624,48.878799438,0.000003815,0.000003815,0.000488798,true
004,18,0,-5.850949287,-5.850949287,0.000000000,0.000000000,0.000058519,true
004,18,1,-35.369297028,-35.369289398,0.000007629,0.000007629,0.000353703,true
004,18,2,-16.970981598,-16.971004486,-0.000022888,0.000022888,0.000169720,true
004,18,3,86.002914429,86.002899170,-0.000015259,0.000015259,0.000860039,true
004,18,4,-2.536995411,-2.536995649,-0.000000238,0.000000238,0.000025380,true
004,18,5,48.903366089,48.903373718,0.000007629,0.000007629,0.000489044,true
004,19,0,-5.851971149,-5.851971626,-0.000000477,0.000000477,0.000058530,true
004,19,1,-35.314880371,-35.314880371,0.000000000,0.000000000,0.000353159,true
004,19,2,-17.029449463,-17.029438019,0.000011444,0.000011444,0.000170304,true
004,19,3,86.025131226,86.025146484,0.000015259,0.000015259,0.000860261,true
004,19,4,-2.533334970,-2.533334970,0.000000000,0.000000000,0.000025343,true
004,19,5,48.834606171,48.834602356,-0.000003815,0.000003815,0.000488356,true
004,20,0,-5.866944790,-5.866946697,-0.000001907,0.000001907,0.000058679,true
004,20,1,-35.241733551,-35.241729736,0.000003815,0.000003815,0.000352427,true
004,20,2,-17.085250854,-17.085250854,0.000000000,0.000000000,0.000170863,true
004,20,3,86.036491394,86.036506653,0.000015259,0.000015259,0.000860375,true
004,20,4,-2.538654089,-2.538654327,-0.000000238,0.000000238,0.000025397,true
004,20,5,48.827854156,48.827857971,0.000003815,0.000003815,0.000488289,true
004,21,0,-5.870440006,-5.870442390,-0.000002384,0.000002384,0.000058714,true
004,21,1,-35.263961792,-35.263969421,-0.000007629,0.000007629,0.000352650,true
004,21,2,-17.073055267,-17.073001862,0.000053406,0.000053406,0.000170741,true
004,21,3,86.032638550,86.032653809,0.000015259,0.000015259,0.000860336,true
004,21,4,-2.538435936,-2.538435698,0.000000238,0.000000238,0.000025394,true
004,21,5,48.858783722,48.858787537,0.000003815,0.000003815,0.000488598,true
004,22,0,-5.868228436,-5.868229389,-0.000000954,0.000000954,0.000058692,true
004,22,1,-35.248054504,-35.248039246,0.000015259,0.000015259,0.000352491,true
004,22,2,-17.095264435,-17.095249176,0.000015259,0.000015259,0.000170963,true
004,22,3,86.046119690,86.046150208,0.000030518,0.000030518,0.000860471,true
004,22,4,-2.536283970,-2.536283016,0.000000954,0.000000954,0.000025373,true
004,22,5,48.872001648,48.872009277,0.000007629,0.000007629,0.000488730,true
004,23,0,-5.876186371,-5.876185417,0.000000954,0.000000954,0.000058772,true
004,23,1,-35.202285767,-35.202278137,0.000007629,0.000007629,0.000352033,true
004,23,2,-17.138214111,-17.138252258,-0.000038147,0.000038147,0.000171392,true
004,23,3,86.060638428,86.060623169,-0.000015259,0.000015259,0.000860616,true
004,23,4,-2.538361788,-2.538361549,0.000000238,0.000000238,0.000025394,true
004,23,5,48.830711365,48.830707550,-0.000003815,0.000003815,0.000488317,true
004,24,0,-5.877808571,-5.877808571,0.000000000,0.000000000,0.000058788,true
004,24,1,-35.181961060,-35.181968689,-0.000007629,0.000007629,0.000351830,true
004,24,2,-17.163547516,-17.163562775,-0.000015259,0.000015259,0.000171645,true
004,24,3,86.071525574,86.071510315,-0.000015259,0.000015259,0.000860725,true
004,24,4,-2.538911581,-2.538910866,0.000000715,0.000000715,0.000025399,true
004,24,5,48.829204559,48.829196930,-0.000007629,0.000007629,0.000488302,true
004,25,0,-5.888585091,-5.888585091,0.000000000,0.000000000,0.000058896,true
004,25,1,-35.141052246,-35.141052246,0.000000000,0.000000000,0.000351421,true
004,25,2,-17.197902679,-17.197898865,0.000003815,0.000003815,0.000171989,true
004,25,3,86.066604614,86.066589355,-0.000015259,0.000015259,0.000860676,true
004,25,4,-2.539099693,-2.539098978,0.000000715,0.000000715,0.000025401,true
004,25,5,48.814937592,48.814929962,-0.000007629,0.000007629,0.000488159,true
004,26,0,-5.891841412,-5.891840458,0.000000954,0.000000954,0.000058928,true
004,26,1,-35.151172638,-35.151176453,-0.000003815,0.000003815,0.000351522,true
004,26,2,-17.216102600,-17.216114044,-0.000011444,0.000011444,0.000172171,true
004,26,3,86.098335266,86.098358154,0.000022888,0.000022888,0.000860993,true
004,26,4,-2.542175531,-2.542175293,0.000000238,0.000000238,0.000025432,true
004,26,5,48.799610138,48.799610138,0.000000000,0.000000000,0.000488006,true
004,27,0,-5.901719093,-5.901717663,0.000001431,0.000001431,0.000059027,true
004,27,1,-35.101894379,-35.101898193,-0.000003815,0.000003815,0.000351029,true
004,27,2,-17.241859436,-17.241867065,-0.000007629,0.000007629,0.000172429,true
004,27,3,86.076965332,86.076965332,0.000000000,0.000000000,0.000860780,true
004,27,4,-2.543475866,-2.543477535,-0.000001669,0.000001669,0.000025445,true
004,27,5,48.804393768,48.804393768,0.000000000,0.000000000,0.000488054,true
004,28,0,-5.899861813,-5.899860382,0.000001431,0.000001431,0.000059009,true
004,28,1,-35.054828644,-35.054836273,-0.000007629,0.000007629,0.000350558,true
004,28,2,-17.279354095,-17.279373169,-0.000019073,0.000019073,0.000172804,true
004,28,3,86.086685181,86.086692810,0.000007629,0.000007629,0.000860877,true
004,28,4,-2.540708542,-2.540708542,0.000000000,0.000000000,0.000025417,true
004,28,5,48.797531128,48.797531128,0.000000000,0.000000000,0.000487985,true
004,29,0,-5.907237530,-5.907236099,0.000001431,0.000001431,0.000059082,true
004,29,1,-35.063919067,-35.063926697,-0.000007629,0.000007629,0.000350649,true
004,29,2,-17.274532318,-17.274532318,0.000000000,0.000000000,0.000172755,true
004,29,3,86.092399597,86.092399597,0.000000000,0.000000000,0.000860934,true
004,29,4,-2.542912960,-2.542913437,-0.000000477,0.000000477,0.000025439,true
004,29,5,48.809738159,48.809734344,-0.000003815,0.000003815,0.000488107,true
004,30,0,-5.913228035,-5.913227081,0.000000954,0.000000954,0.000059142,true
004,30,1,-35.009944916,-35.009948730,-0.000003815,0.000003815,0.000350109,true
004,30,2,-17.308696747,-17.308666229,0.000030518,0.000030518,0.000173097,true
004,30,3,86.079216003,86.079277039,0.000061035,0.000061035,0.000860802,true
004,30,4,-2.544679165,-2.544679165,0.000000000,0.000000000,0.000025457,true
004,30,5,48.776985168,48.776981354,-0.000003815,0.000003815,0.000487780,true
004,31,0,-5.917107105,-5.917106628,0.000000477,0.000000477,0.000059181,true
004,31,1,-34.996154785,-34.996147156,0.000007629,0.000007629,0.000349972,true
004,31,2,-17.344879150,-17.344902039,-0.000022888,0.000022888,0.000173459,true
004,31,3,86.102241516,86.102241516,0.000000000,0.000000000,0.000861032,true
004,31,4,-2.543920517,-2.543920517,0.000000000,0.000000000,0.000025449,true
004,31,5,48.760887146,48.760890961,0.000003815,0.000003815,0.000487619,true
004,32,0,-5.922436714,-5.922439098,-0.000002384,0.000002384,0.000059234,true
004,32,1,-34.958202362,-34.958194733,0.000007629,0.000007629,0.000349592,true
004,32,2,-17.376609802,-17.376598358,0.000011444,0.000011444,0.000173776,true
004,32,3,86.109252930,86.109252930,0.000000000,0.000000000,0.000861103,true
004,32,4,-2.545673370,-2.545673847,-0.000000477,0.000000477,0.000025467,true
004,32,5,48.727760315,48.727756500,-0.000003815,0.000003815,0.000487288,true
004,33,0,-5.933062077,-5.933063984,-0.000001907,0.000001907,0.000059341,true
004,33,1,-34.951988220,-34.951988220,0.000000000,0.000000000,0.000349530,true
004,33,2,-17.393257141,-17.393264771,-0.000007629,0.000007629,0.000173943,true
004,33,3,86.111602783,86.111633301,0.000030518,0.000030518,0.000861126,true
004,33,4,-2.550612926,-2.550613880,-0.000000954,0.000000954,0.000025516,true
004,33,5,48.764705658,48.764698029,-0.000007629,0.000007629,0.000487657,true
004,34,0,-5.936700821,-5.936700344,0.000000477,0.000000477,0.000059377,true
004,34,1,-34.912719727,-34.912723541,-0.000003815,0.000003815,0.000349137,true
004,34,2,-17.430225372,-17.430240631,-0.000015259,0.000015259,0.000174312,true
004,34,3,86.126457214,86.126434326,-0.000022888,0.000022888,0.000861275,true
004,34,4,-2.549751759,-2.549752474,-0.000000715,0.000000715,0.000025508,true
004,34,5,48.726913452,48.726913452,0.000000000,0.000000000,0.000487279,true
004,35,0,-5.933979988,-5.933981419,-0.000001431,0.000001431,0.000059350,true
004,35,1,-34.935043335,-34.935035706,0.000007629,0.000007629,0.000349360,true
004,35,2,-17.399356842,-17.399345398,0.000011444,0.000011444,0.000174004,true
004,35,3,86.117042542,86.117057800,0.000015259,0.000015259,0.000861180,true
004,35,4,-2.551171780,-2.551170826,0.000000954,0.000000954,0.000025522,true
004,35,5,48.761337280,48.761333466,-0.000003815,0.000003815,0.000487623,true
004,36,0,-5.942248821,-5.942249298,-0.000000477,0.000000477,0.000059432,true
004,36,1,-34.901863098,-34.901863098,0.000000000,0.000000000,0.000349029,true
004,36,2,-17.452419281,-17.452442169,-0.000022888,0.000022888,0.000174534,true
004,36,3,86.143699646,86.143684387,-0.000015259,0.000015259,0.000861447,true
004,36,4,-2.550833702,-2.550833225,0.000000477,0.000000477,0.000025518,true
004,36,5,48.728366852,48.728366852,0.000000000,0.000000000,0.000487294,true
004,37,0,-5.938255310,-5.938255310,0.000000000,0.000000000,0.000059393,true
004,37,1,-34.885101318,-34.885086060,0.000015259,0.000015259,0.000348861,true
004,37,2,-17.445758820,-17.445785522,-0.000026703,0.000026703,0.000174468,true
004,37,3,86.122535706,86.122482300,-0.000053406,0.000053406,0.000861235,true
004,37,4,-2.550252914,-2.550252914,0.000000000,0.000000000,0.000025513,true
004,37,5,48.704795837,48.704788208,-0.000007629,0.000007629,0.000487058,true
004,38,0,-5.947447777,-5.947447777,0.000000000,0.000000000,0.000059484,true
004,38,1,-34.868240356,-34.868247986,-0.000007629,0.000007629,0.000348692,true
004,38,2,-17.474750519,-17.474712372,0.000038147,0.000038147,0.000174758,true
004,38,3,86.129829407,86.129821777,-0.000007629,0.000007629,0.000861308,true
004,38,4,-2.550930738,-2.550931692,-0.000000954,0.000000954,0.000025519,true
004,38,5,48.743167877,48.743160248,-0.000007629,0.000007629,0.000487442,true
004,39,0,-5.954231739,-5.954230785,0.000000954,0.000000954,0.000059552,true
004,39,1,-34.819820404,-34.819808960,0.000011444,0.000011444,0.000348208,true
004,39,2,-17.504688263,-17.504707336,-0.000019073,0.000019073,0.000175057,true
004,39,3,86.143081665,86.143096924,0.000015259,0.000015259,0.000861441,true
004,39,4,-2.556519032,-2.556518555,0.000000477,0.000000477,0.000025575,true
004,39,5,48.716026306,48.716022491,-0.000003815,0.000003815,0.000487170,true
004,40,0,-5.955411434,-5.955410480,0.000000954,0.000000954,0.000059564,true
004,40,1,-34.833465576,-34.833450317,0.000015259,0.000015259,0.000348345,true
004,40,2,-17.511402130,-17.511402130,0.000000000,0.000000000,0.000175124,true
004,40,3,86.145195007,86.145164490,-0.000030518,0.000030518,0.000861462,true
004,40,4,-2.554365873,-2.554366112,-0.000000238,0.000000238,0.000025554,true
004,40,5,48.725494385,48.725486755,-0.000007629,0.000007629,0.000487265,true
004,41,0,-5.964776516,-5.964775562,0.000000954,0.000000954,0.000059658,true
004,41,1,-34.783882141,-34.783866882,0.000015259,0.000015259,0.000347849,true
004,41,2,-17.542495728,-17.542461395,0.000034332,0.000034332,0.000175435,true
004,41,3,86.145881653,86.145881653,0.000000000,0.000000000,0.000861469,true
004,41,4,-2.558085918,-2.558085442,0.000000477,0.000000477,0.000025591,true
004,41,5,48.708610535,48.708606720,-0.000003815,0.000003815,0.000487096,true
004,42,0,-5.968531609,-5.968532562,-0.000000954,0.000000954,0.000059695,true
004,42,1,-34.785587311,-34.785591125,-0.000003815,0.000003815,0.000347866,true
004,42,2,-17.543941498,-17.543895721,0.000045776,0.000045776,0.000175449,true
004,42,3,86.140808105,86.140846252,0.000038147,0.000038147,0.000861418,true
004,42,4,-2.556342840,-2.556342602,0.000000238,0.000000238,0.000025573,true
004,42,5,48.732383728,48.732383728,0.000000000,0.000000000,0.000487334,true
004,43,0,-5.966556072,-5.966556549,-0.000000477,0.000000477,0.000059676,true
004,43,1,-34.775489807,-34.775489807,0.000000000,0.000000000,0.000347765,true
004,43,2,-17.552703857,-17.552742004,-0.000038147,0.000038147,0.000175537,true
004,43,3,86.128448486,86.128494263,0.000045776,0.000045776,0.000861294,true
004,43,4,-2.557068825,-2.557068348,0.000000477,0.000000477,0.000025581,true
004,43,5,48.716979980,48.716976166,-0.000003815,0.000003815,0.000487180,true
004,44,0,-5.975102901,-5.975102425,0.000000477,0.000000477,0.000059761,true
004,44,1,-34.744522095,-34.744514465,0.000007629,0.000007629,0.000347455,true
004,44,2,-17.583831787,-17.583839417,-0.000007629,0.000007629,0.000175848,true
004,44,3,86.153221130,86.153213501,-0.000007629,0.000007629,0.000861542,true
004,44,4,-2.561949730,-2.561950207,-0.000000477,0.000000477,0.000025629,true
004,44,5,48.712699890,48.712692261,-0.000007629,0.000007629,0.000487137,true
004,45,0,-5.976299286,-5.976298332,0.000000954,0.000000954,0.000059773,true
004,45,1,-34.763259888,-34.763259888,0.000000000,0.000000000,0.000347643,true
004,45,2,-17.572822571,-17.572818756,0.000003815,0.000003815,0.000175738,true
004,45,3,86.147460938,86.147438049,-0.000022888,0.000022888,0.000861485,true
004,45,4,-2.560372114,-2.560372353,-0.000000238,0.000000238,0.000025614,true
004,45,5,48.702140808,48.702140808,0.000000000,0.000000000,0.000487031,true
004,46,0,-5.992029667,-5.992029667,0.000000000,0.000000000,0.000059930,true
004,46,1,-34.718948364,-34.718948364,0.000000000,0.000000000,0.000347199,true
004,46,2,-17.611412048,-17.611423492,-0.000011444,0.000011444,0.000176124,true
004,46,3,86.166282654,86.166290283,0.000007629,0.000007629,0.000861673,true
004,46,4,-2.566298246,-2.566298008,0.000000238,0.000000238,0.000025673,true
004,46,5,48.698371887,48.698360443,-0.000011444,0.000011444,0.000486994,true
004,47,0,-5.985647678,-5.985646725,0.000000954,0.000000954,0.000059866,true
004,47,1,-34.685546875,-34.685554504,-0.000007629,0.000007629,0.000346865,true
004,47,2,-17.642749786,-17.642768860,-0.000019073,0.000019073,0.000176437,true
004,47,3,86.169479370,86.169418335,-0.000061035,0.000061035,0.000861705,true
004,47,4,-2.562138081,-2.562137842,0.000000238,0.000000238,0.000025631,true
004,47,5,48.681327820,48.681324005,-0.000003815,0.000003815,0.000486823,true
004,48,0,-6.001034260,-6.001032829,0.000001431,0.000001431,0.000060020,true
004,48,1,-34.650733948,-34.650726318,0.000007629,0.000007629,0.000346517,true
004,48,2,-17.669815063,-17.669834137,-0.000019073,0.000019073,0.000176708,true
004,48,3,86.163902283,86.163940430,0.000038147,0.000038147,0.000861649,true
004,48,4,-2.567348480,-2.567348003,0.000000477,0.000000477,0.000025683,true
004,48,5,48.655937195,48.655933380,-0.000003815,0.000003815,0.000486569,true
004,49,0,-5.997448921,-5.997449398,-0.000000477,0.000000477,0.000059984,true
004,49,1,-34.654933929,-34.654930115,0.000003815,0.000003815,0.000346559,true
004,49,2,-17.668666840,-17.668697357,-0.000030518,0.000030518,0.000176697,true
004,49,3,86.175308228,86.175323486,0.000015259,0.000015259,0.000861763,true
004,49,4,-2.566326380,-2.566325426,0.000000954,0.000000954,0.000025673,true
004,49,5,48.659111023,48.659111023,0.000000000,0.000000000,0.000486601,true
004,50,0,-5.997744560,-5.997742176,0.000002384,0.000002384,0.000059987,true
004,50,1,-34.648887634,-34.648887634,0.000000000,0.000000000,0.000346499,true
004,50,2,-17.668956757,-17.668968201,-0.000011444,0.000011444,0.000176700,true
004,50,3,86.191940308,86.191993713,0.000053406,0.000053406,0.000861929,true
004,50,4,-2.568670988,-2.568671227,-0.000000238,0.000000238,0.000025697,true
004,50,5,48.628784180,48.628787994,0.000003815,0.000003815,0.000486298,true
004,51,0,-6.007342815,-6.007344246,-0.000001431,0.000001431,0.000060083,true
004,51,1,-34.620647430,-34.620647430,0.000000000,0.000000000,0.000346216,true
004,51,2,-17.697967529,-17.697937012,0.000030518,0.000030518,0.000176990,true
004,51,3,86.182365417,86.182289124,-0.000076294,0.000076294,0.000861834,true
004,51,4,-2.572958469,-2.572959423,-0.000000954,0.000000954,0.000025740,true
004,51,5,48.622650146,48.622646332,-0.000003815,0.000003815,0.000486237,true
004,52,0,-6.015656471,-6.015655518,0.000000954,0.000000954,0.000060167,true
004,52,1,-34.571876526,-34.571868896,0.000007629,0.000007629,0.000345729,true
004,52,2,-17.744327545,-17.744289398,0.000038147,0.000038147,0.000177453,true
004,52,3,86.200096130,86.200103760,0.000007629,0.000007629,0.000862011,true
004,52,4,-2.572785854,-2.572783947,0.000001907,0.000001907,0.000025738,true
004,52,5,48.616943359,48.616935730,-0.000007629,0.000007629,0.000486179,true
004,53,0,-6.014975548,-6.014974594,0.000000954,0.000000954,0.000060160,true
004,53,1,-34.602775574,-34.602787018,-0.000011444,0.000011444,0.000346038,true
004,53,2,-17.717708588,-17.717716217,-0.000007629,0.000007629,0.000177187,true
004,53,3,86.200515747,86.200553894,0.000038147,0.000038147,0.000862015,true
004,53,4,-2.574539900,-2.574539661,0.000000238,0.000000238,0.000025755,true
004,53,5,48.606967926,48.606967926,0.000000000,0.000000000,0.000486080,true
004,54,0,-6.022184372,-6.022184372,0.000000000,0.000000000,0.000060232,true
004,54,1,-34.592926025,-34.592910767,0.000015259,0.000015259,0.000345939,true
004,54,2,-17.730998993,-17.730991364,0.000007629,0.000007629,0.000177320,true
004,54,3,86.198013306,86.198059082,0.000045776,0.000045776,0.000861990,true
004,54,4,-2.577735424,-2.577734470,0.000000954,0.000000954,0.000025787,true
004,54,5,48.637001038,48.636993408,-0.000007629,0.000007629,0.000486380,true
004,55,0,-6.023092270,-6.023093224,-0.000000954,0.000000954,0.000060241,true
004,55,1,-34.545379639,-34.545387268,-0.000007629,0.000007629,0.000345464,true
004,55,2,-17.776466370,-17.776424408,0.000041962,0.000041962,0.000177775,true
004,55,3,86.209899902,86.209869385,-0.000030518,0.000030518,0.000862109,true
004,55,4,-2.577185631,-2.577186108,-0.000000477,0.000000477,0.000025782,true
004,55,5,48.578525543,48.578521729,-0.000003815,0.000003815,0.000485795,true
004,56,0,-6.023375988,-6.023374081,0.000001907,0.000001907,0.000060244,true
004,56,1,-34.528923035,-34.528926849,-0.000003815,0.000003815,0.000345299,true
004,56,2,-17.784740448,-17.784759521,-0.000019073,0.000019073,0.000177857,true
004,56,3,86.211296082,86.211280823,-0.000015259,0.000015259,0.000862123,true
004,56,4,-2.576809883,-2.576809406,0.000000477,0.000000477,0.000025778,true
004,56,5,48.599197388,48.599197388,0.000000000,0.000000000,0.000486002,true
004,57,0,-6.042476654,-6.042475224,0.000001431,0.000001431,0.000060435,true
004,57,1,-34.512786865,-34.512790680,-0.000003815,0.000003815,0.000345138,true
004,57,2,-17.804523468,-17.804515839,0.000007629,0.000007629,0.000178055,true
004,57,3,86.218620300,86.218643188,0.000022888,0.000022888,0.000862196,true
004,57,4,-2.582481384,-2.582481623,-0.000000238,0.000000238,0.000025835,true
004,57,5,48.570583344,48.570587158,0.000003815,0.000003815,0.000485716,true
004,58,0,-6.035294533,-6.035294056,0.000000477,0.000000477,0.000060363,true
004,58,1,-34.530158997,-34.530143738,0.000015259,0.000015259,0.000345312,true
004,58,2,-17.796009064,-17.796005249,0.000003815,0.000003815,0.000177970,true
004,58,3,86.228202820,86.228225708,0.000022888,0.000022888,0.000862292,true
004,58,4,-2.580490112,-2.580490828,-0.000000715,0.000000715,0.000025815,true
004,58,5,48.576129913,48.576129913,0.000000000,0.000000000,0.000485771,true
004,59,0,-6.039360523,-6.039358616,0.000001907,0.000001907,0.000060404,true
004,59,1,-34.493537903,-34.493541718,-0.000003815,0.000003815,0.000344945,true
004,59,2,-17.828838348,-17.828819275,0.000019073,0.000019073,0.000178298,true
004,59,3,86.224586487,86.224601746,0.000015259,0.000015259,0.000862256,true
004,59,4,-2.583001614,-2.583001614,0.000000000,0.000000000,0.000025840,true
004,59,5,48.555919647,48.555915833,-0.000003815,0.000003815,0.000485569,true
004,60,0,-6.043307304,-6.043307781,-0.000000477,0.000000477,0.000060443,true
004,60,1,-34.500167847,-34.500171661,-0.000003815,0.000003815,0.000345012,true
004,60,2,-17.827293396,-17.827312469,-0.000019073,0.000019073,0.000178283,true
004,60,3,86.235260010,86.235282898,0.000022888,0.000022888,0.000862363,true
004,60,4,-2.584762096,-2.584762096,0.000000000,0.000000000,0.000025858,true
004,60,5,48.548263550,48.548267365,0.000003815,0.000003815,0.000485493,true
004,61,0,-6.057105064,-6.057104111,0.000000954,0.000000954,0.000060581,true
004,61,1,-34.461219788,-34.461223602,-0.000003815,0.000003815,0.000344622,true
004,61,2,-17.869308472,-17.869258881,0.000049591,0.000049591,0.000178703,true
004,61,3,86.257354736,86.257339478,-0.000015259,0.000015259,0.000862584,true
004,61,4,-2.589705944,-2.589707375,-0.000001431,0.000001431,0.000025907,true
004,61,5,48.515754700,48.515758514,0.000003815,0.000003815,0.000485168,true
004,62,0,-6.054410458,-6.054409981,0.000000477,0.000000477,0.000060554,true
004,62,1,-34.443698883,-34.443702698,-0.000003815,0.000003815,0.000344447,true
004,62,2,-17.882549286,-17.882560730,-0.000011444,0.000011444,0.000178835,true
004,62,3,86.253044128,86.253067017,0.000022888,0.000022888,0.000862540,true
004,62,4,-2.585809946,-2.585810184,-0.000000238,0.000000238,0.000025868,true
004,62,5,48.511901855,48.511901855,0.000000000,0.000000000,0.000485129,true
004,63,0,-6.064815521,-6.064815998,-0.000000477,0.000000477,0.000060658,true
004,63,1,-34.430625916,-34.430603027,0.000022888,0.000022888,0.000344316,true
004,63,2,-17.896015167,-17.896038055,-0.000022888,0.000022888,0.000178970,true
004,63,3,86.251258850,86.251304626,0.000045776,0.000045776,0.000862523,true
004,63,4,-2.590487957,-2.590487003,0.000000954,0.000000954,0.000025915,true
004,63,5,48.525859833,48.525856018,-0.000003815,0.000003815,0.000485269,true
004,64,0,-6.063318729,-6.063321114,-0.000002384,0.000002384,0.000060643,true
004,64,1,-34.407974243,-34.407966614,0.000007629,0.000007629,0.000344090,true
004,64,2,-17.910846710,-17.910800934,0.000045776,0.000045776,0.000179118,true
004,64,3,86.266113281,86.266098022,-0.000015259,0.000015259,0.000862671,true
004,64,4,-2.592045784,-2.592045784,0.000000000,0.000000000,0.000025930,true
004,64,5,48.516971588,48.516971588,0.000000000,0.000000000,0.000485180,true
004,65,0,-6.061889172,-6.061888695,0.000000477,0.000000477,0.000060629,true
004,65,1,-34.454536438,-34.454528809,0.000007629,0.000007629,0.000344555,true
004,65,2,-17.874122620,-17.874122620,0.000000000,0.000000000,0.000178751,true
004,65,3,86.269920349,86.269958496,0.000038147,0.000038147,0.000862709,true
004,65,4,-2.590209961,-2.590209961,0.000000000,0.000000000,0.000025912,true
004,65,5,48.505126953,48.505123138,-0.000003815,0.000003815,0.000485061,true
004,66,0,-6.060174942,-6.060175419,-0.000000477,0.000000477,0.000060612,true
004,66,1,-34.416336060,-34.416320801,0.000015259,0.000015259,0.000344173,true
004,66,2,-17.908477783,-17.908519745,-0.000041962,0.000041962,0.000179095,true
004,66,3,86.278625488,86.278671265,0.000045776,0.000045776,0.000862796,true
004,66,4,-2.590984583,-2.590984344,0.000000238,0.000000238,0.000025920,true
004,66,5,48.471294403,48.471286774,-0.000007629,0.000007629,0.000484723,true
004,67,0,-6.066657543,-6.066657543,0.000000000,0.000000000,0.000060677,true
004,67,1,-34.400665283,-34.400676727,-0.000011444,0.000011444,0.000344017,true
004,67,2,-17.938755035,-17.938781738,-0.000026703,0.000026703,0.000179398,true
004,67,3,86.283882141,86.283920288,0.000038147,0.000038147,0.000862849,true
004,67,4,-2.592290640,-2.592289686,0.000000954,0.000000954,0.000025933,true
004,67,5,48.476882935,48.476886749,0.000003815,0.000003815,0.000484779,true
004,68,0,-6.072912693,-6.072912216,0.000000477,0.000000477,0.000060739,true
004,68,1,-34.375995636,-34.375999451,-0.000003815,0.000003815,0.000343770,true
004,68,2,-17.958179474,-17.958213806,-0.000034332,0.000034332,0.000179592,true
004,68,3,86.286262512,86.286285400,0.000022888,0.000022888,0.000862873,true
004,68,4,-2.592323065,-2.592323065,0.000000000,0.000000000,0.000025933,true
004,68,5,48.478302002,48.478298187,-0.000003815,0.000003815,0.000484793,true
004,69,0,-6.079670906,-6.079670429,0.000000477,0.000000477,0.000060807,true
004,69,1,-34.346363068,-34.346363068,0.000000000,0.000000000,0.000343474,true
004,69,2,-17.973072052,-17.973072052,0.000000000,0.000000000,0.000179741,true
004,69,3,86.290855408,86.290847778,-0.000007629,0.000007629,0.000862919,true
004,69,4,-2.597511530,-2.597512245,-0.000000715,0.000000715,0.000025985,true
004,69,5,48.448841095,48.448837280,-0.000003815,0.000003815,0.000484498,true
004,70,0,-6.085759640,-6.085759163,0.000000477,0.000000477,0.000060868,true
004,70,1,-34.351661682,-34.351654053,0.000007629,0.000007629,0.000343527,true
004,70,2,-17.977455139,-17.977447510,0.000007629,0.000007629,0.000179785,true
004,70,3,86.299766541,86.299758911,-0.000007629,0.000007629,0.000863008,true
004,70,4,-2.599813461,-2.599813223,0.000000238,0.000000238,0.000026008,true
004,70,5,48.452098846,48.452095032,-0.000003815,0.000003815,0.000484531,true
004,71,0,-6.079932213,-6.079933167,-0.000000954,0.000000954,0.000060809,true
004,71,1,-34.351207733,-34.351215363,-0.000007629,0.000007629,0.000343522,true
004,71,2,-17.975952148,-17.975936890,0.000015259,0.000015259,0.000179770,true
004,71,3,86.318069458,86.318107605,0.000038147,0.000038147,0.000863191,true
004,71,4,-2.597277641,-2.597277164,0.000000477,0.000000477,0.000025983,true
004,71,5,48.457221985,48.457225800,0.000003815,0.000003815,0.000484582,true
004,72,0,-6.084587097,-6.084589005,-0.000001907,0.000001907,0.000060856,true
004,72,1,-34.303043365,-34.303047180,-0.000003815,0.000003815,0.000343040,true
004,72,2,-18.015178680,-18.015213013,-0.000034332,0.000034332,0.000180162,true
004,72,3,86.306877136,86.306892395,0.000015259,0.000015259,0.000863079,true
004,72,4,-2.599311590,-2.599312782,-0.000001192,0.000001192,0.000026003,true
004,72,5,48.432003021,48.432010651,0.000007629,0.000007629,0.000484330,true
004,73,0,-6.088047981,-6.088047028,0.000000954,0.000000954,0.000060890,true
004,73,1,-34.304203033,-34.304206848,-0.000003815,0.000003815,0.000343052,true
004,73,2,-18.012287140,-18.012306213,-0.000019073,0.000019073,0.000180133,true
004,73,3,86.309951782,86.309989929,0.000038147,0.000038147,0.000863110,true
004,73,4,-2.600352764,-2.600352764,0.000000000,0.000000000,0.000026014,true
004,73,5,48.426883698,48.426883698,0.000000000,0.000000000,0.000484279,true
004,74,0,-6.087275028,-6.087274551,0.000000477,0.000000477,0.000060883,true
004,74,1,-34.270973206,-34.270965576,0.000007629,0.000007629,0.000342720,true
004,74,2,-18.045688629,-18.045707703,-0.000019073,0.000019073,0.000180467,true
004,74,3,86.319908142,86.319869995,-0.000038147,0.000038147,0.000863209,true
004,74,4,-2.599122524,-2.599123001,-0.000000477,0.000000477,0.000026001,true
004,74,5,48.406703949,48.406703949,0.000000000,0.000000000,0.000484077,true
004,75,0,-6.095737457,-6.095739841,-0.000002384,0.000002384,0.000060967,true
004,75,1,-34.284336090,-34.284347534,-0.000011444,0.000011444,0.000342853,true
004,75,2,-18.035449982,-18.035465240,-0.000015259,0.000015259,0.000180364,true
004,75,3,86.337219238,86.337226868,0.000007629,0.000007629,0.000863382,true
004,75,4,-2.604689121,-2.604689598,-0.000000477,0.000000477,0.000026057,true
004,75,5,48.412849426,48.412857056,0.000007629,0.000007629,0.000484138,true
004,76,0,-6.085493088,-6.085491180,0.000001907,0.000001907,0.000060865,true
004,76,1,-34.284618378,-34.284637451,-0.000019073,0.000019073,0.000342856,true
004,76,2,-18.030216217,-18.030223846,-0.000007629,0.000007629,0.000180312,true
004,76,3,86.321510315,86.321525574,0.000015259,0.000015259,0.000863225,true
004,76,4,-2.601977825,-2.601977825,0.000000000,0.000000000,0.000026030,true
004,76,5,48.415405273,48.415405273,0.000000000,0.000000000,0.000484164,true
004,77,0,-6.098944187,-6.098945141,-0.000000954,0.000000954,0.000060999,true
004,77,1,-34.224288940,-34.224288940,0.000000000,0.000000000,0.000342253,true
004,77,2,-18.093563080,-18.093593597,-0.000030518,0.000030518,0.000180946,true
004,77,3,86.342521667,86.342552185,0.000030518,0.000030518,0.000863435,true
004,77,4,-2.607318878,-2.607318878,0.000000000,0.000000000,0.000026083,true
004,77,5,48.381881714,48.381881714,0.000000000,0.000000000,0.000483829,true
004,78,0,-6.089085579,-6.089085579,0.000000000,0.000000000,0.000060901,true
004,78,1,-34.243659973,-34.243663788,-0.000003815,0.000003815,0.000342447,true
004,78,2,-18.063117981,-18.063133240,-0.000015259,0.000015259,0.000180641,true
004,78,3,86.333717346,86.333694458,-0.000022888,0.000022888,0.000863347,true
004,78,4,-2.603392839,-2.603393793,-0.000000954,0.000000954,0.000026044,true
004,78,5,48.366744995,48.366737366,-0.000007629,0.000007629,0.000483677,true
004,79,0,-6.098771572,-6.098770618,0.000000954,0.000000954,0.000060998,true
004,79,1,-34.220878601,-34.220893860,-0.000015259,0.000015259,0.000342219,true
004,79,2,-18.097137451,-18.097099304,0.000038147,0.000038147,0.000180981,true
004,79,3,86.352760315,86.352706909,-0.000053406,0.000053406,0.000863538,true
004,79,4,-2.601915359,-2.601916313,-0.000000954,0.000000954,0.000026029,true
004,79,5,48.352832794,48.352836609,0.000003815,0.000003815,0.000483538,true
004,80,0,-6.093634129,-6.093635559,-0.000001431,0.000001431,0.000060946,true
004,80,1,-34.247386932,-34.247386932,0.000000000,0.000000000,0.000342484,true
004,80,2,-18.067409515,-18.067401886,0.000007629,0.000007629,0.000180684,true
004,80,3,86.342239380,86.342247009,0.000007629,0.000007629,0.000863432,true
004,80,4,-2.605926037,-2.605926514,-0.000000477,0.000000477,0.000026069,true
004,80,5,48.373867035,48.373874664,0.000007629,0.000007629,0.000483749,true
004,81,0,-6.093655586,-6.093656063,-0.000000477,0.000000477,0.000060947,true
004,81,1,-34.193389893,-34.193389893,0.000000000,0.000000000,0.000341944,true
004,81,2,-18.113811493,-18.113800049,0.000011444,0.000011444,0.000181148,true
004,81,3,86.349449158,86.349433899,-0.000015259,0.000015259,0.000863504,true
004,81,4,-2.607218504,-2.607218266,0.000000238,0.000000238,0.000026082,true
004,81,5,48.356853485,48.356849670,-0.000003815,0.000003815,0.000483579,true
004,82,0,-6.106822014,-6.106818676,0.000003338,0.000003338,0.000061078,true
004,82,1,-34.191699982,-34.191703796,-0.000003815,0.000003815,0.000341927,true
004,82,2,-18.115856171,-18.115844727,0.000011444,0.000011444,0.000181169,true
004,82,3,86.345062256,86.345046997,-0.000015259,0.000015259,0.000863461,true
004,82,4,-2.610938311,-2.610937595,0.000000715,0.000000715,0.000026119,true
004,82,5,48.372489929,48.372486115,-0.000003815,0.000003815,0.000483735,true
004,83,0,-6.108915329,-6.108912468,0.000002861,0.000002861,0.000061099,true
004,83,1,-34.176914215,-34.176914215,0.000000000,0.000000000,0.000341779,true
004,83,2,-18.132034302,-18.132072449,-0.000038147,0.000038147,0.000181330,true
004,83,3,86.359046936,86.359046936,0.000000000,0.000000000,0.000863600,true
004,83,4,-2.611816883,-2.611816645,0.000000238,0.000000238,0.000026128,true
004,83,5,48.374210358,48.374202728,-0.000007629,0.000007629,0.000483752,true
004,84,0,-6.110006332,-6.110006809,-0.000000477,0.000000477,0.000061110,true
004,84,1,-34.136627197,-34.136627197,0.000000000,0.000000000,0.000341376,true
004,84,2,-18.168601990,-18.168609619,-0.000007629,0.000007629,0.000181696,true
004,84,3,86.374763489,86.374755859,-0.000007629,0.000007629,0.000863758,true
004,84,4,-2.609565735,-2.609565735,0.000000000,0.000000000,0.000026106,true
004,84,5,48.319461823,48.319461823,0.000000000,0.000000000,0.000483205,true
004,85,0,-6.110956669,-6.110954285,0.000002384,0.000002384,0.000061120,true
004,85,1,-34.096950531,-34.096965790,-0.000015259,0.000015259,0.000340980,true
004,85,2,-18.192466736,-18.192459106,0.000007629,0.000007629,0.000181935,true
004,85,3,86.370193481,86.370147705,-0.000045776,0.000045776,0.000863712,true
004,85,4,-2.609780312,-2.609780073,0.000000238,0.000000238,0.000026108,true
004,85,5,48.305435181,48.305442810,0.000007629,0.000007629,0.000483064,true
004,86,0,-6.093012333,-6.093012333,0.000000000,0.000000000,0.000060940,true
004,86,1,-34.188827515,-34.188827515,0.000000000,0.000000000,0.000341898,true
004,86,2,-18.118961334,-18.118984222,-0.000022888,0.000022888,0.000181200,true
004,86,3,86.383956909,86.383956909,0.000000000,0.000000000,0.000863850,true
004,86,4,-2.610455513,-2.610455513,0.000000000,0.000000000,0.000026115,true
004,86,5,48.301486969,48.301486969,0.000000000,0.000000000,0.000483025,true
004,87,0,-6.100149155,-6.100150108,-0.000000954,0.000000954,0.000061011,true
004,87,1,-34.154449463,-34.154457092,-0.000007629,0.000007629,0.000341554,true
004,87,2,-18.158229828,-18.158180237,0.000049591,0.000049591,0.000181592,true
004,87,3,86.389480591,86.389450073,-0.000030518,0.000030518,0.000863905,true
004,87,4,-2.610760689,-2.610761166,-0.000000477,0.000000477,0.000026118,true
004,87,5,48.315143585,48.315139771,-0.000003815,0.000003815,0.000483161,true
004,88,0,-6.097349644,-6.097349167,0.000000477,0.000000477,0.000060983,true
004,88,1,-34.155578613,-34.155601501,-0.000022888,0.000022888,0.000341566,true
004,88,2,-18.121566772,-18.121566772,0.000000000,0.000000000,0.000181226,true
004,88,3,86.381057739,86.381034851,-0.000022888,0.000022888,0.000863821,true
004,88,4,-2.615988731,-2.615990400,-0.000001669,0.000001669,0.000026170,true
004,88,5,48.297641754,48.297641754,0.000000000,0.000000000,0.000482986,true
004,89,0,-6.107384682,-6.107385159,-0.000000477,0.000000477,0.000061084,true
004,89,1,-34.157814026,-34.157814026,0.000000000,0.000000000,0.000341588,true
004,89,2,-18.154033661,-18.154067993,-0.000034332,0.000034332,0.000181550,true
004,89,3,86.411880493,86.411926270,0.000045776,0.000045776,0.000864129,true
004,89,4,-2.618417501,-2.618418217,-0.000000715,0.000000715,0.000026194,true
004,89,5,48.286914825,48.286911011,-0.000003815,0.000003815,0.000482879,true
004,90,0,-6.103620052,-6.103620529,-0.000000477,0.000000477,0.000061046,true
004,90,1,-34.126811981,-34.126811981,0.000000000,0.000000000,0.000341278,true
004,90,2,-18.181385040,-18.181404114,-0.000019073,0.000019073,0.000181824,true
004,90,3,86.394973755,86.395042419,0.000068665,0.000068665,0.000863960,true
004,90,4,-2.611576080,-2.611575603,0.000000477,0.000000477,0.000026126,true
004,90,5,48.273994446,48.273994446,0.000000000,0.000000000,0.000482750,true
004,91,0,-6.098605156,-6.098603725,0.000001431,0.000001431,0.000060996,true
004,91,1,-34.132743835,-34.132751465,-0.000007629,0.000007629,0.000341337,true
004,91,2,-18.192733765,-18.192749023,-0.000015259,0.000015259,0.000181937,true
004,91,3,86.409400940,86.409400940,0.000000000,0.000000000,0.000864104,true
004,91,4,-2.611347198,-2.611347437,-0.000000238,0.000000238,0.000026123,true
004,91,5,48.247837067,48.247833252,-0.000003815,0.000003815,0.000482488,true
004,92,0,-6.099520683,-6.099521637,-0.000000954,0.000000954,0.000061005,true
004,92,1,-34.125816345,-34.125808716,0.000007629,0.000007629,0.000341268,true
004,92,2,-18.192771912,-18.192756653,0.000015259,0.000015259,0.000181938,true
004,92,3,86.425880432,86.425872803,-0.000007629,0.000007629,0.000864269,true
004,92,4,-2.613123178,-2.613123417,-0.000000238,0.000000238,0.000026141,true
004,92,5,48.259925842,48.259929657,0.000003815,0.000003815,0.000482609,true
004,93,0,-6.108764172,-6.108763218,0.000000954,0.000000954,0.000061098,true
004,93,1,-34.101196289,-34.101219177,-0.000022888,0.000022888,0.000341022,true
004,93,2,-18.218421936,-18.218421936,0.000000000,0.000000000,0.000182194,true
004,93,3,86.423828125,86.423774719,-0.000053406,0.000053406,0.000864248,true
004,93,4,-2.614131927,-2.614132643,-0.000000715,0.000000715,0.000026151,true
004,93,5,48.254730225,48.254737854,0.000007629,0.000007629,0.000482557,true
004,94,0,-6.109286308,-6.109285355,0.000000954,0.000000954,0.000061103,true
004,94,1,-34.076995850,-34.076995850,0.000000000,0.000000000,0.000340780,true
004,94,2,-18.243652344,-18.243637085,0.000015259,0.000015259,0.000182447,true
004,94,3,86.436950684,86.436965942,0.000015259,0.000015259,0.000864380,true
004,94,4,-2.615004301,-2.615004539,-0.000000238,0.000000238,0.000026160,true
004,94,5,48.241527557,48.241527557,0.000000000,0.000000000,0.000482425,true
004,95,0,-6.107376099,-6.107376099,0.000000000,0.000000000,0.000061084,true
004,95,1,-34.082084656,-34.082099915,-0.000015259,0.000015259,0.000340831,true
004,95,2,-18.244560242,-18.244541168,0.000019073,0.000019073,0.000182456,true
004,95,3,86.447441101,86.447448730,0.000007629,0.000007629,0.000864484,true
004,95,4,-2.619716167,-2.619716644,-0.000000477,0.000000477,0.000026207,true
004,95,5,48.246269226,48.246269226,0.000000000,0.000000000,0.000482473,true
004,96,0,-6.105127811,-6.105127335,0.000000477,0.000000477,0.000061061,true
004,96,1,-34.058826447,-34.058841705,-0.000015259,0.000015259,0.000340598,true
004,96,2,-18.260597229,-18.260620117,-0.000022888,0.000022888,0.000182616,true
004,96,3,86.463874817,86.463851929,-0.000022888,0.000022888,0.000864649,true
004,96,4,-2.619031906,-2.619031906,0.000000000,0.000000000,0.000026200,true
004,96,5,48.243663788,48.243663788,0.000000000,0.000000000,0.000482447,true
004,97,0,-6.093386650,-6.093384743,0.000001907,0.000001907,0.000060944,true
004,97,1,-34.062767029,-34.062770844,-0.000003815,0.000003815,0.000340638,true
004,97,2,-18.227931976,-18.227931976,0.000000000,0.000000000,0.000182289,true
004,97,3,86.442199707,86.442153931,-0.000045776,0.000045776,0.000864432,true
004,97,4,-2.618463039,-2.618463516,-0.000000477,0.000000477,0.000026195,true
004,97,5,48.242042542,48.242046356,0.000003815,0.000003815,0.000482430,true
004,98,0,-6.105911732,-6.105909348,0.000002384,0.000002384,0.000061069,true
004,98,1,-34.063587189,-34.063583374,0.000003815,0.000003815,0.000340646,true
004,98,2,-18.243289948,-18.243289948,0.000000000,0.000000000,0.000182443,true
004,98,3,86.481330872,86.481338501,0.000007629,0.000007629,0.000864823,true
004,98,4,-2.622078419,-2.622079372,-0.000000954,0.000000954,0.000026231,true
004,98,5,48.260009766,48.259998322,-0.000011444,0.000011444,0.000482610,true
004,99,0,-6.099318981,-6.099317074,0.000001907,0.000001907,0.000061003,true
004,99,1,-34.077293396,-34.077278137,0.000015259,0.000015259,0.000340783,true
004,99,2,-18.246379852,-18.246376038,0.000003815,0.000003815,0.000182474,true
004,99,3,86.475196838,86.475173950,-0.000022888,0.000022888,0.000864762,true
004,99,4,-2.618166447,-2.618166447,0.000000000,0.000000000,0.000026192,true
004,99,5,48.243041992,48.243034363,-0.000007629,0.000007629,0.000482440,true
