case_id,step,joint,pytorch_reference,rust_actual,signed_error,abs_error,tolerance,pass
000,0,0,2.034014702,-26.537055969,-28.571070671,28.571070671,0.000020350,false
000,0,1,-69.784507751,-71.248962402,-1.464454651,1.464454651,0.000697855,false
000,0,2,68.138076782,65.930801392,-2.207275391,2.207275391,0.000681391,false
000,0,3,11.644514084,18.529058456,6.884544373,6.884544373,0.000116455,false
000,0,4,-2.798796654,-0.074625254,2.724171400,2.724171400,0.000027998,false
000,0,5,61.285499573,29.685440063,-31.600059509,31.600059509,0.000612865,false
000,1,0,1.585897446,-26.860496521,-28.446393967,28.446393967,0.000015869,false
000,1,1,-69.293457031,-67.568649292,1.724807739,1.724807739,0.000692945,false
000,1,2,68.506553650,63.932083130,-4.574470520,4.574470520,0.000685076,false
000,1,3,10.911277771,17.595016479,6.683738708,6.683738708,0.000109123,false
000,1,4,-2.881075382,0.007256508,2.888331890,2.888331890,0.000028821,false
000,1,5,61.381839752,29.395635605,-31.986204147,31.986204147,0.000613828,false
000,2,0,1.377352238,-27.222105026,-28.599457264,28.599457264,0.000013784,false
000,2,1,-68.953720093,-64.830635071,4.123085022,4.123085022,0.000689547,false
000,2,2,69.088363647,62.176551819,-6.911811829,6.911811829,0.000690894,false
000,2,3,10.399467468,17.024860382,6.625392914,6.625392914,0.000104005,false
000,2,4,-2.906660557,0.064395189,2.971055746,2.971055746,0.000029077,false
000,2,5,61.263694763,29.189962387,-32.073732376,32.073732376,0.000612647,false
000,3,0,1.046422005,-27.524682999,-28.571105003,28.571105003,0.000010474,false
000,3,1,-68.469856262,-61.175018311,7.294837952,7.294837952,0.000684709,false
000,3,2,69.156730652,60.480197906,-8.676532745,8.676532745,0.000691577,false
000,3,3,10.363767624,15.438005447,5.074237823,5.074237823,0.000103648,false
000,3,4,-3.032862663,0.086846828,3.119709492,3.119709492,0.000030339,false
000,3,5,61.190536499,28.755315781,-32.435220718,32.435220718,0.000611915,false
000,4,0,1.004180908,-27.799489975,-28.803670883,28.803670883,0.000010052,false
000,4,1,-67.500762939,-57.247425079,10.253337860,10.253337860,0.000675018,false
000,4,2,68.419082642,57.961788177,-10.457294464,10.457294464,0.000684201,false
000,4,3,9.920080185,14.499435425,4.579355240,4.579355240,0.000099211,false
000,4,4,-3.175792217,0.132704735,3.308496952,3.308496952,0.000031768,false
000,4,5,61.517627716,28.651012421,-32.866615295,32.866615295,0.000615186,false
000,5,0,0.854773998,-28.040626526,-28.895400524,28.895400524,0.000008558,false
000,5,1,-67.014732361,-53.271469116,13.743263245,13.743263245,0.000670157,false
000,5,2,68.355102539,55.349758148,-13.005344391,13.005344391,0.000683561,false
000,5,3,9.916070938,13.535116196,3.619045258,3.619045258,0.000099171,false
000,5,4,-3.279232264,0.161600828,3.440833092,3.440833092,0.000032802,false
000,5,5,61.358116150,28.539531708,-32.818584442,32.818584442,0.000613591,false
000,6,0,0.927450180,-28.201911926,-29.129362106,29.129362106,0.000009285,false
000,6,1,-65.691192627,-51.306121826,14.385070801,14.385070801,0.000656922,false
000,6,2,67.523521423,54.434860229,-13.088661194,13.088661194,0.000675245,false
000,6,3,9.613624573,12.186298370,2.572673798,2.572673798,0.000096146,false
000,6,4,-3.481109142,0.121147394,3.602256536,3.602256536,0.000034821,false
000,6,5,61.517982483,28.195783615,-33.322198868,33.322198868,0.000615190,false
000,7,0,1.085516930,-28.331668854,-29.417185783,29.417185783,0.000010865,false
000,7,1,-64.550300598,-47.792346954,16.757953644,16.757953644,0.000645513,false
000,7,2,66.632431030,51.905197144,-14.727233887,14.727233887,0.000666334,false
000,7,3,9.672815323,11.877462387,2.204647064,2.204647064,0.000096738,false
000,7,4,-3.526479721,0.174027443,3.700507164,3.700507164,0.000035275,false
000,7,5,61.379905701,28.259532928,-33.120372772,33.120372772,0.000613809,false
000,8,0,0.910369873,-28.467136383,-29.377506256,29.377506256,0.000009114,false
000,8,1,-61.340461731,-44.953742981,16.386718750,16.386718750,0.000613415,false
000,8,2,64.332786560,50.221225739,-14.111560822,14.111560822,0.000643338,false
000,8,3,9.313503265,11.103918076,1.790414810,1.790414810,0.000093145,false
000,8,4,-3.810076475,0.153428793,3.963505268,3.963505268,0.000038111,false
000,8,5,61.779979706,28.140302658,-33.639677048,33.639677048,0.000617810,false
000,9,0,0.940467834,-28.543964386,-29.484432220,29.484432220,0.000009415,false
000,9,1,-60.909164429,-41.444210052,19.464954376,19.464954376,0.000609102,false
000,9,2,63.932731628,47.853069305,-16.079662323,16.079662323,0.000639337,false
000,9,3,9.543161392,10.631099701,1.087938309,1.087938309,0.000095442,false
000,9,4,-3.830963135,0.169316530,4.000279665,4.000279665,0.000038320,false
000,9,5,61.714874268,28.176609039,-33.538265228,33.538265228,0.000617159,false
000,10,0,1.076568127,-28.744594574,-29.821162701,29.821162701,0.000010776,false
000,10,1,-56.771911621,-38.712959290,18.058952332,18.058952332,0.000567729,false
000,10,2,60.854972839,45.976844788,-14.878128052,14.878128052,0.000608560,false
000,10,3,9.378271103,10.042512894,0.664241791,0.664241791,0.000093793,false
000,10,4,-4.042680264,0.178514481,4.221194744,4.221194744,0.000040437,false
000,10,5,62.059787750,28.140327454,-33.919460297,33.919460297,0.000620608,false
000,11,0,1.286450863,-28.846279144,-30.132730007,30.132730007,0.000012875,false
000,11,1,-52.936592102,-35.979934692,16.956657410,16.956657410,0.000529376,false
000,11,2,57.810058594,43.975105286,-13.834953308,13.834953308,0.000578111,false
000,11,3,9.500942230,9.850559235,0.349617004,0.349617004,0.000095019,false
000,11,4,-4.103319645,0.186345816,4.289665461,4.289665461,0.000041043,false
000,11,5,62.197357178,28.129650116,-34.067707062,34.067707062,0.000621984,false
000,12,0,1.549349308,-28.919702530,-30.469051838,30.469051838,0.000015503,false
000,12,1,-48.849246979,-33.196716309,15.652530670,15.652530670,0.000488502,false
000,12,2,54.408424377,41.893447876,-12.514976501,12.514976501,0.000544094,false
000,12,3,10.045764923,9.727338791,-0.318426132,0.318426132,0.000100468,false
000,12,4,-4.137383461,0.189043283,4.326426744,4.326426744,0.000041384,false
000,12,5,62.374305725,28.187755585,-34.186550140,34.186550140,0.000623753,false
000,13,0,2.264139175,-28.821994781,-31.086133957,31.086133957,0.000022651,false
000,13,1,-40.762615204,-31.547359467,9.215255737,9.215255737,0.000407636,false
000,13,2,47.456119537,41.043323517,-6.412796021,6.412796021,0.000474571,false
000,13,3,10.830692291,9.111862183,-1.718830109,1.718830109,0.000108317,false
000,13,4,-4.057487965,0.166733027,4.224220991,4.224220991,0.000040585,false
000,13,5,62.484817505,28.078136444,-34.406681061,34.406681061,0.000624858,false
000,14,0,2.191784859,-28.924705505,-31.116490364,31.116490364,0.000021928,false
000,14,1,-40.738731384,-28.539230347,12.199501038,12.199501038,0.000407397,false
000,14,2,47.392494202,38.718524933,-8.673969269,8.673969269,0.000473935,false
000,14,3,10.987983704,9.216142654,-1.771841049,1.771841049,0.000109890,false
000,14,4,-4.076278687,0.153982401,4.230261087,4.230261087,0.000040773,false
000,14,5,62.501281738,28.056230545,-34.445051193,34.445051193,0.000625023,false
000,15,0,2.192167759,-28.947294235,-31.139461994,31.139461994,0.000021932,false
000,15,1,-37.350166321,-27.079515457,10.270650864,10.270650864,0.000373512,false
000,15,2,44.190254211,37.433250427,-6.757003784,6.757003784,0.000441913,false
000,15,3,11.557579041,9.313949585,-2.243629456,2.243629456,0.000115586,false
000,15,4,-4.049165249,0.157531023,4.206696272,4.206696272,0.000040502,false
000,15,5,62.488372803,28.062877655,-34.425495148,34.425495148,0.000624894,false
000,16,0,2.668721199,-28.939781189,-31.608502388,31.608502388,0.000026697,false
000,16,1,-31.791784286,-26.897119522,4.894664764,4.894664764,0.000317928,false
000,16,2,38.838836670,37.594715118,-1.244121552,1.244121552,0.000388398,false
000,16,3,12.122190475,8.789085388,-3.333105087,3.333105087,0.000121232,false
000,16,4,-3.950965881,0.131963253,4.082929134,4.082929134,0.000039520,false
000,16,5,62.277885437,28.070489883,-34.207395554,34.207395554,0.000622789,false
000,17,0,2.455206871,-29.000171661,-31.455378532,31.455378532,0.000024562,false
000,17,1,-29.401561737,-24.142187119,5.259374619,5.259374619,0.000294026,false
000,17,2,36.386299133,35.609176636,-0.777122498,0.777122498,0.000363873,false
000,17,3,12.581052780,8.622421265,-3.958631516,3.958631516,0.000125821,false
000,17,4,-3.950584173,0.135888338,4.086472511,4.086472511,0.000039516,false
000,17,5,62.318866730,27.964748383,-34.354118347,34.354118347,0.000623199,false
000,18,0,2.739472389,-28.925441742,-31.664914131,31.664914131,0.000027405,false
000,18,1,-26.809949875,-22.289690018,4.520259857,4.520259857,0.000268109,false
000,18,2,33.947391510,34.180000305,0.232608795,0.232608795,0.000339484,false
000,18,3,13.026242256,8.804721832,-4.221520424,4.221520424,0.000130272,false
000,18,4,-3.979659081,0.119369745,4.099028826,4.099028826,0.000039807,false
000,18,5,62.224731445,27.958179474,-34.266551971,34.266551971,0.000622257,false
000,19,0,2.808322906,-28.882091522,-31.690414429,31.690414429,0.000028093,false
000,19,1,-25.455251694,-20.494541168,4.960710526,4.960710526,0.000254563,false
000,19,2,32.865036011,32.973110199,0.108074188,0.108074188,0.000328660,false
000,19,3,12.927986145,8.509618759,-4.418367386,4.418367386,0.000129290,false
000,19,4,-4.034456730,0.095825911,4.130282640,4.130282640,0.000040355,false
000,19,5,62.268981934,27.956531525,-34.312450409,34.312450409,0.000622700,false
000,20,0,2.872606277,-28.817268372,-31.689874649,31.689874649,0.000028736,false
000,20,1,-23.734645844,-20.051378250,3.683267593,3.683267593,0.000237356,false
000,20,2,30.972431183,32.672958374,1.700527191,1.700527191,0.000309734,false
000,20,3,13.168578148,8.516916275,-4.651661873,4.651661873,0.000131696,false
000,20,4,-3.998320580,0.112102032,4.110422611,4.110422611,0.000039993,false
000,20,5,62.159793854,28.017288208,-34.142505646,34.142505646,0.000621608,false
000,21,0,2.686235905,-28.726345062,-31.412580967,31.412580967,0.000026872,false
000,21,1,-22.200748444,-18.402826309,3.797922134,3.797922134,0.000222017,false
000,21,2,29.703718185,31.105710983,1.401992798,1.401992798,0.000297047,false
000,21,3,13.243093491,8.699850082,-4.543243408,4.543243408,0.000132441,false
000,21,4,-4.118404388,0.137385368,4.255789757,4.255789757,0.000041194,false
000,21,5,62.358409882,27.988365173,-34.370044708,34.370044708,0.000623594,false
000,22,0,2.785408974,-28.777732849,-31.563141823,31.563141823,0.000027864,false
000,22,1,-19.481876373,-17.473932266,2.007944107,2.007944107,0.000194829,false
000,22,2,27.332944870,30.468818665,3.135873795,3.135873795,0.000273339,false
000,22,3,13.390714645,8.474527359,-4.916187286,4.916187286,0.000133917,false
000,22,4,-4.319681644,0.135103464,4.454785109,4.454785109,0.000043207,false
000,22,5,62.498298645,27.943382263,-34.554916382,34.554916382,0.000624993,false
000,23,0,2.621916771,-28.662132263,-31.284049034,31.284049034,0.000026229,false
000,23,1,-17.364391327,-16.495563507,0.868827820,0.868827820,0.000173654,false
000,23,2,25.334783554,29.925476074,4.590692520,4.590692520,0.000253358,false
000,23,3,13.420486450,8.245235443,-5.175251007,5.175251007,0.000134215,false
000,23,4,-4.608393192,0.120598078,4.728991270,4.728991270,0.000046094,false
000,23,5,62.656475067,27.876987457,-34.779487610,34.779487610,0.000626575,false
000,24,0,2.690449715,-28.536945343,-31.227395058,31.227395058,0.000026914,false
000,24,1,-14.944648743,-15.525884628,-0.581235886,0.581235886,0.000149456,false
000,24,2,23.250131607,29.271938324,6.021806717,6.021806717,0.000232511,false
000,24,3,13.407610893,8.043087006,-5.364523888,5.364523888,0.000134086,false
000,24,4,-5.116226673,0.127925634,5.244152308,5.244152308,0.000051172,false
000,24,5,62.674484253,27.915332794,-34.759151459,34.759151459,0.000626755,false
000,25,0,2.442860126,-28.379592896,-30.822453022,30.822453022,0.000024439,false
000,25,1,-13.281375885,-13.989406586,-0.708030701,0.708030701,0.000132824,false
000,25,2,21.671583176,28.306270599,6.634687424,6.634687424,0.000216726,false
000,25,3,13.321763992,7.740615368,-5.581148624,5.581148624,0.000133228,false
000,25,4,-5.763977051,0.142742157,5.906719208,5.906719208,0.000057650,false
000,25,5,62.610492706,27.896789551,-34.713703156,34.713703156,0.000626115,false
000,26,0,2.100401878,-28.301633835,-30.402035713,30.402035713,0.000021014,false
000,26,1,-10.438888550,-13.194000244,-2.755111694,2.755111694,0.000104399,false
000,26,2,19.450489044,27.896324158,8.445835114,8.445835114,0.000194515,false
000,26,3,12.773309708,7.501563549,-5.271746159,5.271746159,0.000127743,false
000,26,4,-7.110551357,0.151432991,7.261984348,7.261984348,0.000071116,false
000,26,5,62.426540375,27.927640915,-34.498899460,34.498899460,0.000624275,false
000,27,0,1.961488724,-28.240978241,-30.202466965,30.202466965,0.000019625,false
000,27,1,-9.522716522,-12.914134979,-3.391418457,3.391418457,0.000095237,false
000,27,2,18.604696274,27.619979858,9.015283585,9.015283585,0.000186057,false
000,27,3,12.518472672,7.556641102,-4.961831570,4.961831570,0.000125195,false
000,27,4,-7.697558880,0.160339355,7.857898235,7.857898235,0.000076986,false
000,27,5,62.248908997,27.887668610,-34.361240387,34.361240387,0.000622499,false
000,28,0,1.744885445,-28.115550995,-29.860436440,29.860436440,0.000017459,false
000,28,1,-8.781291962,-11.493522644,-2.712230682,2.712230682,0.000087823,false
000,28,2,17.759126663,26.883895874,9.124769211,9.124769211,0.000177601,false
000,28,3,12.578071594,6.708244801,-5.869826794,5.869826794,0.000125791,false
000,28,4,-8.133000374,0.145595551,8.278595924,8.278595924,0.000081340,false
000,28,5,62.079807281,27.750598907,-34.329208374,34.329208374,0.000620808,false
000,29,0,1.378928661,-28.005470276,-29.384398937,29.384398937,0.000013799,false
000,29,1,-8.408737183,-10.792663574,-2.383926392,2.383926392,0.000084097,false
000,29,2,17.174757004,26.721286774,9.546529770,9.546529770,0.000171758,false
000,29,3,12.683310509,5.960928440,-6.722382069,6.722382069,0.000126843,false
000,29,4,-8.369607925,0.169090748,8.538698673,8.538698673,0.000083706,false
000,29,5,61.963005066,27.777439117,-34.185565948,34.185565948,0.000619640,false
000,30,0,1.187384605,-27.985877991,-29.173262596,29.173262596,0.000011884,false
000,30,1,-8.351703644,-10.482398987,-2.130695343,2.130695343,0.000083527,false
000,30,2,16.927106857,26.553688049,9.626581192,9.626581192,0.000169281,false
000,30,3,12.645703316,5.776431561,-6.869271755,6.869271755,0.000126467,false
000,30,4,-8.662690163,0.143815994,8.806506157,8.806506157,0.000086637,false
000,30,5,61.872985840,27.677211761,-34.195774078,34.195774078,0.000618740,false
000,31,0,0.698610306,-27.760662079,-28.459272385,28.459272385,0.000006996,false
000,31,1,-8.458347321,-9.264701843,-0.806354523,0.806354523,0.000084593,false
000,31,2,16.538154602,26.113983154,9.575828552,9.575828552,0.000165392,false
000,31,3,12.767582893,5.146197796,-7.621385098,7.621385098,0.000127686,false
000,31,4,-8.840240479,0.129781961,8.970022440,8.970022440,0.000088412,false
000,31,5,61.960441589,27.794925690,-34.165515900,34.165515900,0.000619614,false
000,32,0,-0.141932011,-27.692464828,-27.550532818,27.550532818,0.000001429,false
000,32,1,-9.132419586,-8.312385559,0.820034027,0.820034027,0.000091334,false
000,32,2,16.489160538,25.746665955,9.257505417,9.257505417,0.000164902,false
000,32,3,12.939940453,4.454118252,-8.485822201,8.485822201,0.000129409,false
000,32,4,-9.062865257,0.115009546,9.177874804,9.177874804,0.000090639,false
000,32,5,61.865303040,27.758422852,-34.106880188,34.106880188,0.000618663,false
000,33,0,-0.645555019,-27.698394775,-27.052839756,27.052839756,0.000006466,false
000,33,1,-9.120857239,-8.106040955,1.014816284,1.014816284,0.000091219,false
000,33,2,15.734931946,25.753311157,10.018379211,10.018379211,0.000157359,false
000,33,3,13.378160477,4.168727398,-9.209433079,9.209433079,0.000133792,false
000,33,4,-9.064943314,0.124222517,9.189165831,9.189165831,0.000090659,false
000,33,5,62.029205322,27.734510422,-34.294694901,34.294694901,0.000620302,false
000,34,0,-1.905004263,-27.499567032,-25.594562769,25.594562769,0.000019060,false
000,34,1,-9.446151733,-7.285007477,2.161144257,2.161144257,0.000094472,false
000,34,2,14.676258087,25.531703949,10.855445862,10.855445862,0.000146773,false
000,34,3,14.139573097,3.233267307,-10.906305790,10.906305790,0.000141406,false
000,34,4,-9.009284973,0.132126570,9.141411543,9.141411543,0.000090103,false
000,34,5,62.104953766,27.734493256,-34.370460510,34.370460510,0.000621060,false
000,35,0,-2.526932478,-27.454547882,-24.927615404,24.927615404,0.000025279,false
000,35,1,-9.959777832,-6.665760040,3.294017792,3.294017792,0.000099608,false
000,35,2,14.481491089,25.465690613,10.984199524,10.984199524,0.000144825,false
000,35,3,14.448875427,2.492635250,-11.956240177,11.956240177,0.000144499,false
000,35,4,-8.869124413,0.121271133,8.990395546,8.990395546,0.000088701,false
000,35,5,62.277683258,27.722965240,-34.554718018,34.554718018,0.000622787,false
000,36,0,-3.589458942,-27.373476028,-23.784017086,23.784017086,0.000035905,false
000,36,1,-10.136432648,-6.058483124,4.077949524,4.077949524,0.000101374,false
000,36,2,13.340940475,25.422489166,12.081548691,12.081548691,0.000133419,false
000,36,3,15.367963791,1.724243641,-13.643720150,13.643720150,0.000153690,false
000,36,4,-8.723833084,0.113156080,8.836989164,8.836989164,0.000087248,false
000,36,5,62.243766785,27.803577423,-34.440189362,34.440189362,0.000622448,false
000,37,0,-4.934134007,-27.219406128,-22.285272121,22.285272121,0.000049351,false
000,37,1,-11.580707550,-5.697616577,5.883090973,5.883090973,0.000115817,false
000,37,2,13.351264954,25.599464417,12.248199463,12.248199463,0.000133523,false
000,37,3,16.266086578,0.514774799,-15.751311779,15.751311779,0.000162671,false
000,37,4,-8.559602737,0.133273363,8.692876101,8.692876101,0.000085606,false
000,37,5,62.355522156,27.758350372,-34.597171783,34.597171783,0.000623565,false
000,38,0,-6.083544254,-27.188907623,-21.105363369,21.105363369,0.000060845,false
000,38,1,-12.214908600,-5.289920807,6.924987793,6.924987793,0.000122159,false
000,38,2,12.843803406,25.664497375,12.820693970,12.820693970,0.000128448,false
000,38,3,17.174747467,0.017153263,-17.157594204,17.157594204,0.000171757,false
000,38,4,-8.239372253,0.126815796,8.366188049,8.366188049,0.000082404,false
000,38,5,62.388217926,27.722873688,-34.665344238,34.665344238,0.000623892,false
000,39,0,-7.079129219,-27.107448578,-20.028319359,20.028319359,0.000070801,false
000,39,1,-13.443359375,-4.635448456,8.807910919,8.807910919,0.000134444,false
000,39,2,13.392744064,25.620018005,12.227273941,12.227273941,0.000133937,false
000,39,3,17.600944519,-0.934282780,-18.535227299,18.535227299,0.000176019,false
000,39,4,-7.893774033,0.104046822,7.997820854,7.997820854,0.000078948,false
000,39,5,62.399677277,27.787307739,-34.612369537,34.612369537,0.000624007,false
000,40,0,-7.635156631,-27.016098022,-19.380941391,19.380941391,0.000076362,false
000,40,1,-13.448780060,-3.957927704,9.490852356,9.490852356,0.000134498,false
000,40,2,12.876348495,25.763751984,12.887403488,12.887403488,0.000128773,false
000,40,3,18.016435623,-2.186109066,-20.202544689,20.202544689,0.000180174,false
000,40,4,-7.567206383,0.080427647,7.647634029,7.647634029,0.000075682,false
000,40,5,62.409847260,27.760833740,-34.649013519,34.649013519,0.000624108,false
000,41,0,-9.279911995,-27.007717133,-17.727805138,17.727805138,0.000092809,false
000,41,1,-14.916007996,-3.700675964,11.215332031,11.215332031,0.000149170,false
000,41,2,13.346021652,25.853672028,12.507650375,12.507650375,0.000133470,false
000,41,3,18.703315735,-2.659578323,-21.362894058,21.362894058,0.000187043,false
000,41,4,-6.562216759,0.076942682,6.639159441,6.639159441,0.000065632,false
000,41,5,62.409454346,27.802108765,-34.607345581,34.607345581,0.000624105,false
000,42,0,-9.947237015,-26.910945892,-16.963708878,16.963708878,0.000099482,false
000,42,1,-15.039760590,-3.177703857,11.862056732,11.862056732,0.000150408,false
000,42,2,13.076288223,26.065456390,12.989168167,12.989168167,0.000130773,false
000,42,3,19.003307343,-3.959084272,-22.962391615,22.962391615,0.000190043,false
000,42,4,-5.884264469,0.048202753,5.932467222,5.932467222,0.000058853,false
000,42,5,62.417823792,27.832927704,-34.584896088,34.584896088,0.000624188,false
000,43,0,-10.602052689,-26.834648132,-16.232595444,16.232595444,0.000106031,false
000,43,1,-15.646694183,-2.861351013,12.785343170,12.785343170,0.000156477,false
000,43,2,13.505832672,26.140171051,12.634338379,12.634338379,0.000135068,false
000,43,3,18.957691193,-4.568280220,-23.525971413,23.525971413,0.000189587,false
000,43,4,-5.234481812,0.069054604,5.303536415,5.303536415,0.000052355,false
000,43,5,62.328872681,27.825180054,-34.503692627,34.503692627,0.000623299,false
000,44,0,-11.478088379,-26.717662811,-15.239574432,15.239574432,0.000114791,false
000,44,1,-17.012489319,-2.211166382,14.801322937,14.801322937,0.000170135,false
000,44,2,15.219530106,26.298564911,11.079034805,11.079034805,0.000152205,false
000,44,3,17.822559357,-6.028878212,-23.851437569,23.851437569,0.000178236,false
000,44,4,-3.913664579,0.067840576,3.981505156,3.981505156,0.000039147,false
000,44,5,62.168766022,27.840389252,-34.328376770,34.328376770,0.000621698,false
000,45,0,-11.611939430,-26.814886093,-15.202946663,15.202946663,0.000116129,false
000,45,1,-16.373252869,-2.229446411,14.143806458,14.143806458,0.000163743,false
000,45,2,15.110176086,26.483215332,11.373039246,11.373039246,0.000151112,false
000,45,3,16.531587601,-6.019596577,-22.551184177,22.551184177,0.000165326,false
000,45,4,-2.852306604,0.017450094,2.869756699,2.869756699,0.000028533,false
000,45,5,62.117393494,27.857002258,-34.260391235,34.260391235,0.000621184,false
000,46,0,-11.590166092,-26.712301254,-15.122135162,15.122135162,0.000115912,false
000,46,1,-15.771125793,-1.769191742,14.001934052,14.001934052,0.000157721,false
000,46,2,14.470289230,26.716678619,12.246389389,12.246389389,0.000144713,false
000,46,3,16.580852509,-6.937445164,-23.518297672,23.518297672,0.000165819,false
000,46,4,-2.791073799,0.032123327,2.823197126,2.823197126,0.000027921,false
000,46,5,62.107002258,27.833702087,-34.273300171,34.273300171,0.000621080,false
000,47,0,-11.839883804,-26.727603912,-14.887720108,14.887720108,0.000118409,false
000,47,1,-16.099491119,-1.597705841,14.501785278,14.501785278,0.000161005,false
000,47,2,15.713247299,26.841259003,11.128011703,11.128011703,0.000157142,false
000,47,3,15.333975792,-7.479712009,-22.813687801,22.813687801,0.000153350,false
000,47,4,-2.353211403,0.009747267,2.362958670,2.362958670,0.000023542,false
000,47,5,61.919052124,27.925415039,-33.993637085,33.993637085,0.000619201,false
000,48,0,-11.726385117,-26.672805786,-14.946420670,14.946420670,0.000117274,false
000,48,1,-15.181007385,-1.265220642,13.915786743,13.915786743,0.000151820,false
000,48,2,15.146459579,26.971179962,11.824720383,11.824720383,0.000151475,false
000,48,3,14.896964073,-8.120669365,-23.017633438,23.017633438,0.000148980,false
000,48,4,-2.178630829,-0.000730991,2.177899837,2.177899837,0.000021796,false
000,48,5,61.882350922,27.866691589,-34.015659332,34.015659332,0.000618834,false
000,49,0,-11.710650444,-26.641674042,-14.931023598,14.931023598,0.000117117,false
000,49,1,-14.926673889,-1.109405518,13.817268372,13.817268372,0.000149277,false
000,49,2,15.188920975,27.215938568,12.027017593,12.027017593,0.000151899,false
000,49,3,14.358330727,-8.855186462,-23.213517189,23.213517189,0.000143593,false
000,49,4,-1.997582912,-0.022627592,1.974955320,1.974955320,0.000019986,false
000,49,5,61.862503052,27.884620667,-33.977882385,33.977882385,0.000618635,false
000,50,0,-11.426518440,-26.631965637,-15.205447197,15.205447197,0.000114275,false
000,50,1,-14.002979279,-0.762767792,13.240211487,13.240211487,0.000140040,false
000,50,2,14.420104980,27.539600372,13.119495392,13.119495392,0.000144211,false
000,50,3,14.182255745,-9.737267494,-23.919523239,23.919523239,0.000141833,false
000,50,4,-1.906831026,-0.048855782,1.857975245,1.857975245,0.000019078,false
000,50,5,61.902450562,27.945384979,-33.957065582,33.957065582,0.000619035,false
000,51,0,-11.398363113,-26.640483856,-15.242120743,15.242120743,0.000113994,false
000,51,1,-13.621082306,-0.397338867,13.223743439,13.223743439,0.000136221,false
000,51,2,14.604228973,27.600864410,12.996635437,12.996635437,0.000146052,false
000,51,3,13.470686913,-10.416909218,-23.887596130,23.887596130,0.000134717,false
000,51,4,-1.823689461,-0.057612181,1.766077280,1.766077280,0.000018247,false
000,51,5,61.902351379,27.952018738,-33.950332642,33.950332642,0.000619034,false
000,52,0,-11.183752060,-26.558673859,-15.374921799,15.374921799,0.000111848,false
000,52,1,-12.657489777,0.036041260,12.693531036,12.693531036,0.000126585,false
000,52,2,13.881515503,27.755130768,13.873615265,13.873615265,0.000138825,false
000,52,3,13.130286217,-11.167631149,-24.297917366,24.297917366,0.000131313,false
000,52,4,-1.774439573,-0.097890615,1.676548958,1.676548958,0.000017754,false
000,52,5,61.955821991,27.879995346,-34.075826645,34.075826645,0.000619568,false
000,53,0,-10.874828339,-26.688938141,-15.814109802,15.814109802,0.000108758,false
000,53,1,-11.201095581,0.359886169,11.560981750,11.560981750,0.000112021,false
000,53,2,12.724306107,27.728919983,15.004613876,15.004613876,0.000127253,false
000,53,3,12.654850006,-11.610632896,-24.265482903,24.265482903,0.000126559,false
000,53,4,-1.782943964,-0.111996174,1.670947790,1.670947790,0.000017839,false
000,53,5,61.943626404,27.988109589,-33.955516815,33.955516815,0.000619446,false
000,54,0,-10.724987030,-26.656818390,-15.931831360,15.931831360,0.000107260,false
000,54,1,-10.784008026,0.678070068,11.462078094,11.462078094,0.000107850,false
000,54,2,12.592386246,27.724773407,15.132387161,15.132387161,0.000125934,false
000,54,3,12.393033981,-11.861209869,-24.254243851,24.254243851,0.000123940,false
000,54,4,-1.699261904,-0.110397339,1.588864565,1.588864565,0.000017003,false
000,54,5,61.940834045,28.022813797,-33.918020248,33.918020248,0.000619418,false
000,55,0,-10.236812592,-26.694427490,-16.457614899,16.457614899,0.000102378,false
000,55,1,-9.203769684,0.971611023,10.175380707,10.175380707,0.000092048,false
000,55,2,11.557495117,27.853664398,16.296169281,16.296169281,0.000115585,false
000,55,3,12.146614075,-12.594512939,-24.741127014,24.741127014,0.000121476,false
000,55,4,-1.831226826,-0.130463362,1.700763464,1.700763464,0.000018322,false
000,55,5,61.842979431,28.015232086,-33.827747345,33.827747345,0.000618440,false
000,56,0,-9.695169449,-26.674201965,-16.979032516,16.979032516,0.000096962,false
000,56,1,-7.514301300,1.235813141,8.750114441,8.750114441,0.000075153,false
000,56,2,10.456129074,28.383377075,17.927248001,17.927248001,0.000104571,false
000,56,3,11.406272888,-13.586158752,-24.992431641,24.992431641,0.000114073,false
000,56,4,-1.818607330,-0.175698757,1.642908573,1.642908573,0.000018196,false
000,56,5,61.827445984,27.993820190,-33.833625793,33.833625793,0.000618284,false
000,57,0,-9.633848190,-26.665405273,-17.031557083,17.031557083,0.000096348,false
000,57,1,-7.082992554,1.615100861,8.698093414,8.698093414,0.000070840,false
000,57,2,10.008243561,28.209278107,18.201034546,18.201034546,0.000100092,false
000,57,3,11.342529297,-13.879200935,-25.221730232,25.221730232,0.000113435,false
000,57,4,-1.768114090,-0.204023838,1.564090252,1.564090252,0.000017691,false
000,57,5,61.941135406,28.016416550,-33.924718857,33.924718857,0.000619421,false
000,58,0,-9.322174072,-26.642272949,-17.320098877,17.320098877,0.000093232,false
000,58,1,-5.981670380,1.795524597,7.777194977,7.777194977,0.000059827,false
000,58,2,8.959590912,28.312965393,19.353374481,19.353374481,0.000089606,false
000,58,3,11.284172058,-14.199565887,-25.483737946,25.483737946,0.000112852,false
000,58,4,-1.815171719,-0.186331034,1.628840685,1.628840685,0.000018162,false
000,58,5,61.820919037,27.959949493,-33.860969543,33.860969543,0.000618219,false
000,59,0,-9.100786209,-26.639205933,-17.538419724,17.538419724,0.000091018,false
000,59,1,-5.051311493,2.051250458,7.102561951,7.102561951,0.000050523,false
000,59,2,8.139965057,28.560398102,20.420433044,20.420433044,0.000081410,false
000,59,3,11.314701080,-14.826608658,-26.141309738,26.141309738,0.000113157,false
000,59,4,-1.809068918,-0.212876558,1.596192360,1.596192360,0.000018101,false
000,59,5,61.855747223,28.019529343,-33.836217880,33.836217880,0.000618567,false
000,60,0,-8.337158203,-26.677841187,-18.340682983,18.340682983,0.000083382,false
000,60,1,-2.671680450,2.359066010,5.030746460,5.030746460,0.000026727,false
000,60,2,5.877040863,28.698127747,22.821086884,22.821086884,0.000058780,false
000,60,3,11.128519058,-15.352589607,-26.481108665,26.481108665,0.000111295,false
000,60,4,-1.877734184,-0.207761765,1.669972420,1.669972420,0.000018787,false
000,60,5,61.633060455,27.963802338,-33.669258118,33.669258118,0.000616341,false
000,61,0,-8.520994186,-26.663665771,-18.142671585,18.142671585,0.000085220,false
000,61,1,-2.635921478,2.929676056,5.565597534,5.565597534,0.000026369,false
000,61,2,5.749092102,28.654693604,22.905601501,22.905601501,0.000057501,false
000,61,3,11.035316467,-16.001131058,-27.036447525,27.036447525,0.000110363,false
000,61,4,-1.853307962,-0.275287867,1.578020096,1.578020096,0.000018543,false
000,61,5,61.628349304,28.039817810,-33.588531494,33.588531494,0.000616293,false
000,62,0,-8.001884460,-26.751007080,-18.749122620,18.749122620,0.000080029,false
000,62,1,-1.166687012,3.302371979,4.469058990,4.469058990,0.000011677,false
000,62,2,4.196453094,28.668952942,24.472499847,24.472499847,0.000041975,false
000,62,3,11.178306580,-16.459051132,-27.637357712,27.637357712,0.000111793,false
000,62,4,-1.916553497,-0.239928722,1.676624775,1.676624775,0.000019176,false
000,62,5,61.430458069,27.982002258,-33.448455811,33.448455811,0.000614315,false
000,63,0,-7.682530403,-26.704540253,-19.022009850,19.022009850,0.000076835,false
000,63,1,0.172878265,3.519275665,3.346397400,3.346397400,0.000001739,false
000,63,2,2.823184967,28.932785034,26.109600067,26.109600067,0.000028242,false
000,63,3,11.091537476,-17.040042877,-28.131580353,28.131580353,0.000110925,false
000,63,4,-1.913228035,-0.251762629,1.661465406,1.661465406,0.000019142,false
000,63,5,61.403244019,27.961353302,-33.441890717,33.441890717,0.000614042,false
000,64,0,-7.659071922,-26.686206818,-19.027134895,19.027134895,0.000076601,false
000,64,1,1.126251221,3.656726837,2.530475616,2.530475616,0.000011273,false
000,64,2,1.583324432,29.012504578,27.429180145,27.429180145,0.000015843,false
000,64,3,11.256576538,-17.359464645,-28.616041183,28.616041183,0.000112576,false
000,64,4,-1.917128086,-0.239632130,1.677495956,1.677495956,0.000019181,false
000,64,5,61.322048187,27.997859955,-33.324188232,33.324188232,0.000613230,false
000,65,0,-7.452408791,-26.707857132,-19.255448341,19.255448341,0.000074534,false
000,65,1,2.666282654,4.448627472,1.782344818,1.782344818,0.000026673,false
000,65,2,-0.411598206,28.846424103,29.258022308,29.258022308,0.000004126,false
000,65,3,11.636056900,-17.994890213,-29.630947113,29.630947113,0.000116371,false
000,65,4,-1.927963495,-0.279760838,1.648202658,1.648202658,0.000019290,false
000,65,5,61.377540588,27.976669312,-33.400871277,33.400871277,0.000613785,false
000,66,0,-7.361853123,-26.708606720,-19.346753597,19.346753597,0.000073629,false
000,66,1,3.534107208,4.850662231,1.316555023,1.316555023,0.000035351,false
000,66,2,-1.424808502,28.752296448,30.177104950,30.177104950,0.000014258,false
000,66,3,11.669641495,-18.500005722,-30.169647217,30.169647217,0.000116706,false
000,66,4,-1.950620174,-0.282157183,1.668462992,1.668462992,0.000019516,false
000,66,5,61.424209595,28.004421234,-33.419788361,33.419788361,0.000614252,false
000,67,0,-7.221168518,-26.761444092,-19.540275574,19.540275574,0.000072222,false
000,67,1,3.743041992,5.459857941,1.716815948,1.716815948,0.000037440,false
000,67,2,-1.608177185,28.582202911,30.190380096,30.190380096,0.000016092,false
000,67,3,11.679327011,-18.824878693,-30.504205704,30.504205704,0.000116803,false
000,67,4,-1.965754986,-0.312335491,1.653419495,1.653419495,0.000019668,false
000,67,5,61.388237000,28.010894775,-33.377342224,33.377342224,0.000613892,false
000,68,0,-7.169971466,-26.705026627,-19.535055161,19.535055161,0.000071710,false
000,68,1,4.675941467,5.371631622,0.695690155,0.695690155,0.000046769,false
000,68,2,-2.914470673,28.856353760,31.770824432,31.770824432,0.000029155,false
000,68,3,11.914569855,-19.114421844,-31.028991699,31.028991699,0.000119156,false
000,68,4,-1.976289749,-0.263451576,1.712838173,1.712838173,0.000019773,false
000,68,5,61.466880798,28.004615784,-33.462265015,33.462265015,0.000614679,false
000,69,0,-7.073695660,-26.678131104,-19.604435444,19.604435444,0.000070747,false
000,69,1,6.450099945,5.827014923,-0.623085022,0.623085022,0.000064511,false
000,69,2,-5.312583923,28.792602539,34.105186462,34.105186462,0.000053136,false
000,69,3,12.391244888,-19.576988220,-31.968233109,31.968233109,0.000123922,false
000,69,4,-1.953272820,-0.285546541,1.667726278,1.667726278,0.000019543,false
000,69,5,61.533969879,27.936975479,-33.596994400,33.596994400,0.000615350,false
000,70,0,-6.972289562,-26.711446762,-19.739157200,19.739157200,0.000069733,false
000,70,1,7.220802307,6.343692780,-0.877109528,0.877109528,0.000072218,false
000,70,2,-6.039043427,28.679134369,34.718177795,34.718177795,0.000060400,false
000,70,3,12.303619385,-20.039031982,-32.342651367,32.342651367,0.000123046,false
000,70,4,-1.933366776,-0.272596359,1.660770416,1.660770416,0.000019344,false
000,70,5,61.651248932,27.998855591,-33.652393341,33.652393341,0.000616522,false
000,71,0,-6.877120972,-26.723897934,-19.846776962,19.846776962,0.000068781,false
000,71,1,7.348552704,6.609889984,-0.738662720,0.738662720,0.000073496,false
000,71,2,-6.202995300,28.596942902,34.799938202,34.799938202,0.000062040,false
000,71,3,12.320209503,-20.156921387,-32.477130890,32.477130890,0.000123212,false
000,71,4,-1.963568926,-0.280775785,1.682793140,1.682793140,0.000019646,false
000,71,5,61.778469086,27.968486786,-33.809982300,33.809982300,0.000617795,false
000,72,0,-6.904057980,-26.731004715,-19.826946735,19.826946735,0.000069051,false
000,72,1,8.277778625,7.246356964,-1.031421661,1.031421661,0.000082788,false
000,72,2,-7.514179230,28.268024445,35.782203674,35.782203674,0.000075152,false
000,72,3,12.517398834,-20.476381302,-32.993780136,32.993780136,0.000125184,false
000,72,4,-1.973739147,-0.293833494,1.679905653,1.679905653,0.000019747,false
000,72,5,61.783790588,27.986049652,-33.797740936,33.797740936,0.000617848,false
000,73,0,-6.889257431,-26.702909470,-19.813652039,19.813652039,0.000068903,false
000,73,1,10.096099854,7.566413879,-2.529685974,2.529685974,0.000100971,false
000,73,2,-10.053356171,28.344688416,38.398044586,38.398044586,0.000100544,false
000,73,3,12.931302071,-21.003244400,-33.934546471,33.934546471,0.000129323,false
000,73,4,-1.950228214,-0.291411877,1.658816338,1.658816338,0.000019512,false
000,73,5,61.837081909,27.977933884,-33.859148026,33.859148026,0.000618381,false
000,74,0,-6.848042488,-26.667778015,-19.819735527,19.819735527,0.000068490,false
000,74,1,10.376960754,8.250480652,-2.126480103,2.126480103,0.000103780,false
000,74,2,-10.327945709,27.939449310,38.267395020,38.267395020,0.000103289,false
000,74,3,12.878248215,-21.227312088,-34.105560303,34.105560303,0.000128792,false
000,74,4,-1.953744411,-0.321234941,1.632509470,1.632509470,0.000019547,false
000,74,5,61.918506622,28.019571304,-33.898935318,33.898935318,0.000619195,false
000,75,0,-6.755450249,-26.664653778,-19.909203529,19.909203529,0.000067565,false
000,75,1,10.929878235,8.430370331,-2.499507904,2.499507904,0.000109309,false
000,75,2,-11.033866882,28.050457001,39.084323883,39.084323883,0.000110349,false
000,75,3,12.915421486,-21.590204239,-34.505625725,34.505625725,0.000129164,false
000,75,4,-1.978401423,-0.288740396,1.689661026,1.689661026,0.000019794,false
000,75,5,62.037147522,28.045520782,-33.991626740,33.991626740,0.000620381,false
000,76,0,-6.625214100,-26.709152222,-20.083938122,20.083938122,0.000066262,false
000,76,1,12.987014771,9.140811920,-3.846202850,3.846202850,0.000129880,false
000,76,2,-13.744506836,27.608028412,41.352535248,41.352535248,0.000137455,false
000,76,3,13.091250420,-21.743545532,-34.834795952,34.834795952,0.000130923,false
000,76,4,-2.018501759,-0.304205418,1.714296341,1.714296341,0.000020195,false
000,76,5,62.285835266,28.042427063,-34.243408203,34.243408203,0.000622868,false
000,77,0,-6.627869606,-26.647472382,-20.019602776,20.019602776,0.000066289,false
000,77,1,13.351982117,9.435588837,-3.916393280,3.916393280,0.000133530,false
000,77,2,-14.174198151,27.356979370,41.531177521,41.531177521,0.000141752,false
000,77,3,13.068273544,-21.701684952,-34.769958496,34.769958496,0.000130693,false
000,77,4,-2.007483244,-0.287544012,1.719939232,1.719939232,0.000020085,false
000,77,5,62.317852020,28.064582825,-34.253269196,34.253269196,0.000623189,false
000,78,0,-6.734819412,-26.587291718,-19.852472305,19.852472305,0.000067358,false
000,78,1,13.490028381,9.878845215,-3.611183167,3.611183167,0.000134910,false
000,78,2,-14.663608551,27.275276184,41.938884735,41.938884735,0.000146646,false
000,78,3,13.309195518,-22.237575531,-35.546771049,35.546771049,0.000133102,false
000,78,4,-2.027143240,-0.309426546,1.717716694,1.717716694,0.000020281,false
000,78,5,62.101516724,28.050489426,-34.051027298,34.051027298,0.000621025,false
000,79,0,-6.575263977,-26.627801895,-20.052537918,20.052537918,0.000065763,false
000,79,1,14.221504211,10.129455566,-4.092048645,4.092048645,0.000142225,false
000,79,2,-15.455791473,27.136058807,42.591850281,42.591850281,0.000154568,false
000,79,3,13.256243706,-22.346992493,-35.603236198,35.603236198,0.000132572,false
000,79,4,-2.027621746,-0.283768654,1.743853092,1.743853092,0.000020286,false
000,79,5,62.354778290,27.989196777,-34.365581512,34.365581512,0.000623558,false
000,80,0,-6.690243244,-26.477485657,-19.787242413,19.787242413,0.000066912,false
000,80,1,15.252532959,10.931262970,-4.321269989,4.321269989,0.000152535,false
000,80,2,-16.964027405,26.684604645,43.648632050,43.648632050,0.000169650,false
000,80,3,13.388617516,-22.618623734,-36.007241249,36.007241249,0.000133896,false
000,80,4,-2.042974710,-0.327399731,1.715574980,1.715574980,0.000020440,false
000,80,5,62.231006622,28.082372665,-34.148633957,34.148633957,0.000622320,false
000,81,0,-6.659218311,-26.515340805,-19.856122494,19.856122494,0.000066602,false
000,81,1,15.892692566,11.371036530,-4.521656036,4.521656036,0.000158937,false
000,81,2,-17.676483154,26.312904358,43.989387512,43.989387512,0.000176775,false
000,81,3,13.295553207,-22.586036682,-35.881589890,35.881589890,0.000132966,false
000,81,4,-2.055516005,-0.320869684,1.734646320,1.734646320,0.000020565,false
000,81,5,62.364452362,28.075469971,-34.288982391,34.288982391,0.000623655,false
000,82,0,-6.603843689,-26.519340515,-19.915496826,19.915496826,0.000066048,false
000,82,1,16.886962891,11.591922760,-5.295040131,5.295040131,0.000168880,false
000,82,2,-19.162559509,26.304592133,45.467151642,45.467151642,0.000191636,false
000,82,3,13.483378410,-22.924882889,-36.408261299,36.408261299,0.000134844,false
000,82,4,-2.122985601,-0.305453539,1.817532063,1.817532063,0.000021240,false
000,82,5,62.474906921,28.067741394,-34.407165527,34.407165527,0.000624759,false
000,83,0,-6.580709457,-26.405643463,-19.824934006,19.824934006,0.000065817,false
000,83,1,17.384284973,12.180801392,-5.203483582,5.203483582,0.000173853,false
000,83,2,-19.817043304,25.864433289,45.681476593,45.681476593,0.000198180,false
000,83,3,13.538146019,-22.996370316,-36.534516335,36.534516335,0.000135391,false
000,83,4,-2.098030090,-0.335235357,1.762794733,1.762794733,0.000020990,false
000,83,5,62.384399414,28.052654266,-34.331745148,34.331745148,0.000623854,false
000,84,0,-6.607315063,-26.358934402,-19.751619339,19.751619339,0.000066083,false
000,84,1,18.483001709,12.394729614,-6.088272095,6.088272095,0.000184840,false
000,84,2,-21.339965820,25.712970734,47.052936554,47.052936554,0.000213410,false
000,84,3,13.587726593,-23.118677139,-36.706403732,36.706403732,0.000135887,false
000,84,4,-2.144005299,-0.317524195,1.826481104,1.826481104,0.000021450,false
000,84,5,62.471702576,28.057941437,-34.413761139,34.413761139,0.000624727,false
000,85,0,-6.500904560,-26.303705215,-19.802800655,19.802800655,0.000065019,false
000,85,1,19.436660767,12.741882324,-6.694778442,6.694778442,0.000194377,false
000,85,2,-22.522212982,25.360660553,47.882873535,47.882873535,0.000225232,false
000,85,3,13.633166313,-23.082302094,-36.715468407,36.715468407,0.000136342,false
000,85,4,-2.194437265,-0.317514420,1.876922846,1.876922846,0.000021954,false
000,85,5,62.509105682,28.024108887,-34.484996796,34.484996796,0.000625101,false
000,86,0,-6.518577099,-26.240446091,-19.721868992,19.721868992,0.000065196,false
000,86,1,19.983551025,13.245746613,-6.737804413,6.737804413,0.000199846,false
000,86,2,-23.336421967,25.102405548,48.438827515,48.438827515,0.000233374,false
000,86,3,13.654676437,-23.256078720,-36.910755157,36.910755157,0.000136557,false
000,86,4,-2.195786238,-0.329641342,1.866144896,1.866144896,0.000021968,false
000,86,5,62.566913605,28.013513565,-34.553400040,34.553400040,0.000625679,false
000,87,0,-6.513916492,-26.205036163,-19.691119671,19.691119671,0.000065149,false
000,87,1,21.054771423,13.640735626,-7.414035797,7.414035797,0.000210558,false
000,87,2,-24.807010651,24.802604675,49.609615326,49.609615326,0.000248080,false
000,87,3,13.686682701,-23.384891510,-37.071574211,37.071574211,0.000136877,false
000,87,4,-2.203614950,-0.314532995,1.889081955,1.889081955,0.000022046,false
000,87,5,62.598842621,28.008535385,-34.590307236,34.590307236,0.000625998,false
000,88,0,-6.408925056,-26.155704498,-19.746779442,19.746779442,0.000064099,false
000,88,1,21.534545898,14.095916748,-7.438629150,7.438629150,0.000215355,false
000,88,2,-25.428836823,24.602230072,50.031066895,50.031066895,0.000254298,false
000,88,3,13.731869698,-23.522146225,-37.254015923,37.254015923,0.000137329,false
000,88,4,-2.222001553,-0.330355644,1.891645908,1.891645908,0.000022230,false
000,88,5,62.630958557,28.007822037,-34.623136520,34.623136520,0.000626320,false
000,89,0,-6.460427761,-26.126564026,-19.666136265,19.666136265,0.000064614,false
000,89,1,22.728454590,14.560901642,-8.167552948,8.167552948,0.000227295,false
000,89,2,-27.163242340,24.252880096,51.416122437,51.416122437,0.000271642,false
000,89,3,13.763005257,-23.573144913,-37.336150169,37.336150169,0.000137640,false
000,89,4,-2.238357782,-0.342149258,1.896208525,1.896208525,0.000022394,false
000,89,5,62.550350189,27.962131500,-34.588218689,34.588218689,0.000625514,false
000,90,0,-6.465548038,-26.144191742,-19.678643703,19.678643703,0.000064665,false
000,90,1,23.209426880,14.695495605,-8.513931274,8.513931274,0.000232104,false
000,90,2,-27.907695770,23.977973938,51.885669708,51.885669708,0.000279087,false
000,90,3,13.795532227,-23.510261536,-37.305793762,37.305793762,0.000137965,false
000,90,4,-2.211949587,-0.320080757,1.891868830,1.891868830,0.000022129,false
000,90,5,62.468048096,27.853916168,-34.614131927,34.614131927,0.000624690,false
000,91,0,-6.393952370,-26.015449524,-19.621497154,19.621497154,0.000063950,false
000,91,1,23.748291016,15.031539917,-8.716751099,8.716751099,0.000237493,false
000,91,2,-28.691783905,23.557102203,52.248886108,52.248886108,0.000286928,false
000,91,3,13.802215576,-23.399707794,-37.201923370,37.201923370,0.000138032,false
000,91,4,-2.256443977,-0.328327179,1.928116798,1.928116798,0.000022574,false
000,91,5,62.585163116,27.771358490,-34.813804626,34.813804626,0.000625862,false
000,92,0,-6.278114319,-26.001605988,-19.723491669,19.723491669,0.000062791,false
000,92,1,24.710411072,15.496734619,-9.213676453,9.213676453,0.000247114,false
000,92,2,-30.245754242,23.349411011,53.595165253,53.595165253,0.000302468,false
000,92,3,13.826344490,-23.434228897,-37.260573387,37.260573387,0.000138273,false
000,92,4,-2.217482090,-0.322527409,1.894954681,1.894954681,0.000022185,false
000,92,5,62.509696960,27.325624466,-35.184072495,35.184072495,0.000625107,false
000,93,0,-6.254015446,-25.949113846,-19.695098400,19.695098400,0.000062550,false
000,93,1,25.516174316,15.884670258,-9.631504059,9.631504059,0.000255172,false
000,93,2,-31.540500641,23.026367188,54.566867828,54.566867828,0.000315415,false
000,93,3,13.824273109,-23.459222794,-37.283495903,37.283495903,0.000138253,false
000,93,4,-2.186921358,-0.298846722,1.888074636,1.888074636,0.000021879,false
000,93,5,62.343200684,26.662456512,-35.680744171,35.680744171,0.000623442,false
000,94,0,-6.284469604,-25.835407257,-19.550937653,19.550937653,0.000062855,false
000,94,1,25.680664062,16.419792175,-9.260871887,9.260871887,0.000256817,false
000,94,2,-31.882305145,22.586948395,54.469253540,54.469253540,0.000318833,false
000,94,3,13.862524033,-23.436105728,-37.298629761,37.298629761,0.000138635,false
000,94,4,-2.150193453,-0.308345556,1.841847897,1.841847897,0.000021512,false
000,94,5,62.188049316,24.985424042,-37.202625275,37.202625275,0.000621890,false
000,95,0,-6.216526508,-25.836471558,-19.619945049,19.619945049,0.000062175,false
000,95,1,25.982948303,16.390918732,-9.592029572,9.592029572,0.000259839,false
000,95,2,-32.454669952,22.422267914,54.876937866,54.876937866,0.000324557,false
000,95,3,13.864726067,-23.108013153,-36.972739220,36.972739220,0.000138657,false
000,95,4,-2.082079411,-0.297414064,1.784665346,1.784665346,0.000020831,false
000,95,5,62.159881592,23.563125610,-38.596755981,38.596755981,0.000621609,false
000,96,0,-6.059011459,-25.810974121,-19.751962662,19.751962662,0.000060600,false
000,96,1,26.371948242,17.135089874,-9.236858368,9.236858368,0.000263729,false
000,96,2,-33.132770538,21.868297577,55.001068115,55.001068115,0.000331338,false
000,96,3,13.793411255,-22.859655380,-36.653066635,36.653066635,0.000137944,false
000,96,4,-2.014347315,-0.315985680,1.698361635,1.698361635,0.000020153,false
000,96,5,62.074630737,19.237293243,-42.837337494,42.837337494,0.000620756,false
000,97,0,-6.101284504,-25.740913391,-19.639628887,19.639628887,0.000061023,false
000,97,1,26.345291138,17.391025543,-8.954265594,8.954265594,0.000263463,false
000,97,2,-33.101558685,21.470062256,54.571620941,54.571620941,0.000331026,false
000,97,3,13.806352615,-22.642938614,-36.449291229,36.449291229,0.000138074,false
000,97,4,-1.911869764,-0.322209597,1.589660168,1.589660168,0.000019129,false
000,97,5,61.740055084,15.569364548,-46.170690536,46.170690536,0.000617411,false
000,98,0,-6.091968060,-25.714019775,-19.622051716,19.622051716,0.000060930,false
000,98,1,26.756179810,17.682823181,-9.073356628,9.073356628,0.000267572,false
000,98,2,-33.726200104,21.262336731,54.988536835,54.988536835,0.000337272,false
000,98,3,13.763137817,-22.673374176,-36.436511993,36.436511993,0.000137641,false
000,98,4,-1.785837173,-0.347341537,1.438495636,1.438495636,0.000017868,false
000,98,5,61.059696198,13.346107483,-47.713588715,47.713588715,0.000610607,false
000,99,0,-6.021169662,-25.733762741,-19.712593079,19.712593079,0.000060222,false
000,99,1,26.951255798,17.361206055,-9.590049744,9.590049744,0.000269523,false
000,99,2,-34.103206635,21.186740875,55.289947510,55.289947510,0.000341042,false
000,99,3,13.639868736,-22.172380447,-35.812249184,35.812249184,0.000136409,false
000,99,4,-1.708687782,-0.355234146,1.353453636,1.353453636,0.000017097,false
000,99,5,60.714851379,10.483818054,-50.231033325,50.231033325,0.000607159,false
001,0,0,-8.306033134,-51.729652405,-43.423619270,43.423619270,0.000083070,false
001,0,1,-6.520919800,22.442249298,28.963169098,28.963169098,0.000065219,false
001,0,2,9.523948669,59.873432159,50.349483490,50.349483490,0.000095249,false
001,0,3,10.043050766,-74.778800964,-84.821851730,84.821851730,0.000100441,false
001,0,4,-1.975337267,-3.044657230,-1.069319963,1.069319963,0.000019763,false
001,0,5,62.720268250,0.082740784,-62.637527466,62.637527466,0.000627213,false
001,1,0,-8.173223495,-51.522979736,-43.349756241,43.349756241,0.000081742,false
001,1,1,-5.052509308,22.617389679,27.669898987,27.669898987,0.000050535,false
001,1,2,7.886489868,59.885269165,51.998779297,51.998779297,0.000078875,false
001,1,3,10.281669617,-74.255699158,-84.537368774,84.537368774,0.000102827,false
001,1,4,-1.937831163,-3.065273285,-1.127442122,1.127442122,0.000019388,false
001,1,5,62.620479584,0.119560242,-62.500919342,62.500919342,0.000626215,false
001,2,0,-7.981183529,-51.574531555,-43.593348026,43.593348026,0.000079822,false
001,2,1,-3.684783936,23.503337860,27.188121796,27.188121796,0.000036858,false
001,2,2,6.462936401,58.986881256,52.523944855,52.523944855,0.000064639,false
001,2,3,10.447864532,-74.001068115,-84.448932648,84.448932648,0.000104489,false
001,2,4,-1.909468412,-3.099524498,-1.190056086,1.190056086,0.000019105,false
001,2,5,62.564857483,0.104877472,-62.459980011,62.459980011,0.000625659,false
001,3,0,-7.893024445,-51.522239685,-43.629215240,43.629215240,0.000078940,false
001,3,1,-2.996948242,23.479473114,26.476421356,26.476421356,0.000029979,false
001,3,2,5.569255829,59.052593231,53.483337402,53.483337402,0.000055703,false
001,3,3,10.472637177,-74.027931213,-84.500568390,84.500568390,0.000104736,false
001,3,4,-1.889047146,-3.075733900,-1.186686754,1.186686754,0.000018900,false
001,3,5,62.635253906,0.088285446,-62.546968460,62.546968460,0.000626363,false
001,4,0,-7.786483765,-51.452407837,-43.665924072,43.665924072,0.000077875,false
001,4,1,-2.260318756,23.167949677,25.428268433,25.428268433,0.000022613,false
001,4,2,4.632244110,59.708271027,55.076026917,55.076026917,0.000046332,false
001,4,3,10.616079330,-74.146804810,-84.762884140,84.762884140,0.000106171,false
001,4,4,-1.871772528,-3.057089329,-1.185316801,1.185316801,0.000018728,false
001,4,5,62.619514465,0.124019623,-62.495494843,62.495494843,0.000626205,false
001,5,0,-7.578357697,-51.395759583,-43.817401886,43.817401886,0.000075794,false
001,5,1,-0.702716827,22.963657379,23.666374207,23.666374207,0.000007037,false
001,5,2,2.922832489,59.875827789,56.952995300,56.952995300,0.000029238,false
001,5,3,10.791360855,-73.815361023,-84.606721878,84.606721878,0.000107924,false
001,5,4,-1.879669189,-3.094453335,-1.214784145,1.214784145,0.000018807,false
001,5,5,62.608089447,0.091434479,-62.516654968,62.516654968,0.000626091,false
001,6,0,-7.505724907,-51.508239746,-44.002514839,44.002514839,0.000075067,false
001,6,1,-0.000774384,23.208637238,23.209411621,23.209411621,0.000000018,false
001,6,2,2.030937195,59.371246338,57.340309143,57.340309143,0.000020319,false
001,6,3,10.778097153,-73.789672852,-84.567770004,84.567770004,0.000107791,false
001,6,4,-1.880959272,-3.092339277,-1.211380005,1.211380005,0.000018820,false
001,6,5,62.686447144,0.030963898,-62.655483246,62.655483246,0.000626874,false
001,7,0,-7.383945465,-51.407295227,-44.023349762,44.023349762,0.000073849,false
001,7,1,0.894428253,23.208400726,22.313972473,22.313972473,0.000008954,false
001,7,2,0.968524933,59.474105835,58.505580902,58.505580902,0.000009695,false
001,7,3,11.072090149,-73.766380310,-84.838470459,84.838470459,0.000110731,false
001,7,4,-1.895754099,-3.109796047,-1.214041948,1.214041948,0.000018968,false
001,7,5,62.588172913,0.063959122,-62.524213791,62.524213791,0.000625892,false
001,8,0,-7.210769176,-51.409934998,-44.199165821,44.199165821,0.000072118,false
001,8,1,2.213390350,23.167446136,20.954055786,20.954055786,0.000022144,false
001,8,2,-0.603160858,59.406730652,60.009891510,60.009891510,0.000006042,false
001,8,3,11.294366837,-73.599411011,-84.893777847,84.893777847,0.000112954,false
001,8,4,-1.961960554,-3.117608547,-1.155647993,1.155647993,0.000019630,false
001,8,5,62.612411499,0.049304962,-62.563106537,62.563106537,0.000626134,false
001,9,0,-7.125893593,-51.358345032,-44.232451439,44.232451439,0.000071269,false
001,9,1,2.818428040,23.111438751,20.293010712,20.293010712,0.000028194,false
001,9,2,-1.330005646,59.031288147,60.361293793,60.361293793,0.000013310,false
001,9,3,11.463197708,-73.408386230,-84.871583939,84.871583939,0.000114642,false
001,9,4,-1.989991188,-3.125498056,-1.135506868,1.135506868,0.000019910,false
001,9,5,62.641685486,0.079282761,-62.562402725,62.562402725,0.000626427,false
001,10,0,-6.965584755,-51.345832825,-44.380248070,44.380248070,0.000069666,false
001,10,1,4.270309448,22.830982208,18.560672760,18.560672760,0.000042713,false
001,10,2,-2.994026184,59.203918457,62.197944641,62.197944641,0.000029950,false
001,10,3,11.716625214,-73.301063538,-85.017688751,85.017688751,0.000117176,false
001,10,4,-2.007374525,-3.181965590,-1.174591064,1.174591064,0.000020084,false
001,10,5,62.625469208,0.162843704,-62.462625504,62.462625504,0.000626265,false
001,11,0,-6.878470421,-51.418121338,-44.539650917,44.539650917,0.000068795,false
001,11,1,4.837108612,22.996250153,18.159141541,18.159141541,0.000048381,false
001,11,2,-3.780822754,59.027973175,62.808795929,62.808795929,0.000037818,false
001,11,3,12.127256393,-73.204689026,-85.331945419,85.331945419,0.000121283,false
001,11,4,-2.079840183,-3.144908905,-1.065068722,1.065068722,0.000020808,false
001,11,5,62.667419434,0.249212265,-62.418207169,62.418207169,0.000626684,false
001,12,0,-6.731132984,-51.420837402,-44.689704418,44.689704418,0.000067321,false
001,12,1,5.693786621,23.156604767,17.462818146,17.462818146,0.000056948,false
001,12,2,-4.854564667,58.726341248,63.580905914,63.580905914,0.000048556,false
001,12,3,12.270980835,-73.183212280,-85.454193115,85.454193115,0.000122720,false
001,12,4,-2.097064495,-3.153785944,-1.056721449,1.056721449,0.000020981,false
001,12,5,62.628448486,0.433259964,-62.195188522,62.195188522,0.000626294,false
001,13,0,-6.671620846,-51.323501587,-44.651880741,44.651880741,0.000066726,false
001,13,1,6.987194061,23.144390106,16.157196045,16.157196045,0.000069882,false
001,13,2,-6.426418304,58.533332825,64.959751129,64.959751129,0.000064274,false
001,13,3,12.439655304,-73.138145447,-85.577800751,85.577800751,0.000124407,false
001,13,4,-2.136025429,-3.189543724,-1.053518295,1.053518295,0.000021370,false
001,13,5,62.829627991,0.912790298,-61.916837692,61.916837692,0.000628306,false
001,14,0,-6.631481171,-51.331336975,-44.699855804,44.699855804,0.000066325,false
001,14,1,7.860321045,23.061489105,15.201168060,15.201168060,0.000078613,false
001,14,2,-7.546676636,58.529541016,66.076217651,66.076217651,0.000075477,false
001,14,3,12.597548485,-73.062179565,-85.659728050,85.659728050,0.000125985,false
001,14,4,-2.115505219,-3.138775110,-1.023269892,1.023269892,0.000021165,false
001,14,5,62.916538239,2.542392731,-60.374145508,60.374145508,0.000629175,false
001,15,0,-6.572568893,-51.290374756,-44.717805862,44.717805862,0.000065736,false
001,15,1,8.596885681,23.198276520,14.601390839,14.601390839,0.000085979,false
001,15,2,-8.502143860,58.402339935,66.904483795,66.904483795,0.000085031,false
001,15,3,12.711415291,-73.028411865,-85.739827156,85.739827156,0.000127124,false
001,15,4,-2.156211853,-3.186883688,-1.030671835,1.030671835,0.000021572,false
001,15,5,63.028694153,3.546749115,-59.481945038,59.481945038,0.000630297,false
001,16,0,-6.512623787,-51.260375977,-44.747752190,44.747752190,0.000065136,false
001,16,1,9.725723267,23.259082794,13.533359528,13.533359528,0.000097267,false
001,16,2,-9.808517456,58.273750305,68.082267761,68.082267761,0.000098095,false
001,16,3,12.805403709,-72.977134705,-85.782538414,85.782538414,0.000128064,false
001,16,4,-2.153095007,-3.203773499,-1.050678492,1.050678492,0.000021541,false
001,16,5,63.001091003,7.030914307,-55.970176697,55.970176697,0.000630021,false
001,17,0,-6.500341415,-51.306282043,-44.805940628,44.805940628,0.000065013,false
001,17,1,10.365722656,23.371822357,13.006099701,13.006099701,0.000103667,false
001,17,2,-10.628265381,58.287864685,68.916130066,68.916130066,0.000106293,false
001,17,3,12.817599297,-73.175231934,-85.992831230,85.992831230,0.000128186,false
001,17,4,-2.169511795,-3.218804836,-1.049293041,1.049293041,0.000021705,false
001,17,5,63.004482269,8.505499840,-54.498982430,54.498982430,0.000630055,false
001,18,0,-6.420725346,-51.241668701,-44.820943356,44.820943356,0.000064217,false
001,18,1,11.829978943,23.077678680,11.247699738,11.247699738,0.000118310,false
001,18,2,-12.322105408,58.389846802,70.711952209,70.711952209,0.000123231,false
001,18,3,12.970998764,-73.051856995,-86.022855759,86.022855759,0.000129720,false
001,18,4,-2.179701328,-3.214753866,-1.035052538,1.035052538,0.000021807,false
001,18,5,63.116119385,11.740316391,-51.375802994,51.375802994,0.000631171,false
001,19,0,-6.398002148,-51.194915771,-44.796913624,44.796913624,0.000063990,false
001,19,1,12.215896606,23.119815826,10.903919220,10.903919220,0.000122169,false
001,19,2,-12.754314423,58.188102722,70.942417145,70.942417145,0.000127553,false
001,19,3,13.042744637,-73.078117371,-86.120862007,86.120862007,0.000130437,false
001,19,4,-2.178847313,-3.261570454,-1.082723141,1.082723141,0.000021798,false
001,19,5,63.088981628,15.384151459,-47.704830170,47.704830170,0.000630900,false
001,20,0,-6.353423595,-51.078971863,-44.725548267,44.725548267,0.000063544,false
001,20,1,13.531959534,23.025867462,9.493907928,9.493907928,0.000135330,false
001,20,2,-14.406166077,58.197608948,72.603775024,72.603775024,0.000144072,false
001,20,3,13.098622322,-73.087318420,-86.185940742,86.185940742,0.000130996,false
001,20,4,-2.184674025,-3.247678995,-1.063004971,1.063004971,0.000021857,false
001,20,5,63.334297180,18.723199844,-44.611097336,44.611097336,0.000633353,false
001,21,0,-6.298547745,-51.011314392,-44.712766647,44.712766647,0.000062995,false
001,21,1,14.264526367,22.702190399,8.437664032,8.437664032,0.000142655,false
001,21,2,-15.366725922,58.105072021,73.471797943,73.471797943,0.000153677,false
001,21,3,13.247346878,-72.800201416,-86.047548294,86.047548294,0.000132483,false
001,21,4,-2.214225769,-3.280340672,-1.066114902,1.066114902,0.000022152,false
001,21,5,63.329765320,21.998336792,-41.331428528,41.331428528,0.000633308,false
001,22,0,-6.279519081,-50.824028015,-44.544508934,44.544508934,0.000062805,false
001,22,1,14.666900635,22.309215546,7.642314911,7.642314911,0.000146679,false
001,22,2,-16.042934418,58.197227478,74.240161896,74.240161896,0.000160439,false
001,22,3,13.300938606,-72.612052917,-85.912991524,85.912991524,0.000133019,false
001,22,4,-2.183694601,-3.287608862,-1.103914261,1.103914261,0.000021847,false
001,22,5,63.258262634,26.525049210,-36.733213425,36.733213425,0.000632593,false
001,23,0,-6.300046921,-50.778602600,-44.478555679,44.478555679,0.000063010,false
001,23,1,15.948173523,22.125034332,6.176860809,6.176860809,0.000159492,false
001,23,2,-17.580921173,58.087776184,75.668697357,75.668697357,0.000175819,false
001,23,3,13.338763237,-72.333450317,-85.672213554,85.672213554,0.000133398,false
001,23,4,-2.200266361,-3.292387009,-1.092120647,1.092120647,0.000022013,false
001,23,5,63.524421692,30.631771088,-32.892650604,32.892650604,0.000635254,false
001,24,0,-6.248908043,-50.757133484,-44.508225441,44.508225441,0.000062499,false
001,24,1,16.384254456,22.361965179,5.977710724,5.977710724,0.000163853,false
001,24,2,-18.166694641,57.866172791,76.032867432,76.032867432,0.000181677,false
001,24,3,13.361412048,-72.373054504,-85.734466553,85.734466553,0.000133624,false
001,24,4,-2.206365347,-3.289607048,-1.083241701,1.083241701,0.000022074,false
001,24,5,63.345382690,33.764640808,-29.580741882,29.580741882,0.000633464,false
001,25,0,-6.309073925,-50.662445068,-44.353371143,44.353371143,0.000063101,false
001,25,1,16.831405640,22.483882904,5.652477264,5.652477264,0.000168324,false
001,25,2,-18.843875885,57.499572754,76.343448639,76.343448639,0.000188449,false
001,25,3,13.360397339,-72.146751404,-85.507148743,85.507148743,0.000133614,false
001,25,4,-2.179714441,-3.292903423,-1.113188982,1.113188982,0.000021807,false
001,25,5,63.518192291,36.658050537,-26.860141754,26.860141754,0.000635192,false
001,26,0,-6.265151024,-50.708435059,-44.443284035,44.443284035,0.000062662,false
001,26,1,17.500160217,22.707492828,5.207332611,5.207332611,0.000175012,false
001,26,2,-19.726524353,57.406936646,77.133460999,77.133460999,0.000197275,false
001,26,3,13.462163925,-72.184066772,-85.646230698,85.646230698,0.000134632,false
001,26,4,-2.195635796,-3.332187891,-1.136552095,1.136552095,0.000021966,false
001,26,5,63.340103149,38.029693604,-25.310409546,25.310409546,0.000633411,false
001,27,0,-6.289122581,-50.779487610,-44.490365028,44.490365028,0.000062901,false
001,27,1,18.493377686,23.000225067,4.506847382,4.506847382,0.000184944,false
001,27,2,-21.078598022,57.372821808,78.451419830,78.451419830,0.000210796,false
001,27,3,13.443017006,-72.316108704,-85.759125710,85.759125710,0.000134440,false
001,27,4,-2.185415506,-3.332293510,-1.146878004,1.146878004,0.000021864,false
001,27,5,63.403549194,38.632526398,-24.771022797,24.771022797,0.000634045,false
001,28,0,-6.298351288,-50.827705383,-44.529354095,44.529354095,0.000062994,false
001,28,1,19.150497437,23.687175751,4.536678314,4.536678314,0.000191515,false
001,28,2,-22.026622772,57.083301544,79.109924316,79.109924316,0.000220276,false
001,28,3,13.584419250,-72.666564941,-86.250984192,86.250984192,0.000135854,false
001,28,4,-2.182748318,-3.354942560,-1.172194242,1.172194242,0.000021837,false
001,28,5,63.349052429,39.601631165,-23.747421265,23.747421265,0.000633501,false
001,29,0,-6.290834904,-50.927101135,-44.636266232,44.636266232,0.000062918,false
001,29,1,19.237541199,23.585178375,4.347637177,4.347637177,0.000192385,false
001,29,2,-22.274654388,57.071166992,79.345821381,79.345821381,0.000222757,false
001,29,3,13.561991692,-72.572578430,-86.134570122,86.134570122,0.000135630,false
001,29,4,-2.154475927,-3.394632816,-1.240156889,1.240156889,0.000021555,false
001,29,5,63.425178528,39.709388733,-23.715789795,23.715789795,0.000634262,false
001,30,0,-6.234579563,-51.090957642,-44.856378078,44.856378078,0.000062356,false
001,30,1,19.939796448,24.083316803,4.143520355,4.143520355,0.000199408,false
001,30,2,-23.197704315,57.024982452,80.222686768,80.222686768,0.000231987,false
001,30,3,13.548074722,-72.956283569,-86.504358292,86.504358292,0.000135491,false
001,30,4,-2.156928301,-3.415232182,-1.258303881,1.258303881,0.000021579,false
001,30,5,63.430282593,40.148170471,-23.282112122,23.282112122,0.000634313,false
001,31,0,-6.256485939,-51.209571838,-44.953085899,44.953085899,0.000062575,false
001,31,1,20.766777039,24.722187042,3.955410004,3.955410004,0.000207678,false
001,31,2,-24.288562775,56.735202789,81.023765564,81.023765564,0.000242896,false
001,31,3,13.616731644,-73.270744324,-86.887475967,86.887475967,0.000136177,false
001,31,4,-2.186157942,-3.410630941,-1.224473000,1.224473000,0.000021872,false
001,31,5,63.258171082,40.403121948,-22.855049133,22.855049133,0.000632592,false
001,32,0,-6.231609344,-51.245849609,-45.014240265,45.014240265,0.000062326,false
001,32,1,20.998214722,24.741207123,3.742992401,3.742992401,0.000209992,false
001,32,2,-24.678592682,56.889099121,81.567691803,81.567691803,0.000246796,false
001,32,3,13.615365028,-73.453933716,-87.069298744,87.069298744,0.000136164,false
001,32,4,-2.178766012,-3.426979065,-1.248213053,1.248213053,0.000021798,false
001,32,5,63.092498779,40.561660767,-22.530838013,22.530838013,0.000630935,false
001,33,0,-6.270695686,-51.354293823,-45.083598137,45.083598137,0.000062717,false
001,33,1,22.125610352,24.823169708,2.697559357,2.697559357,0.000221266,false
001,33,2,-26.242763519,57.064823151,83.307586670,83.307586670,0.000262438,false
001,33,3,13.579831123,-73.765296936,-87.345128059,87.345128059,0.000135808,false
001,33,4,-2.226033926,-3.434031487,-1.207997561,1.207997561,0.000022270,false
001,33,5,62.907825470,40.569957733,-22.337867737,22.337867737,0.000629088,false
001,34,0,-6.213914394,-51.381965637,-45.168051243,45.168051243,0.000062149,false
001,34,1,22.692924500,24.835735321,2.142810822,2.142810822,0.000226939,false
001,34,2,-27.057125092,57.244262695,84.301387787,84.301387787,0.000270581,false
001,34,3,13.675001144,-73.926399231,-87.601400375,87.601400375,0.000136760,false
001,34,4,-2.224287510,-3.458288431,-1.234000921,1.234000921,0.000022253,false
001,34,5,62.596275330,40.545547485,-22.050727844,22.050727844,0.000625973,false
001,35,0,-6.195403099,-51.510055542,-45.314652443,45.314652443,0.000061964,false
001,35,1,23.015174866,24.610439301,1.595264435,1.595264435,0.000230162,false
001,35,2,-27.581676483,57.664924622,85.246601105,85.246601105,0.000275827,false
001,35,3,13.616973877,-74.122558594,-87.739532471,87.739532471,0.000136180,false
001,35,4,-2.208839417,-3.480411530,-1.271572113,1.271572113,0.000022098,false
001,35,5,62.029964447,40.665802002,-21.364162445,21.364162445,0.000620310,false
001,36,0,-6.116292000,-51.578269958,-45.461977959,45.461977959,0.000061173,false
001,36,1,23.756721497,24.651325226,0.894603729,0.894603729,0.000237577,false
001,36,2,-28.748157501,57.852790833,86.600948334,86.600948334,0.000287492,false
001,36,3,13.645767212,-74.443389893,-88.089157104,88.089157104,0.000136468,false
001,36,4,-2.186179638,-3.496418476,-1.310238838,1.310238838,0.000021872,false
001,36,5,60.738456726,40.649681091,-20.088775635,20.088775635,0.000607395,false
001,37,0,-6.112739086,-51.616920471,-45.504181385,45.504181385,0.000061137,false
001,37,1,23.990829468,24.487026215,0.496196747,0.496196747,0.000239918,false
001,37,2,-29.156307220,58.194087982,87.350395203,87.350395203,0.000291573,false
001,37,3,13.639086723,-74.556770325,-88.195857048,88.195857048,0.000136401,false
001,37,4,-2.055677176,-3.496868134,-1.441190958,1.441190958,0.000020567,false
001,37,5,60.107452393,40.678421021,-19.429031372,19.429031372,0.000601085,false
001,38,0,-6.050832272,-51.659606934,-45.608774662,45.608774662,0.000060518,false
001,38,1,24.281661987,24.461734772,0.180072784,0.180072784,0.000242827,false
001,38,2,-29.723026276,58.445041656,88.168067932,88.168067932,0.000297240,false
001,38,3,13.731282234,-74.733238220,-88.464520454,88.464520454,0.000137323,false
001,38,4,-1.972212553,-3.505347967,-1.533135414,1.533135414,0.000019732,false
001,38,5,59.044784546,40.671848297,-18.372936249,18.372936249,0.000590458,false
001,39,0,-5.966900826,-51.669685364,-45.702784538,45.702784538,0.000059679,false
001,39,1,24.644416809,24.011096954,-0.633319855,0.633319855,0.000246454,false
001,39,2,-30.341007233,59.187389374,89.528396606,89.528396606,0.000303420,false
001,39,3,13.761749268,-75.167037964,-88.928787231,88.928787231,0.000137627,false
001,39,4,-1.813648701,-3.503580570,-1.689931870,1.689931870,0.000018146,false
001,39,5,57.694442749,40.726127625,-16.968315125,16.968315125,0.000576954,false
001,40,0,-5.923287392,-51.672195435,-45.748908043,45.748908043,0.000059243,false
001,40,1,24.653984070,23.329288483,-1.324695587,1.324695587,0.000246550,false
001,40,2,-30.618923187,59.862445831,90.481369019,90.481369019,0.000306199,false
001,40,3,13.863797188,-75.518371582,-89.382168770,89.382168770,0.000138648,false
001,40,4,-1.584989548,-3.551160336,-1.966170788,1.966170788,0.000015860,false
001,40,5,56.115524292,40.738502502,-15.377021790,15.377021790,0.000561165,false
001,41,0,-5.865060806,-51.795494080,-45.930433273,45.930433273,0.000058661,false
001,41,1,24.740699768,23.153926849,-1.586772919,1.586772919,0.000247417,false
001,41,2,-30.954677582,60.339019775,91.293697357,91.293697357,0.000309557,false
001,41,3,13.942343712,-75.802108765,-89.744452477,89.744452477,0.000139433,false
001,41,4,-1.231491327,-3.495392323,-2.263900995,2.263900995,0.000012325,false
001,41,5,54.088329315,40.596393585,-13.491935730,13.491935730,0.000540893,false
001,42,0,-5.825063705,-51.791534424,-45.966470718,45.966470718,0.000058261,false
001,42,1,24.769187927,22.386585236,-2.382602692,2.382602692,0.000247702,false
001,42,2,-31.121158600,61.159717560,92.280876160,92.280876160,0.000311222,false
001,42,3,13.899808884,-76.055168152,-89.954977036,89.954977036,0.000139008,false
001,42,4,-1.002968550,-3.484775543,-2.481806993,2.481806993,0.000010040,false
001,42,5,52.766338348,40.635028839,-12.131309509,12.131309509,0.000527673,false
001,43,0,-5.729033947,-51.828125000,-46.099091053,46.099091053,0.000057300,false
001,43,1,24.260398865,21.493328094,-2.767070770,2.767070770,0.000242614,false
001,43,2,-30.573657990,62.199337006,92.772994995,92.772994995,0.000305747,false
001,43,3,14.002724648,-76.404953003,-90.407677650,90.407677650,0.000140037,false
001,43,4,-0.669930458,-3.474098444,-2.804167986,2.804167986,0.000006709,false
001,43,5,49.720249176,40.592185974,-9.128063202,9.128063202,0.000497212,false
001,44,0,-5.724652767,-51.861213684,-46.136560917,46.136560917,0.000057257,false
001,44,1,24.342826843,20.672214508,-3.670612335,3.670612335,0.000243438,false
001,44,2,-30.641887665,63.109382629,93.751270294,93.751270294,0.000306429,false
001,44,3,13.940516472,-76.831283569,-90.771800041,90.771800041,0.000139415,false
001,44,4,-0.525846720,-3.471662045,-2.945815325,2.945815325,0.000005268,false
001,44,5,47.902313232,40.557361603,-7.344951630,7.344951630,0.000479033,false
001,45,0,-5.659887791,-51.830169678,-46.170281887,46.170281887,0.000056609,false
001,45,1,24.279342651,19.614665985,-4.664676666,4.664676666,0.000242803,false
001,45,2,-30.619556427,64.375114441,94.994670868,94.994670868,0.000306206,false
001,45,3,13.931547165,-77.367141724,-91.298688889,91.298688889,0.000139325,false
001,45,4,-0.370777369,-3.472437382,-3.101660013,3.101660013,0.000003718,false
001,45,5,45.903934479,40.499614716,-5.404319763,5.404319763,0.000459049,false
001,46,0,-5.623441219,-51.861221313,-46.237780094,46.237780094,0.000056244,false
001,46,1,24.326385498,19.010089874,-5.316295624,5.316295624,0.000243274,false
001,46,2,-30.625919342,64.888603210,95.514522552,95.514522552,0.000306269,false
001,46,3,13.945953369,-77.504219055,-91.450172424,91.450172424,0.000139470,false
001,46,4,-0.312090397,-3.471665859,-3.159575462,3.159575462,0.000003131,false
001,46,5,45.504043579,40.484340668,-5.019702911,5.019702911,0.000455050,false
001,47,0,-5.591400146,-51.758331299,-46.166931152,46.166931152,0.000055924,false
001,47,1,24.248626709,17.949008942,-6.299617767,6.299617767,0.000242496,false
001,47,2,-30.465808868,66.125099182,96.590908051,96.590908051,0.000304668,false
001,47,3,13.989970207,-78.010810852,-92.000781059,92.000781059,0.000139910,false
001,47,4,-0.247798681,-3.462004423,-3.214205742,3.214205742,0.000002488,false
001,47,5,43.907917023,40.473426819,-3.434490204,3.434490204,0.000439089,false
001,48,0,-5.675420284,-51.748405457,-46.072985172,46.072985172,0.000056764,false
001,48,1,23.966804504,16.157020569,-7.809783936,7.809783936,0.000239678,false
001,48,2,-30.150493622,67.815475464,97.965969086,97.965969086,0.000301515,false
001,48,3,13.947900772,-78.594810486,-92.542711258,92.542711258,0.000139489,false
001,48,4,-0.233077526,-3.461141109,-3.228063583,3.228063583,0.000002341,false
001,48,5,39.786266327,40.335060120,0.548793793,0.548793793,0.000397873,false
001,49,0,-5.624249458,-51.638595581,-46.014346123,46.014346123,0.000056252,false
001,49,1,24.026397705,14.807434082,-9.218963623,9.218963623,0.000240274,false
001,49,2,-30.232868195,69.067481995,99.300350189,99.300350189,0.000302339,false
001,49,3,13.944082260,-79.052680969,-92.996763229,92.996763229,0.000139451,false
001,49,4,-0.172303677,-3.452616453,-3.280312777,3.280312777,0.000001733,false
001,49,5,39.718383789,40.373172760,0.654788971,0.654788971,0.000397194,false
001,50,0,-5.591962814,-51.393608093,-45.801645279,45.801645279,0.000055930,false
001,50,1,24.085075378,12.310237885,-11.774837494,11.774837494,0.000240861,false
001,50,2,-30.172908783,71.380302429,101.553211212,101.553211212,0.000301739,false
001,50,3,13.967726707,-79.703849792,-93.671576500,93.671576500,0.000139687,false
001,50,4,-0.175364494,-3.477056265,-3.301691771,3.301691771,0.000001764,false
001,50,5,37.903060913,40.361289978,2.458229065,2.458229065,0.000379041,false
001,51,0,-5.660703659,-51.274223328,-45.613519669,45.613519669,0.000056617,false
001,51,1,23.846321106,10.258228302,-13.588092804,13.588092804,0.000238473,false
001,51,2,-29.836696625,73.051872253,102.888568878,102.888568878,0.000298377,false
001,51,3,13.911188126,-80.073326111,-93.984514236,93.984514236,0.000139122,false
001,51,4,-0.170814037,-3.482689857,-3.311875820,3.311875820,0.000001718,false
001,51,5,35.379611969,40.387382507,5.007770538,5.007770538,0.000353806,false
001,52,0,-5.563389301,-50.814369202,-45.250979900,45.250979900,0.000055644,false
001,52,1,24.019538879,7.860015869,-16.159523010,16.159523010,0.000240205,false
001,52,2,-29.839908600,75.225631714,105.065540314,105.065540314,0.000298409,false
001,52,3,13.889937401,-80.633041382,-94.522978783,94.522978783,0.000138909,false
001,52,4,-0.184262753,-3.499804020,-3.315541267,3.315541267,0.000001853,false
001,52,5,35.434242249,40.487037659,5.052795410,5.052795410,0.000354352,false
001,53,0,-5.572579861,-50.635047913,-45.062468052,45.062468052,0.000055736,false
001,53,1,23.953292847,4.787879944,-19.165412903,19.165412903,0.000239543,false
001,53,2,-29.731578827,77.477073669,107.208652496,107.208652496,0.000297326,false
001,53,3,13.937264442,-80.556968689,-94.494233131,94.494233131,0.000139383,false
001,53,4,-0.220090151,-3.523521423,-3.303431273,3.303431273,0.000002211,false
001,53,5,33.596267700,40.318794250,6.722526550,6.722526550,0.000335973,false
001,54,0,-5.614884377,-49.833320618,-44.218436241,44.218436241,0.000056159,false
001,54,1,23.952056885,1.201519012,-22.750537872,22.750537872,0.000239531,false
001,54,2,-29.653469086,79.908271790,109.561740875,109.561740875,0.000296545,false
001,54,3,13.838661194,-80.708343506,-94.547004700,94.547004700,0.000138397,false
001,54,4,-0.219303131,-3.509102821,-3.289799690,3.289799690,0.000002203,false
001,54,5,30.933174133,40.617416382,9.684242249,9.684242249,0.000309342,false
001,55,0,-5.620240211,-49.283752441,-43.663512230,43.663512230,0.000056212,false
001,55,1,24.104110718,-2.225212097,-26.329322815,26.329322815,0.000241051,false
001,55,2,-29.738567352,81.815780640,111.554347992,111.554347992,0.000297396,false
001,55,3,13.815998077,-79.997909546,-93.813907623,93.813907623,0.000138170,false
001,55,4,-0.224858761,-3.515901089,-3.291042328,3.291042328,0.000002259,false
001,55,5,29.925222397,40.703926086,10.778703690,10.778703690,0.000299262,false
001,56,0,-5.610145569,-47.805755615,-42.195610046,42.195610046,0.000056111,false
001,56,1,24.003562927,-7.700279236,-31.703842163,31.703842163,0.000240046,false
001,56,2,-29.596286774,84.477119446,114.073406219,114.073406219,0.000295973,false
001,56,3,13.837443352,-78.433883667,-92.271327019,92.271327019,0.000138384,false
001,56,4,-0.238332510,-3.570564747,-3.332232237,3.332232237,0.000002393,false
001,56,5,28.001150131,40.997077942,12.995927811,12.995927811,0.000280022,false
001,57,0,-5.572415829,-47.418388367,-41.845972538,41.845972538,0.000055734,false
001,57,1,24.126266479,-8.987716675,-33.113983154,33.113983154,0.000241273,false
001,57,2,-29.666797638,84.882102966,114.548900604,114.548900604,0.000296678,false
001,57,3,13.868897438,-77.327850342,-91.196747780,91.196747780,0.000138699,false
001,57,4,-0.279165506,-3.591099501,-3.311933994,3.311933994,0.000002802,false
001,57,5,26.904670715,41.032230377,14.127559662,14.127559662,0.000269057,false
001,58,0,-5.528847694,-45.660270691,-40.131422997,40.131422997,0.000055298,false
001,58,1,24.378219604,-13.254478455,-37.632698059,37.632698059,0.000243792,false
001,58,2,-29.806224823,85.918548584,115.724773407,115.724773407,0.000298072,false
001,58,3,13.872781754,-74.747505188,-88.620286942,88.620286942,0.000138738,false
001,58,4,-0.275051594,-3.623095989,-3.348044395,3.348044395,0.000002761,false
001,58,5,25.563566208,41.538604736,15.975038528,15.975038528,0.000255646,false
001,59,0,-5.514650345,-44.506965637,-38.992315292,38.992315292,0.000055157,false
001,59,1,24.375320435,-16.972633362,-41.347953796,41.347953796,0.000243763,false
001,59,2,-29.774044037,86.571357727,116.345401764,116.345401764,0.000297750,false
001,59,3,13.891275406,-71.984436035,-85.875711441,85.875711441,0.000138923,false
001,59,4,-0.308995247,-3.658800125,-3.349804878,3.349804878,0.000003100,false
001,59,5,22.941230774,41.569755554,18.628524780,18.628524780,0.000229422,false
001,60,0,-5.412860394,-42.686225891,-37.273365498,37.273365498,0.000054139,false
001,60,1,24.462677002,-19.644212723,-44.106889725,44.106889725,0.000244637,false
001,60,2,-29.799442291,85.648048401,115.447490692,115.447490692,0.000298004,false
001,60,3,13.907949448,-67.278785706,-81.186735153,81.186735153,0.000139089,false
001,60,4,-0.298715353,-3.697070360,-3.398355007,3.398355007,0.000002997,false
001,60,5,18.817588806,41.750850677,22.933261871,22.933261871,0.000188186,false
001,61,0,-5.346470833,-41.013854980,-35.667384148,35.667384148,0.000053475,false
001,61,1,24.585754395,-22.404422760,-46.990177155,46.990177155,0.000245868,false
001,61,2,-29.844310760,83.824844360,113.669155121,113.669155121,0.000298453,false
001,61,3,13.922785759,-61.196491241,-75.119277000,75.119277000,0.000139238,false
001,61,4,-0.312973261,-3.721836567,-3.408863306,3.408863306,0.000003140,false
001,61,5,17.214706421,41.826416016,24.611709595,24.611709595,0.000172157,false
001,62,0,-5.320679188,-39.466232300,-34.145553112,34.145553112,0.000053217,false
001,62,1,24.612174988,-25.276475906,-49.888650894,49.888650894,0.000246132,false
001,62,2,-29.716022491,82.108032227,111.824054718,111.824054718,0.000297170,false
001,62,3,13.786694527,-55.492912292,-69.279606819,69.279606819,0.000137877,false
001,62,4,-0.325962543,-3.703800201,-3.377837658,3.377837658,0.000003270,false
001,62,5,14.432266235,41.786132812,27.353866577,27.353866577,0.000144333,false
001,63,0,-5.185450554,-37.417289734,-32.231839180,32.231839180,0.000051865,false
001,63,1,24.712234497,-27.978992462,-52.691226959,52.691226959,0.000247132,false
001,63,2,-29.711528778,78.977264404,108.688793182,108.688793182,0.000297125,false
001,63,3,13.863337517,-47.443592072,-61.306929588,61.306929588,0.000138643,false
001,63,4,-0.308178902,-3.758425236,-3.450246334,3.450246334,0.000003092,false
001,63,5,9.921249390,41.753299713,31.832050323,31.832050323,0.000099222,false
001,64,0,-5.058812618,-36.283180237,-31.224367619,31.224367619,0.000050598,false
001,64,1,24.758247375,-29.690307617,-54.448554993,54.448554993,0.000247592,false
001,64,2,-29.858493805,77.399826050,107.258319855,107.258319855,0.000298595,false
001,64,3,13.974640846,-43.031124115,-57.005764961,57.005764961,0.000139756,false
001,64,4,-0.304420948,-3.779585838,-3.475164890,3.475164890,0.000003054,false
001,64,5,5.548358917,41.743316650,36.194957733,36.194957733,0.000055494,false
001,65,0,-4.925317764,-34.763687134,-29.838369370,29.838369370,0.000049263,false
001,65,1,24.880424500,-31.266006470,-56.146430969,56.146430969,0.000248814,false
001,65,2,-29.762645721,74.290710449,104.053356171,104.053356171,0.000297636,false
001,65,3,13.942154884,-36.044918060,-49.987072945,49.987072945,0.000139432,false
001,65,4,-0.298627377,-3.817148447,-3.518521070,3.518521070,0.000002996,false
001,65,5,3.120464325,41.665042877,38.544578552,38.544578552,0.000031215,false
001,66,0,-4.762100220,-33.076454163,-28.314353943,28.314353943,0.000047631,false
001,66,1,25.145599365,-33.658058167,-58.803657532,58.803657532,0.000251466,false
001,66,2,-29.871639252,70.878509521,100.750148773,100.750148773,0.000298726,false
001,66,3,13.984261513,-28.282932281,-42.267193794,42.267193794,0.000139853,false
001,66,4,-0.304350853,-3.880577087,-3.576226234,3.576226234,0.000003054,false
001,66,5,1.101367950,41.579566956,40.478199005,40.478199005,0.000011024,false
001,67,0,-4.577700138,-31.683120728,-27.105420589,27.105420589,0.000045787,false
001,67,1,25.145011902,-35.199836731,-60.344848633,60.344848633,0.000251460,false
001,67,2,-29.656940460,68.269409180,97.926349640,97.926349640,0.000296579,false
001,67,3,13.838808060,-22.729238510,-36.568046570,36.568046570,0.000138398,false
001,67,4,-0.316863775,-3.894397736,-3.577533960,3.577533960,0.000003179,false
001,67,5,0.182456970,41.258300781,41.075843811,41.075843811,0.000001835,false
001,68,0,-4.427513123,-30.631280899,-26.203767776,26.203767776,0.000044285,false
001,68,1,25.300346375,-36.185546875,-61.485893250,61.485893250,0.000253013,false
001,68,2,-29.449253082,65.638488770,95.087741852,95.087741852,0.000294503,false
001,68,3,13.612883568,-17.551845551,-31.164729118,31.164729118,0.000136139,false
001,68,4,-0.319904327,-3.897145987,-3.577241659,3.577241659,0.000003209,false
001,68,5,0.190605164,40.991813660,40.801208496,40.801208496,0.000001916,false
001,69,0,-4.350214481,-28.835468292,-24.485253811,24.485253811,0.000043512,false
001,69,1,25.269905090,-37.754840851,-63.024745941,63.024745941,0.000252709,false
001,69,2,-29.450916290,61.501583099,90.952499390,90.952499390,0.000294519,false
001,69,3,13.774504662,-9.454725266,-23.229229927,23.229229927,0.000137755,false
001,69,4,-0.344295740,-3.959638596,-3.615342855,3.615342855,0.000003453,false
001,69,5,0.223667145,40.523170471,40.299503326,40.299503326,0.000002247,false
001,70,0,-4.215612888,-28.085947037,-23.870334148,23.870334148,0.000042166,false
001,70,1,25.446525574,-38.420886993,-63.867412567,63.867412567,0.000254475,false
001,70,2,-29.586315155,60.211608887,89.797924042,89.797924042,0.000295873,false
001,70,3,13.792769432,-6.755259037,-20.548028469,20.548028469,0.000137938,false
001,70,4,-0.351221323,-3.974106550,-3.622885227,3.622885227,0.000003522,false
001,70,5,0.304458618,40.256278992,39.951820374,39.951820374,0.000003055,false
001,71,0,-4.094216347,-27.057117462,-22.962901115,22.962901115,0.000040952,false
001,71,1,25.579849243,-39.532157898,-65.112007141,65.112007141,0.000255808,false
001,71,2,-29.971294403,58.260787964,88.232082367,88.232082367,0.000299723,false
001,71,3,14.231346130,-3.289102554,-17.520448685,17.520448685,0.000142323,false
001,71,4,-0.351728678,-3.940359831,-3.588631153,3.588631153,0.000003527,false
001,71,5,0.406112671,39.524162292,39.118049622,39.118049622,0.000004071,false
001,72,0,-4.020519257,-26.138042450,-22.117523193,22.117523193,0.000040215,false
001,72,1,25.684631348,-40.235153198,-65.919784546,65.919784546,0.000256856,false
001,72,2,-30.293430328,56.631141663,86.924571991,86.924571991,0.000302944,false
001,72,3,14.651316643,-0.519616604,-15.170933247,15.170933247,0.000146523,false
001,72,4,-0.350739241,-3.885541201,-3.534801960,3.534801960,0.000003517,false
001,72,5,0.482482910,38.773342133,38.290859222,38.290859222,0.000004835,false
001,73,0,-3.874435425,-25.073616028,-21.199180603,21.199180603,0.000038754,false
001,73,1,25.534027100,-40.640457153,-66.174484253,66.174484253,0.000255350,false
001,73,2,-31.015293121,54.818553925,85.833847046,85.833847046,0.000310163,false
001,73,3,16.068744659,2.795022488,-13.273722172,13.273722172,0.000160697,false
001,73,4,-0.349053621,-3.845745802,-3.496692181,3.496692181,0.000003501,false
001,73,5,0.644355774,37.763431549,37.119075775,37.119075775,0.000006454,false
001,74,0,-3.832761526,-23.925712585,-20.092951059,20.092951059,0.000038338,false
001,74,1,25.346794128,-41.325569153,-66.672363281,66.672363281,0.000253478,false
001,74,2,-31.543445587,53.737335205,85.280780792,85.280780792,0.000315444,false
001,74,3,17.054031372,5.097567081,-11.956464291,11.956464291,0.000170550,false
001,74,4,-0.342289448,-3.869026184,-3.526736736,3.526736736,0.000003433,false
001,74,5,0.624767303,36.625141144,36.000373840,36.000373840,0.000006258,false
001,75,0,-3.661578417,-23.750991821,-20.089413404,20.089413404,0.000036626,false
001,75,1,25.219444275,-41.020908356,-66.240352631,66.240352631,0.000252204,false
001,75,2,-33.310230255,53.365352631,86.675582886,86.675582886,0.000333112,false
001,75,3,20.001213074,5.380132198,-14.621080875,14.621080875,0.000200022,false
001,75,4,-0.344954252,-3.897440910,-3.552486658,3.552486658,0.000003460,false
001,75,5,0.738712311,36.246559143,35.507846832,35.507846832,0.000007397,false
001,76,0,-3.644323349,-22.621923447,-18.977600098,18.977600098,0.000036453,false
001,76,1,24.747238159,-41.865730286,-66.612968445,66.612968445,0.000247482,false
001,76,2,-35.011493683,52.820068359,87.831562042,87.831562042,0.000350125,false
001,76,3,23.078655243,6.969821453,-16.108833790,16.108833790,0.000230797,false
001,76,4,-0.322292805,-3.819854736,-3.497561932,3.497561932,0.000003233,false
001,76,5,0.747833252,34.950271606,34.202438354,34.202438354,0.000007488,false
001,77,0,-3.547590256,-21.505052567,-17.957462311,17.957462311,0.000035486,false
001,77,1,24.587829590,-43.112609863,-67.700439453,67.700439453,0.000245888,false
001,77,2,-37.217472076,52.954189301,90.171661377,90.171661377,0.000372185,false
001,77,3,26.582550049,7.868978977,-18.713571072,18.713571072,0.000265836,false
001,77,4,-0.328900099,-3.806247950,-3.477347851,3.477347851,0.000003299,false
001,77,5,0.704212189,34.603385925,33.899173737,33.899173737,0.000007052,false
001,78,0,-3.422255516,-20.912260056,-17.490004539,17.490004539,0.000034233,false
001,78,1,24.465042114,-43.057792664,-67.522834778,67.522834778,0.000244660,false
001,78,2,-40.192798615,52.631023407,92.823822021,92.823822021,0.000401938,false
001,78,3,31.085899353,8.105466843,-22.980432510,22.980432510,0.000310869,false
001,78,4,-0.351082325,-3.758891106,-3.407808781,3.407808781,0.000003521,false
001,78,5,0.649211884,33.944900513,33.295688629,33.295688629,0.000006502,false
001,79,0,-3.284224510,-20.037164688,-16.752940178,16.752940178,0.000032852,false
001,79,1,24.450271606,-43.264835358,-67.715106964,67.715106964,0.000244513,false
001,79,2,-42.319416046,52.491897583,94.811313629,94.811313629,0.000423204,false
001,79,3,33.834117889,8.267797470,-25.566320419,25.566320419,0.000338351,false
001,79,4,-0.310218096,-3.700365067,-3.390146971,3.390146971,0.000003112,false
001,79,5,0.611576080,33.124118805,32.512542725,32.512542725,0.000006126,false
001,80,0,-3.245502472,-19.141040802,-15.895538330,15.895538330,0.000032465,false
001,80,1,24.271087646,-44.312164307,-68.583251953,68.583251953,0.000242721,false
001,80,2,-45.535259247,53.032279968,98.567539215,98.567539215,0.000455363,false
001,80,3,38.439933777,8.337970734,-30.101963043,30.101963043,0.000384409,false
001,80,4,-0.303771257,-3.607653856,-3.303882599,3.303882599,0.000003048,false
001,80,5,0.566967010,32.218879700,31.651912689,31.651912689,0.000005680,false
001,81,0,-3.184967995,-18.963953018,-15.778985023,15.778985023,0.000031860,false
001,81,1,24.356071472,-43.920967102,-68.277038574,68.277038574,0.000243571,false
001,81,2,-47.385005951,52.784416199,100.169422150,100.169422150,0.000473860,false
001,81,3,40.969802856,8.542213440,-32.427589417,32.427589417,0.000409708,false
001,81,4,-0.317681313,-3.587164640,-3.269483328,3.269483328,0.000003187,false
001,81,5,0.473808289,32.007160187,31.533351898,31.533351898,0.000004748,false
001,82,0,-3.191308498,-18.747003555,-15.555695057,15.555695057,0.000031923,false
001,82,1,24.016860962,-44.293922424,-68.310783386,68.310783386,0.000240179,false
001,82,2,-51.038829803,52.771194458,103.810024261,103.810024261,0.000510398,false
001,82,3,45.994289398,8.601390839,-37.392898560,37.392898560,0.000459953,false
001,82,4,-0.241451740,-3.504884005,-3.263432264,3.263432264,0.000002425,false
001,82,5,0.471050262,31.454479218,30.983428955,30.983428955,0.000004721,false
001,83,0,-3.150408506,-18.095272064,-14.944863558,14.944863558,0.000031514,false
001,83,1,24.153030396,-44.614807129,-68.767837524,68.767837524,0.000241540,false
001,83,2,-52.346027374,52.844730377,105.190757751,105.190757751,0.000523470,false
001,83,3,47.640472412,8.620029449,-39.020442963,39.020442963,0.000476415,false
001,83,4,-0.248525858,-3.470540524,-3.222014666,3.222014666,0.000002495,false
001,83,5,0.470275879,31.033405304,30.563129425,30.563129425,0.000004713,false
001,84,0,-3.159814358,-17.756587982,-14.596773624,14.596773624,0.000031608,false
001,84,1,23.998580933,-44.852542877,-68.851123810,68.851123810,0.000239996,false
001,84,2,-55.730556488,52.936416626,108.666973114,108.666973114,0.000557316,false
001,84,3,52.094665527,8.574342728,-43.520322800,43.520322800,0.000520957,false
001,84,4,-0.207605362,-3.451532364,-3.243927002,3.243927002,0.000002086,false
001,84,5,0.474601746,30.743598938,30.268997192,30.268997192,0.000004756,false
001,85,0,-3.149860859,-17.333688736,-14.183827877,14.183827877,0.000031509,false
001,85,1,24.068138123,-44.945846558,-69.013984680,69.013984680,0.000240691,false
001,85,2,-56.783153534,52.859992981,109.643146515,109.643146515,0.000567842,false
001,85,3,53.456695557,8.609289169,-44.847406387,44.847406387,0.000534577,false
001,85,4,-0.196270466,-3.349295378,-3.153024912,3.153024912,0.000001973,false
001,85,5,0.485977173,30.254444122,29.768466949,29.768466949,0.000004870,false
001,86,0,-3.194605827,-16.951753616,-13.757147789,13.757147789,0.000031956,false
001,86,1,23.779533386,-44.003852844,-67.783386230,67.783386230,0.000237805,false
001,86,2,-60.116886139,52.625240326,112.742126465,112.742126465,0.000601179,false
001,86,3,57.811023712,8.010860443,-49.800163269,49.800163269,0.000578120,false
001,86,4,-0.090999603,-3.241442680,-3.150443077,3.150443077,0.000000920,false
001,86,5,0.526893616,29.848241806,29.321348190,29.321348190,0.000005279,false
001,87,0,-3.171584129,-16.662525177,-13.490941048,13.490941048,0.000031726,false
001,87,1,24.035377502,-44.309215546,-68.344593048,68.344593048,0.000240364,false
001,87,2,-61.372341156,52.619407654,113.991748810,113.991748810,0.000613733,false
001,87,3,59.222846985,8.122318268,-51.100528717,51.100528717,0.000592238,false
001,87,4,-0.096825123,-3.150596142,-3.053771019,3.053771019,0.000000978,false
001,87,5,0.491756439,29.540998459,29.049242020,29.049242020,0.000004928,false
001,88,0,-3.165217400,-16.396551132,-13.231333733,13.231333733,0.000031662,false
001,88,1,23.978752136,-44.211677551,-68.190429688,68.190429688,0.000239798,false
001,88,2,-63.473194122,52.310440063,115.783634186,115.783634186,0.000634742,false
001,88,3,62.043601990,8.329954147,-53.713647842,53.713647842,0.000620446,false
001,88,4,-0.076203346,-3.157896280,-3.081692934,3.081692934,0.000000772,false
001,88,5,0.576919556,29.593135834,29.016216278,29.016216278,0.000005779,false
001,89,0,-3.324953556,-15.850198746,-12.525245190,12.525245190,0.000033260,false
001,89,1,24.147964478,-43.635368347,-67.783332825,67.783332825,0.000241490,false
001,89,2,-67.174972534,52.114013672,119.288986206,119.288986206,0.000671760,false
001,89,3,66.502853394,7.913647175,-58.589206219,58.589206219,0.000665039,false
001,89,4,-0.018393040,-3.037091255,-3.018698215,3.018698215,0.000000194,false
001,89,5,0.570724487,29.320308685,28.749584198,28.749584198,0.000005717,false
001,90,0,-3.391891479,-15.700698853,-12.308807373,12.308807373,0.000033929,false
001,90,1,24.279853821,-43.092380524,-67.372234344,67.372234344,0.000242809,false
001,90,2,-69.439987183,51.411796570,120.851783752,120.851783752,0.000694410,false
001,90,3,69.352485657,8.265625000,-61.086860657,61.086860657,0.000693535,false
001,90,4,-0.033486843,-2.962662220,-2.929175377,2.929175377,0.000000345,false
001,90,5,0.596050262,28.893051147,28.297000885,28.297000885,0.000005971,false
001,91,0,-3.539451361,-15.410894394,-11.871443033,11.871443033,0.000035405,false
001,91,1,24.329444885,-42.355876923,-66.685321808,66.685321808,0.000243304,false
001,91,2,-72.725158691,50.986557007,123.711715698,123.711715698,0.000727262,false
001,91,3,73.387100220,7.724015713,-65.663084507,65.663084507,0.000733881,false
001,91,4,0.001080990,-2.869807243,-2.870888233,2.870888233,0.000000021,false
001,91,5,0.627044678,28.563110352,27.936065674,27.936065674,0.000006280,false
001,92,0,-3.600487232,-15.141529083,-11.541041851,11.541041851,0.000036015,false
001,92,1,24.406921387,-40.917690277,-65.324611664,65.324611664,0.000244079,false
001,92,2,-75.014160156,49.599525452,124.613685608,124.613685608,0.000750152,false
001,92,3,76.375320435,7.962227345,-68.413093090,68.413093090,0.000763763,false
001,92,4,-0.048288345,-2.807887554,-2.759599209,2.759599209,0.000000493,false
001,92,5,0.648109436,28.523254395,27.875144958,27.875144958,0.000006491,false
001,93,0,-3.765593529,-15.204448700,-11.438855171,11.438855171,0.000037666,false
001,93,1,24.699615479,-41.264240265,-65.963855743,65.963855743,0.000247006,false
001,93,2,-78.608779907,49.831176758,128.439956665,128.439956665,0.000786098,false
001,93,3,80.678497314,7.861595631,-72.816901684,72.816901684,0.000806795,false
001,93,4,-0.216572523,-2.798783779,-2.582211256,2.582211256,0.000002176,false
001,93,5,0.529205322,28.670276642,28.141071320,28.141071320,0.000005302,false
001,94,0,-3.926179886,-14.811542511,-10.885362625,10.885362625,0.000039272,false
001,94,1,24.626106262,-40.354312897,-64.980419159,64.980419159,0.000246271,false
001,94,2,-81.499633789,48.922260284,130.421894073,130.421894073,0.000815006,false
001,94,3,84.464752197,7.806666851,-76.658085346,76.658085346,0.000844658,false
001,94,4,-0.629602194,-2.761682034,-2.132079840,2.132079840,0.000006306,false
001,94,5,0.414081573,28.627674103,28.213592529,28.213592529,0.000004151,false
001,95,0,-4.036367416,-14.781237602,-10.744870186,10.744870186,0.000040374,false
001,95,1,24.587631226,-39.192741394,-63.780372620,63.780372620,0.000245886,false
001,95,2,-84.492218018,48.017211914,132.509429932,132.509429932,0.000844932,false
001,95,3,87.895942688,7.637667179,-80.258275509,80.258275509,0.000878969,false
001,95,4,-1.193021297,-2.682007074,-1.488985777,1.488985777,0.000011940,false
001,95,5,0.216438293,28.271949768,28.055511475,28.055511475,0.000002174,false
001,96,0,-4.253737926,-14.641604424,-10.387866497,10.387866497,0.000042547,false
001,96,1,24.562011719,-37.768241882,-62.330253601,62.330253601,0.000245630,false
001,96,2,-88.473022461,46.634696960,135.107719421,135.107719421,0.000884740,false
001,96,3,92.380744934,7.805882931,-84.574862003,84.574862003,0.000923817,false
001,96,4,-2.233879089,-2.607192755,-0.373313665,0.373313665,0.000022349,false
001,96,5,-0.069599152,28.314750671,28.384349823,28.384349823,0.000000706,false
001,97,0,-4.343502045,-14.521007538,-10.177505493,10.177505493,0.000043445,false
001,97,1,24.494087219,-36.620994568,-61.115081787,61.115081787,0.000244951,false
001,97,2,-91.622619629,45.616378784,137.238998413,137.238998413,0.000916236,false
001,97,3,95.629692078,7.609237194,-88.020454884,88.020454884,0.000956307,false
001,97,4,-3.221536875,-2.548969984,0.672566891,0.672566891,0.000032225,false
001,97,5,-0.274665833,28.285354614,28.560020447,28.560020447,0.000002757,false
001,98,0,-4.515330791,-14.529658318,-10.014327526,10.014327526,0.000045163,false
001,98,1,24.763725281,-35.232616425,-59.996341705,59.996341705,0.000247647,false
001,98,2,-94.152282715,44.437049866,138.589332581,138.589332581,0.000941533,false
001,98,3,98.097732544,7.506375790,-90.591356754,90.591356754,0.000980987,false
001,98,4,-3.986243963,-2.491778374,1.494465590,1.494465590,0.000039872,false
001,98,5,-0.407798767,28.340358734,28.748157501,28.748157501,0.000004088,false
001,99,0,-4.667513371,-14.628090858,-9.960577488,9.960577488,0.000046685,false
001,99,1,24.391700745,-32.125480652,-56.517181396,56.517181396,0.000243927,false
001,99,2,-95.654266357,41.796676636,137.450942993,137.450942993,0.000956553,false
001,99,3,100.098648071,7.618276119,-92.480371952,92.480371952,0.001000996,false
001,99,4,-4.710458279,-2.296620846,2.413837433,2.413837433,0.000047115,false
001,99,5,-0.428943634,28.147403717,28.576347351,28.576347351,0.000004299,false
002,0,0,-5.463440895,-14.999835968,-9.536395073,9.536395073,0.000054644,false
002,0,1,24.590629578,-32.970947266,-57.561576843,57.561576843,0.000245916,false
002,0,2,-29.461856842,15.485095978,44.946952820,44.946952820,0.000294629,false
002,0,3,14.637718201,26.726587296,12.088869095,12.088869095,0.000146387,false
002,0,4,-0.347373009,0.913759708,1.261132717,1.261132717,0.000003484,false
002,0,5,19.363046646,-0.080047607,-19.443094254,19.443094254,0.000193640,false
002,1,0,-5.392931938,-15.036300659,-9.643368721,9.643368721,0.000053939,false
002,1,1,24.737174988,-34.469543457,-59.206718445,59.206718445,0.000247382,false
002,1,2,-29.439624786,15.221809387,44.661434174,44.661434174,0.000294406,false
002,1,3,14.636574745,28.077817917,13.441243172,13.441243172,0.000146376,false
002,1,4,-0.272811890,1.299728632,1.572540522,1.572540522,0.000002738,false
002,1,5,15.588041306,-0.070745468,-15.658786774,15.658786774,0.000155890,false
002,2,0,-5.276463509,-15.553747177,-10.277283669,10.277283669,0.000052775,false
002,2,1,24.863929749,-38.040641785,-62.904571533,62.904571533,0.000248649,false
002,2,2,-29.611164093,15.090351105,44.701515198,44.701515198,0.000296122,false
002,2,3,14.851804733,31.715337753,16.863533020,16.863533020,0.000148528,false
002,2,4,-0.243361235,1.729154348,1.972515583,1.972515583,0.000002444,false
002,2,5,11.934856415,-0.043056488,-11.977912903,11.977912903,0.000119359,false
002,3,0,-5.147764683,-16.382997513,-11.235232830,11.235232830,0.000051488,false
002,3,1,24.809753418,-42.250148773,-67.059902191,67.059902191,0.000248108,false
002,3,2,-29.578647614,15.198192596,44.776840210,44.776840210,0.000295796,false
002,3,3,14.979804039,35.644603729,20.664799690,20.664799690,0.000149808,false
002,3,4,-0.197961807,2.114130259,2.312092066,2.312092066,0.000001990,false
002,3,5,7.321666718,-0.059293747,-7.380960464,7.380960464,0.000073227,false
002,4,0,-5.036690712,-16.650268555,-11.613577843,11.613577843,0.000050377,false
002,4,1,24.926391602,-44.758266449,-69.684658051,69.684658051,0.000249274,false
002,4,2,-29.681819916,14.251972198,43.933792114,43.933792114,0.000296828,false
002,4,3,14.996426582,39.412357330,24.415930748,24.415930748,0.000149974,false
002,4,4,-0.151680470,2.464179277,2.615859747,2.615859747,0.000001527,false
002,4,5,3.895763397,-0.054811478,-3.950574875,3.950574875,0.000038968,false
002,5,0,-4.822651863,-17.081956863,-12.259305000,12.259305000,0.000048237,false
002,5,1,24.875328064,-47.248046875,-72.123374939,72.123374939,0.000248763,false
002,5,2,-29.593982697,13.996799469,43.590782166,43.590782166,0.000295950,false
002,5,3,15.111372948,42.497867584,27.386494637,27.386494637,0.000151124,false
002,5,4,-0.161790371,2.535333395,2.697123766,2.697123766,0.000001628,false
002,5,5,0.631336212,-0.065155029,-0.696491241,0.696491241,0.000006323,false
002,6,0,-4.587165833,-17.331871033,-12.744705200,12.744705200,0.000045882,false
002,6,1,24.528617859,-51.124927521,-75.653545380,75.653545380,0.000245296,false
002,6,2,-29.088649750,13.972652435,43.061302185,43.061302185,0.000290896,false
002,6,3,14.930857658,47.607654572,32.676796913,32.676796913,0.000149319,false
002,6,4,-0.198687315,2.216461420,2.415148735,2.415148735,0.000001997,false
002,6,5,-0.197860718,-0.204431534,-0.006570816,0.006570816,0.000001989,false
002,7,0,-4.454890728,-17.556701660,-13.101810932,13.101810932,0.000044559,false
002,7,1,24.498504639,-53.761707306,-78.260211945,78.260211945,0.000244995,false
002,7,2,-28.930736542,13.888984680,42.819721222,42.819721222,0.000289317,false
002,7,3,14.926869392,51.204727173,36.277857780,36.277857780,0.000149279,false
002,7,4,-0.204254150,1.621609926,1.825864077,1.825864077,0.000002053,false
002,7,5,-0.280216217,-0.314775467,-0.034559250,0.034559250,0.000002812,false
002,8,0,-4.371977329,-17.793657303,-13.421679974,13.421679974,0.000043730,false
002,8,1,24.438041687,-54.854484558,-79.292526245,79.292526245,0.000244390,false
002,8,2,-28.906276703,13.219226837,42.125503540,42.125503540,0.000289073,false
002,8,3,15.070387840,53.551868439,38.481480598,38.481480598,0.000150714,false
002,8,4,-0.237266779,1.276704550,1.513971329,1.513971329,0.000002383,false
002,8,5,-0.197467804,-0.372926712,-0.175458908,0.175458908,0.000001985,false
002,9,0,-4.216514587,-18.192096710,-13.975582123,13.975582123,0.000042175,false
002,9,1,24.355278015,-57.740646362,-82.095924377,82.095924377,0.000243563,false
002,9,2,-28.853458405,12.912513733,41.765972137,41.765972137,0.000288545,false
002,9,3,15.128580093,58.153144836,43.024564743,43.024564743,0.000151296,false
002,9,4,-0.287443161,0.032041073,0.319484234,0.319484234,0.000002884,false
002,9,5,-0.067718506,-0.454999924,-0.387281418,0.387281418,0.000000687,false
002,10,0,-4.095410824,-18.602651596,-14.507240772,14.507240772,0.000040964,false
002,10,1,24.291908264,-59.781303406,-84.073211670,84.073211670,0.000242929,false
002,10,2,-28.725826263,12.994922638,41.720748901,41.720748901,0.000287268,false
002,10,3,15.251093864,60.638946533,45.387852669,45.387852669,0.000152521,false
002,10,4,-0.341281176,-0.778992176,-0.437711000,0.437711000,0.000003423,false
002,10,5,0.087036133,-0.497354507,-0.584390640,0.584390640,0.000000880,false
002,11,0,-4.126077652,-19.360202789,-15.234125137,15.234125137,0.000041271,false
002,11,1,24.671607971,-63.023448944,-87.695056915,87.695056915,0.000246726,false
002,11,2,-29.409320831,13.669525146,43.078845978,43.078845978,0.000294103,false
002,11,3,15.817742348,64.561500549,48.743758202,48.743758202,0.000158187,false
002,11,4,-0.301093340,-2.173991203,-1.872897863,1.872897863,0.000003021,false
002,11,5,0.078048706,-0.451259613,-0.529308319,0.529308319,0.000000790,false
002,12,0,-4.007377625,-19.962287903,-15.954910278,15.954910278,0.000040084,false
002,12,1,24.615020752,-64.093917847,-88.708938599,88.708938599,0.000246160,false
002,12,2,-29.502674103,13.074150085,42.576824188,42.576824188,0.000295037,false
002,12,3,16.069917679,67.273323059,51.203405380,51.203405380,0.000160709,false
002,12,4,-0.337599277,-3.131057978,-2.793458700,2.793458700,0.000003386,false
002,12,5,0.175048828,-0.381851196,-0.556900024,0.556900024,0.000001760,false
002,13,0,-3.931384563,-20.906663895,-16.975279331,16.975279331,0.000039324,false
002,13,1,24.753234863,-67.269256592,-92.022491455,92.022491455,0.000247542,false
002,13,2,-30.196376801,14.580795288,44.777172089,44.777172089,0.000301974,false
002,13,3,17.001705170,69.684982300,52.683277130,52.683277130,0.000170027,false
002,13,4,-0.353337526,-4.234033108,-3.880695581,3.880695581,0.000003543,false
002,13,5,0.303184509,-0.239322662,-0.542507172,0.542507172,0.000003042,false
002,14,0,-3.838394403,-21.629230499,-17.790836096,17.790836096,0.000038394,false
002,14,1,24.889633179,-69.228057861,-94.117691040,94.117691040,0.000248906,false
002,14,2,-31.877323151,15.088581085,46.965904236,46.965904236,0.000318783,false
002,14,3,19.364257812,71.959953308,52.595695496,52.595695496,0.000193653,false
002,14,4,-0.368940592,-5.405295372,-5.036354780,5.036354780,0.000003699,false
002,14,5,0.419574738,-0.170221329,-0.589796066,0.589796066,0.000004206,false
002,15,0,-3.761310577,-22.210859299,-18.449548721,18.449548721,0.000037623,false
002,15,1,24.837379456,-71.393203735,-96.230583191,96.230583191,0.000248384,false
002,15,2,-31.791530609,16.748340607,48.539871216,48.539871216,0.000317925,false
002,15,3,19.265937805,73.151634216,53.885696411,53.885696411,0.000192669,false
002,15,4,-0.362327576,-6.089550495,-5.727222919,5.727222919,0.000003633,false
002,15,5,0.487384796,-0.073024750,-0.560409546,0.560409546,0.000004884,false
002,16,0,-3.637020111,-23.453140259,-19.816120148,19.816120148,0.000036380,false
002,16,1,24.683700562,-73.854461670,-98.538162231,98.538162231,0.000246847,false
002,16,2,-34.261837006,18.726310730,52.988147736,52.988147736,0.000342628,false
002,16,3,22.953907013,74.249664307,51.295757294,51.295757294,0.000229549,false
002,16,4,-0.351338387,-6.966630936,-6.615292549,6.615292549,0.000003523,false
002,16,5,0.499835968,0.129489899,-0.370346069,0.370346069,0.000005008,false
002,17,0,-3.640006304,-23.999696732,-20.359690428,20.359690428,0.000036410,false
002,17,1,24.623680115,-74.660736084,-99.284416199,99.284416199,0.000246247,false
002,17,2,-36.841419220,19.645557404,56.486976624,56.486976624,0.000368424,false
002,17,3,26.558221817,75.154701233,48.596479416,48.596479416,0.000265592,false
002,17,4,-0.293438435,-7.653272629,-7.359834194,7.359834194,0.000002944,false
002,17,5,0.467700958,0.208499908,-0.259201050,0.259201050,0.000004687,false
002,18,0,-3.508106470,-24.871706009,-21.363599539,21.363599539,0.000035091,false
002,18,1,24.479858398,-76.876251221,-101.356109619,101.356109619,0.000244809,false
002,18,2,-39.715122223,22.088020325,61.803142548,61.803142548,0.000397161,false
002,18,3,30.832426071,75.303413391,44.470987320,44.470987320,0.000308334,false
002,18,4,-0.290328264,-8.343383789,-8.053055525,8.053055525,0.000002913,false
002,18,5,0.413070679,0.329711914,-0.083358765,0.083358765,0.000004141,false
002,19,0,-3.309954166,-25.852306366,-22.542352200,22.542352200,0.000033110,false
002,19,1,24.953330994,-80.066925049,-105.020256042,105.020256042,0.000249543,false
002,19,2,-42.181118011,25.924591064,68.105709076,68.105709076,0.000421821,false
002,19,3,33.844188690,74.634796143,40.790607452,40.790607452,0.000338452,false
002,19,4,-0.303647041,-8.694635391,-8.390988350,8.390988350,0.000003046,false
002,19,5,0.385093689,0.426179886,0.041086197,0.041086197,0.000003861,false
002,20,0,-3.271625280,-26.503639221,-23.232013941,23.232013941,0.000032726,false
002,20,1,24.652412415,-81.215606689,-105.868019104,105.868019104,0.000246534,false
002,20,2,-44.745441437,28.155643463,72.901084900,72.901084900,0.000447464,false
002,20,3,37.925022125,73.613616943,35.688594818,35.688594818,0.000379260,false
002,20,4,-0.292287111,-9.062358856,-8.770071745,8.770071745,0.000002933,false
002,20,5,0.284168243,0.478488922,0.194320679,0.194320679,0.000002852,false
002,21,0,-3.242703438,-26.912830353,-23.670126915,23.670126915,0.000032437,false
002,21,1,24.527404785,-82.789016724,-107.316421509,107.316421509,0.000245284,false
002,21,2,-49.937953949,30.328144073,80.266098022,80.266098022,0.000499390,false
002,21,3,45.261619568,72.453689575,27.192070007,27.192070007,0.000452626,false
002,21,4,-0.255362272,-8.897304535,-8.641942263,8.641942263,0.000002564,false
002,21,5,0.083030701,0.505573273,0.422542572,0.422542572,0.000000840,false
002,22,0,-3.228131294,-27.442035675,-24.213904381,24.213904381,0.000032291,false
002,22,1,24.410949707,-85.460762024,-109.871711731,109.871711731,0.000244119,false
002,22,2,-52.159954071,34.953514099,87.113468170,87.113468170,0.000521610,false
002,22,3,48.543315887,69.940177917,21.396862030,21.396862030,0.000485443,false
002,22,4,-0.248735905,-8.793218613,-8.544482708,8.544482708,0.000002497,false
002,22,5,0.040203094,0.480945587,0.440742493,0.440742493,0.000000412,false
002,23,0,-3.134256840,-27.829637527,-24.695380688,24.695380688,0.000031353,false
002,23,1,24.382446289,-87.154449463,-111.536895752,111.536895752,0.000243834,false
002,23,2,-54.770435333,37.904403687,92.674839020,92.674839020,0.000547714,false
002,23,3,52.197463989,67.756965637,15.559501648,15.559501648,0.000521985,false
002,23,4,-0.212123632,-8.561638832,-8.349515200,8.349515200,0.000002131,false
002,23,5,0.033027649,0.441562653,0.408535004,0.408535004,0.000000340,false
002,24,0,-3.187451124,-28.289768219,-25.102317095,25.102317095,0.000031885,false
002,24,1,24.381637573,-88.554977417,-112.936614990,112.936614990,0.000243826,false
002,24,2,-56.544055939,40.578979492,97.123035431,97.123035431,0.000565451,false
002,24,3,54.751876831,65.526687622,10.774810791,10.774810791,0.000547529,false
002,24,4,-0.187326908,-8.049990654,-7.862663746,7.862663746,0.000001883,false
002,24,5,0.016735077,0.416835785,0.400100708,0.400100708,0.000000177,false
002,25,0,-3.112319469,-28.688426971,-25.576107502,25.576107502,0.000031133,false
002,25,1,24.482170105,-90.279342651,-114.761512756,114.761512756,0.000244832,false
002,25,2,-58.977901459,44.415580750,103.393482208,103.393482208,0.000589789,false
002,25,3,57.983512878,62.561859131,4.578346252,4.578346252,0.000579845,false
002,25,4,-0.195113182,-7.677896500,-7.482783318,7.482783318,0.000001961,false
002,25,5,0.012565613,0.361387253,0.348821640,0.348821640,0.000000136,false
002,26,0,-3.106773376,-28.852931976,-25.746158600,25.746158600,0.000031078,false
002,26,1,24.592208862,-91.346115112,-115.938323975,115.938323975,0.000245932,false
002,26,2,-60.703182220,46.683204651,107.386386871,107.386386871,0.000607042,false
002,26,3,60.116188049,60.810508728,0.694320679,0.694320679,0.000601172,false
002,26,4,-0.149136066,-7.473962784,-7.324826717,7.324826717,0.000001501,false
002,26,5,0.017253876,0.332902908,0.315649033,0.315649033,0.000000183,false
002,27,0,-3.159599543,-29.346862793,-26.187263250,26.187263250,0.000031606,false
002,27,1,24.743476868,-92.722167969,-117.465644836,117.465644836,0.000247445,false
002,27,2,-63.196041107,50.090026855,113.286067963,113.286067963,0.000631970,false
002,27,3,63.401618958,57.289215088,-6.112403870,6.112403870,0.000634026,false
002,27,4,-0.151721954,-6.762575150,-6.610853195,6.610853195,0.000001527,false
002,27,5,0.009548187,0.288309097,0.278760910,0.278760910,0.000000105,false
002,28,0,-3.285668850,-29.703010559,-26.417341709,26.417341709,0.000032867,false
002,28,1,24.595909119,-93.520812988,-118.116722107,118.116722107,0.000245969,false
002,28,2,-65.986968994,52.145301819,118.132270813,118.132270813,0.000659880,false
002,28,3,67.241630554,55.276660919,-11.964969635,11.964969635,0.000672426,false
002,28,4,-0.060259819,-6.497921467,-6.437661648,6.437661648,0.000000613,false
002,28,5,0.008689880,0.261323929,0.252634048,0.252634048,0.000000097,false
002,29,0,-3.195986748,-29.678657532,-26.482670784,26.482670784,0.000031970,false
002,29,1,24.877388000,-94.856765747,-119.734153748,119.734153748,0.000248784,false
002,29,2,-66.940902710,54.667770386,121.608673096,121.608673096,0.000669419,false
002,29,3,68.319702148,53.292686462,-15.027015686,15.027015686,0.000683207,false
002,29,4,-0.142091274,-6.096917152,-5.954825878,5.954825878,0.000001431,false
002,29,5,0.084182739,0.244359970,0.160177231,0.160177231,0.000000852,false
002,30,0,-3.314500332,-29.834077835,-26.519577503,26.519577503,0.000033155,false
002,30,1,24.934860229,-95.653121948,-120.587982178,120.587982178,0.000249359,false
002,30,2,-70.139709473,57.283061981,127.422771454,127.422771454,0.000701407,false
002,30,3,72.486961365,50.717288971,-21.769672394,21.769672394,0.000724880,false
002,30,4,-0.101851463,-5.707057953,-5.605206490,5.605206490,0.000001029,false
002,30,5,0.139217377,0.244066238,0.104848862,0.104848862,0.000001402,false
002,31,0,-3.575903654,-30.208328247,-26.632424593,26.632424593,0.000035769,false
002,31,1,25.055625916,-95.862060547,-120.917686462,120.917686462,0.000250566,false
002,31,2,-73.568664551,58.607608795,132.176273346,132.176273346,0.000735697,false
002,31,3,76.803604126,48.993415833,-27.810188293,27.810188293,0.000768046,false
002,31,4,-0.056276798,-5.395293236,-5.339016438,5.339016438,0.000000573,false
002,31,5,0.188362122,0.223423004,0.035060883,0.035060883,0.000001894,false
002,32,0,-3.517368555,-30.177412033,-26.660043478,26.660043478,0.000035184,false
002,32,1,24.889320374,-96.590713501,-121.480033875,121.480033875,0.000248903,false
002,32,2,-74.266708374,60.010997772,134.277706146,134.277706146,0.000742677,false
002,32,3,77.934089661,47.870952606,-30.063137054,30.063137054,0.000779351,false
002,32,4,-0.122229576,-5.104413986,-4.982184410,4.982184410,0.000001232,false
002,32,5,0.220108032,0.229368210,0.009260178,0.009260178,0.000002211,false
002,33,0,-3.687949181,-30.542209625,-26.854260445,26.854260445,0.000036889,false
002,33,1,25.236289978,-97.004737854,-122.241027832,122.241027832,0.000252373,false
002,33,2,-77.610153198,62.394916534,140.005069733,140.005069733,0.000776112,false
002,33,3,81.441688538,45.364021301,-36.077667236,36.077667236,0.000814427,false
002,33,4,-0.277644396,-4.811721802,-4.534077406,4.534077406,0.000002786,false
002,33,5,0.174453735,0.228296280,0.053842545,0.053842545,0.000001755,false
002,34,0,-3.869977236,-30.639808655,-26.769831419,26.769831419,0.000038710,false
002,34,1,25.292098999,-97.492164612,-122.784263611,122.784263611,0.000252931,false
002,34,2,-82.427062988,63.894748688,146.321811676,146.321811676,0.000824281,false
002,34,3,86.886795044,43.881084442,-43.005710602,43.005710602,0.000868878,false
002,34,4,-1.108802080,-4.601608276,-3.492806196,3.492806196,0.000011098,false
002,34,5,-0.139213562,0.223791122,0.363004684,0.363004684,0.000001402,false
002,35,0,-3.998151302,-30.799402237,-26.801250935,26.801250935,0.000039992,false
002,35,1,25.627120972,-97.668609619,-123.295730591,123.295730591,0.000256281,false
002,35,2,-83.935409546,65.062576294,148.997985840,148.997985840,0.000839364,false
002,35,3,88.066009521,42.620590210,-45.445419312,45.445419312,0.000880670,false
002,35,4,-1.341268539,-4.460184574,-3.118916035,3.118916035,0.000013423,false
002,35,5,-0.152610779,0.221429825,0.374040604,0.374040604,0.000001536,false
002,36,0,-4.193483829,-31.020418167,-26.826934338,26.826934338,0.000041945,false
002,36,1,25.935951233,-97.962738037,-123.898689270,123.898689270,0.000259370,false
002,36,2,-88.415924072,66.927932739,155.343856812,155.343856812,0.000884169,false
002,36,3,92.333023071,40.304382324,-52.028640747,52.028640747,0.000923340,false
002,36,4,-2.392503262,-4.100847721,-1.708344460,1.708344460,0.000023935,false
002,36,5,-0.395977020,0.226051331,0.622028351,0.622028351,0.000003970,false
002,37,0,-4.429404259,-31.309682846,-26.880278587,26.880278587,0.000044304,false
002,37,1,26.189331055,-98.270309448,-124.459640503,124.459640503,0.000261903,false
002,37,2,-91.649856567,68.936912537,160.586769104,160.586769104,0.000916509,false
002,37,3,95.352127075,38.247280121,-57.104846954,57.104846954,0.000953531,false
002,37,4,-3.121238232,-3.835199356,-0.713961124,0.713961124,0.000031222,false
002,37,5,-0.540508270,0.237115860,0.777624130,0.777624130,0.000005415,false
002,38,0,-4.785216331,-31.436954498,-26.651738167,26.651738167,0.000047862,false
002,38,1,26.290557861,-98.364303589,-124.654861450,124.654861450,0.000262916,false
002,38,2,-95.438888550,69.138366699,164.577255249,164.577255249,0.000954399,false
002,38,3,98.916076660,37.911869049,-61.004207611,61.004207611,0.000989171,false
002,38,4,-4.232919216,-3.744460344,0.488458872,0.488458872,0.000042339,false
002,38,5,-0.635128021,0.236671448,0.871799469,0.871799469,0.000006361,false
002,39,0,-5.016318798,-31.655254364,-26.638935566,26.638935566,0.000050173,false
002,39,1,26.367424011,-98.606475830,-124.973899841,124.973899841,0.000263684,false
002,39,2,-97.627792358,70.859016418,168.486808777,168.486808777,0.000976288,false
002,39,3,100.973793030,36.169181824,-64.804611206,64.804611206,0.001009748,false
002,39,4,-4.858704567,-3.588050842,1.270653725,1.270653725,0.000048597,false
002,39,5,-0.656364441,0.224214554,0.880578995,0.880578995,0.000006574,false
002,40,0,-5.178720474,-31.841907501,-26.663187027,26.663187027,0.000051797,false
002,40,1,26.505805969,-98.851539612,-125.357345581,125.357345581,0.000265068,false
002,40,2,-99.557952881,72.966461182,172.524414062,172.524414062,0.000995590,false
002,40,3,102.336997986,34.038604736,-68.298393250,68.298393250,0.001023380,false
002,40,4,-5.571691990,-3.429057598,2.142634392,2.142634392,0.000055727,false
002,40,5,-0.588478088,0.238420486,0.826898575,0.826898575,0.000005895,false
002,41,0,-5.556596756,-32.246513367,-26.689916611,26.689916611,0.000055576,false
002,41,1,26.742492676,-98.862487793,-125.604980469,125.604980469,0.000267435,false
002,41,2,-101.737274170,74.447952271,176.185226440,176.185226440,0.001017383,false
002,41,3,103.746948242,31.953012466,-71.793935776,71.793935776,0.001037479,false
002,41,4,-6.452810287,-3.207495213,3.245315075,3.245315075,0.000064538,false
002,41,5,-0.502067566,0.217773438,0.719841003,0.719841003,0.000005031,false
002,42,0,-5.669830799,-32.334434509,-26.664603710,26.664603710,0.000056708,false
002,42,1,26.878166199,-99.107772827,-125.985939026,125.985939026,0.000268792,false
002,42,2,-102.690628052,75.894683838,178.585311890,178.585311890,0.001026916,false
002,42,3,104.199813843,30.455499649,-73.744314194,73.744314194,0.001042008,false
002,42,4,-6.944070339,-3.060463190,3.883607149,3.883607149,0.000069451,false
002,42,5,-0.435493469,0.213325500,0.648818970,0.648818970,0.000004365,false
002,43,0,-5.789371490,-32.580169678,-26.790798187,26.790798187,0.000057904,false
002,43,1,27.068283081,-99.118774414,-126.187057495,126.187057495,0.000270693,false
002,43,2,-103.118804932,77.984230042,181.103034973,181.103034973,0.001031198,false
002,43,3,104.273437500,27.967607498,-76.305830002,76.305830002,0.001042744,false
002,43,4,-7.388912201,-2.834340572,4.554571629,4.554571629,0.000073899,false
002,43,5,-0.321022034,0.224910736,0.545932770,0.545932770,0.000003220,false
002,44,0,-6.005788803,-32.843162537,-26.837373734,26.837373734,0.000060068,false
002,44,1,27.278808594,-99.220901489,-126.499710083,126.499710083,0.000272798,false
002,44,2,-103.878479004,79.707687378,183.586166382,183.586166382,0.001038795,false
002,44,3,104.182273865,25.714227676,-78.468046188,78.468046188,0.001041833,false
002,44,4,-7.859896183,-2.593998432,5.265897751,5.265897751,0.000078609,false
002,44,5,-0.360473633,0.217933655,0.578407288,0.578407288,0.000003615,false
002,45,0,-6.164941788,-32.926910400,-26.761968613,26.761968613,0.000061659,false
002,45,1,27.244293213,-99.251663208,-126.495956421,126.495956421,0.000272453,false
002,45,2,-104.053833008,80.187705994,184.241539001,184.241539001,0.001040548,false
002,45,3,103.577575684,25.389116287,-78.188459396,78.188459396,0.001035786,false
002,45,4,-8.238283157,-2.672666073,5.565617085,5.565617085,0.000082393,false
002,45,5,-0.247524261,0.220235825,0.467760086,0.467760086,0.000002485,false
002,46,0,-6.181814671,-33.125328064,-26.943513393,26.943513393,0.000061828,false
002,46,1,27.074333191,-99.193229675,-126.267562866,126.267562866,0.000270753,false
002,46,2,-103.893585205,82.909606934,186.803192139,186.803192139,0.001038946,false
002,46,3,103.244514465,21.956514359,-81.288000107,81.288000107,0.001032455,false
002,46,4,-8.301156998,-2.321265221,5.979891777,5.979891777,0.000083022,false
002,46,5,-0.243957520,0.230169296,0.474126816,0.474126816,0.000002450,false
002,47,0,-6.296482086,-33.317459106,-27.020977020,27.020977020,0.000062975,false
002,47,1,26.899505615,-98.981689453,-125.881195068,125.881195068,0.000269005,false
002,47,2,-103.483032227,84.607543945,188.090576172,188.090576172,0.001034840,false
002,47,3,102.849472046,19.593839645,-83.255632401,83.255632401,0.001028505,false
002,47,4,-8.389903069,-2.077232838,6.312670231,6.312670231,0.000083909,false
002,47,5,-0.278682709,0.228725433,0.507408142,0.507408142,0.000002797,false
002,48,0,-6.250324249,-33.324234009,-27.073909760,27.073909760,0.000062513,false
002,48,1,26.656044006,-99.184967041,-125.841011047,125.841011047,0.000266570,false
002,48,2,-103.109710693,84.810264587,187.919975281,187.919975281,0.001031107,false
002,48,3,102.709754944,19.565605164,-83.144149780,83.144149780,0.001027108,false
002,48,4,-8.457937241,-2.135224342,6.322712898,6.322712898,0.000084589,false
002,48,5,-0.299007416,0.227851868,0.526859283,0.526859283,0.000003000,false
002,49,0,-6.258130074,-33.606742859,-27.348612785,27.348612785,0.000062591,false
002,49,1,26.416519165,-99.149780273,-125.566299438,125.566299438,0.000264175,false
002,49,2,-102.596221924,86.586097717,189.182319641,189.182319641,0.001025972,false
002,49,3,102.570632935,17.297035217,-85.273597717,85.273597717,0.001025716,false
002,49,4,-8.376560211,-1.939326286,6.437233925,6.437233925,0.000083776,false
002,49,5,-0.330249786,0.209650040,0.539899826,0.539899826,0.000003312,false
002,50,0,-6.039916515,-33.605247498,-27.565330982,27.565330982,0.000060409,false
002,50,1,25.483940125,-99.185020447,-124.668960571,124.668960571,0.000254849,false
002,50,2,-101.279190063,88.927246094,190.206436157,190.206436157,0.001012802,false
002,50,3,102.634063721,14.177997589,-88.456066132,88.456066132,0.001026351,false
002,50,4,-8.238391876,-1.623949051,6.614442825,6.614442825,0.000082394,false
002,50,5,-0.294303894,0.243471146,0.537775040,0.537775040,0.000002953,false
002,51,0,-5.820341587,-33.649330139,-27.828988552,27.828988552,0.000058213,false
002,51,1,24.645454407,-99.115219116,-123.760673523,123.760673523,0.000246465,false
002,51,2,-99.956314087,89.313018799,189.269332886,189.269332886,0.000999573,false
002,51,3,102.377914429,13.608123779,-88.769790649,88.769790649,0.001023789,false
002,51,4,-8.069246292,-1.578475714,6.490770578,6.490770578,0.000080702,false
002,51,5,-0.364486694,0.235963821,0.600450516,0.600450516,0.000003655,false
002,52,0,-5.712312698,-33.728401184,-28.016088486,28.016088486,0.000057133,false
002,52,1,23.886787415,-99.214355469,-123.101142883,123.101142883,0.000238878,false
002,52,2,-99.019699097,90.503044128,189.522743225,189.522743225,0.000990207,false
002,52,3,102.419166565,12.480773926,-89.938392639,89.938392639,0.001024202,false
002,52,4,-7.948935032,-1.645414829,6.303520203,6.303520203,0.000079499,false
002,52,5,-0.357131958,0.244628906,0.601760864,0.601760864,0.000003581,false
002,53,0,-5.400794506,-33.864360809,-28.463566303,28.463566303,0.000054018,false
002,53,1,22.606651306,-98.982604980,-121.589256287,121.589256287,0.000226077,false
002,53,2,-97.537841797,91.628173828,189.166015625,189.166015625,0.000975388,false
002,53,3,102.497528076,10.770103455,-91.727424622,91.727424622,0.001024985,false
002,53,4,-7.918056011,-1.427624345,6.490431666,6.490431666,0.000079191,false
002,53,5,-0.288784027,0.220865250,0.509649277,0.509649277,0.000002898,false
002,54,0,-5.211018085,-33.873596191,-28.662578106,28.662578106,0.000052120,false
002,54,1,22.080711365,-99.031738281,-121.112449646,121.112449646,0.000220817,false
002,54,2,-96.704452515,92.508575439,189.213027954,189.213027954,0.000967055,false
002,54,3,102.396591187,9.616998672,-92.779592514,92.779592514,0.001023976,false
002,54,4,-7.925548553,-1.435001969,6.490546584,6.490546584,0.000079265,false
002,54,5,-0.299392700,0.225137711,0.524530411,0.524530411,0.000003004,false
002,55,0,-4.795514584,-33.988796234,-29.193281651,29.193281651,0.000047965,false
002,55,1,20.062225342,-99.074310303,-119.136535645,119.136535645,0.000200632,false
002,55,2,-94.296691895,93.705657959,188.002349854,188.002349854,0.000942977,false
002,55,3,102.674591064,8.219831467,-94.454759598,94.454759598,0.001026756,false
002,55,4,-7.725151062,-1.365116000,6.360035062,6.360035062,0.000077262,false
002,55,5,-0.282745361,0.196025848,0.478771210,0.478771210,0.000002837,false
002,56,0,-4.289937019,-34.046775818,-29.756838799,29.756838799,0.000042909,false
002,56,1,17.888130188,-98.949874878,-116.838005066,116.838005066,0.000178891,false
002,56,2,-91.403320312,94.222770691,185.626091003,185.626091003,0.000914043,false
002,56,3,102.419998169,7.435300350,-94.984697819,94.984697819,0.001024210,false
002,56,4,-7.806074142,-1.373727202,6.432346940,6.432346940,0.000078071,false
002,56,5,-0.257316589,0.195343018,0.452659607,0.452659607,0.000002583,false
002,57,0,-3.997750044,-33.981151581,-29.983401537,29.983401537,0.000039988,false
002,57,1,16.476531982,-99.011657715,-115.488189697,115.488189697,0.000164775,false
002,57,2,-89.465408325,95.123016357,184.588424683,184.588424683,0.000894664,false
002,57,3,102.349533081,6.329290867,-96.020242214,96.020242214,0.001023505,false
002,57,4,-7.783923149,-1.292954683,6.490968466,6.490968466,0.000077849,false
002,57,5,-0.271965027,0.186254501,0.458219528,0.458219528,0.000002730,false
002,58,0,-4.035018444,-34.046119690,-30.011101246,30.011101246,0.000040360,false
002,58,1,16.451553345,-99.107727051,-115.559280396,115.559280396,0.000164526,false
002,58,2,-89.523559570,95.758972168,185.282531738,185.282531738,0.000895246,false
002,58,3,102.583015442,5.545891285,-97.037124157,97.037124157,0.001025840,false
002,58,4,-7.715499401,-1.372944474,6.342554927,6.342554927,0.000077165,false
002,58,5,-0.259021759,0.164566040,0.423587799,0.423587799,0.000002600,false
002,59,0,-3.445564270,-34.098899841,-30.653335571,30.653335571,0.000034466,false
002,59,1,13.607925415,-99.034210205,-112.642135620,112.642135620,0.000136089,false
002,59,2,-85.717987061,97.277801514,182.995788574,182.995788574,0.000857190,false
002,59,3,102.458572388,3.708496571,-98.750075817,98.750075817,0.001024596,false
002,59,4,-7.812622547,-1.371630669,6.440991879,6.440991879,0.000078136,false
002,59,5,-0.234226227,0.165597916,0.399824142,0.399824142,0.000002352,false
002,60,0,-2.930101871,-34.208702087,-31.278600216,31.278600216,0.000029311,false
002,60,1,10.433181763,-99.060974121,-109.494155884,109.494155884,0.000104342,false
002,60,2,-81.278411865,97.420242310,178.698654175,178.698654175,0.000812794,false
002,60,3,102.268951416,3.477383137,-98.791568279,98.791568279,0.001022700,false
002,60,4,-8.184652328,-1.491907120,6.692745209,6.692745209,0.000081857,false
002,60,5,-0.249679565,0.159715652,0.409395218,0.409395218,0.000002507,false
002,61,0,-2.678258419,-34.214187622,-31.535929203,31.535929203,0.000026793,false
002,61,1,8.247398376,-99.107917786,-107.355316162,107.355316162,0.000082484,false
002,61,2,-78.022415161,98.068305969,176.090721130,176.090721130,0.000780234,false
002,61,3,102.273132324,2.868608952,-99.404523373,99.404523373,0.001022741,false
002,61,4,-8.718928337,-1.619886518,7.099041820,7.099041820,0.000087199,false
002,61,5,-0.324810028,0.141559601,0.466369629,0.466369629,0.000003258,false
002,62,0,-2.365101814,-34.142505646,-31.777403831,31.777403831,0.000023661,false
002,62,1,6.103385925,-99.171493530,-105.274879456,105.274879456,0.000061044,false
002,62,2,-75.166809082,99.161705017,174.328514099,174.328514099,0.000751678,false
002,62,3,102.703750610,1.661947727,-101.041802883,101.041802883,0.001027048,false
002,62,4,-8.921442986,-1.751216888,7.170226097,7.170226097,0.000089224,false
002,62,5,-0.263942719,0.140806198,0.404748917,0.404748917,0.000002649,false
002,63,0,-2.178811550,-34.236824036,-32.058012486,32.058012486,0.000021798,false
002,63,1,3.602226257,-99.107116699,-102.709342957,102.709342957,0.000036032,false
002,63,2,-71.283966064,99.436225891,170.720191956,170.720191956,0.000712850,false
002,63,3,102.614135742,1.307638645,-101.306497097,101.306497097,0.001026151,false
002,63,4,-9.593677521,-1.876634359,7.717043161,7.717043161,0.000095947,false
002,63,5,-0.309597015,0.127180099,0.436777115,0.436777115,0.000003106,false
002,64,0,-1.888232231,-34.334926605,-32.446694374,32.446694374,0.000018892,false
002,64,1,0.691585541,-98.997299194,-99.688884735,99.688884735,0.000006926,false
002,64,2,-67.007858276,99.970558167,166.978416443,166.978416443,0.000670089,false
002,64,3,102.580711365,0.456735134,-102.123976231,102.123976231,0.001025817,false
002,64,4,-10.226310730,-1.999134421,8.227176309,8.227176309,0.000102273,false
002,64,5,-0.315116882,0.118961334,0.434078217,0.434078217,0.000003161,false
002,65,0,-1.828316927,-34.193782806,-32.365465879,32.365465879,0.000018293,false
002,65,1,-1.850009918,-99.092819214,-97.242809296,97.242809296,0.000018510,false
002,65,2,-63.020915985,100.413162231,163.434078217,163.434078217,0.000630219,false
002,65,3,102.919403076,0.200785160,-102.718617916,102.718617916,0.001029204,false
002,65,4,-10.951623917,-2.296108961,8.655514956,8.655514956,0.000109526,false
002,65,5,-0.255630493,0.115060806,0.370691299,0.370691299,0.000002566,false
002,66,0,-1.885429144,-34.199832916,-32.314403772,32.314403772,0.000018864,false
002,66,1,-2.894252777,-99.061950684,-96.167697906,96.167697906,0.000028953,false
002,66,2,-61.409763336,100.550674438,161.960437775,161.960437775,0.000614108,false
002,66,3,103.041290283,0.000193119,-103.041097164,103.041097164,0.001030423,false
002,66,4,-11.271961212,-2.427667618,8.844293594,8.844293594,0.000112730,false
002,66,5,-0.177070618,0.124204636,0.301275253,0.301275253,0.000001781,false
002,67,0,-1.753817320,-34.274635315,-32.520817995,32.520817995,0.000017548,false
002,67,1,-5.911193848,-99.119659424,-93.208465576,93.208465576,0.000059122,false
002,67,2,-57.076595306,100.850326538,157.926921844,157.926921844,0.000570776,false
002,67,3,103.063911438,-0.049209118,-103.113120556,103.113120556,0.001030649,false
002,67,4,-11.876137733,-2.796705008,9.079432726,9.079432726,0.000118771,false
002,67,5,-0.151332855,0.112514496,0.263847351,0.263847351,0.000001523,false
002,68,0,-1.927635431,-34.368446350,-32.440810919,32.440810919,0.000019286,false
002,68,1,-8.162326813,-99.170806885,-91.008480072,91.008480072,0.000081633,false
002,68,2,-53.503566742,101.060806274,154.564373016,154.564373016,0.000535046,false
002,68,3,103.163368225,-0.056426525,-103.219794750,103.219794750,0.001031644,false
002,68,4,-12.552566528,-3.169819832,9.382746696,9.382746696,0.000125536,false
002,68,5,-0.033569336,0.121849060,0.155418396,0.155418396,0.000000346,false
002,69,0,-2.160493374,-34.329307556,-32.168814182,32.168814182,0.000021615,false
002,69,1,-11.563705444,-99.203063965,-87.639358521,87.639358521,0.000115647,false
002,69,2,-48.425724030,101.266448975,149.692173004,149.692173004,0.000484267,false
002,69,3,103.267288208,-0.191252232,-103.458540440,103.458540440,0.001032683,false
002,69,4,-13.370840073,-3.342423916,10.028416157,10.028416157,0.000133718,false
002,69,5,0.161651611,0.137292862,-0.024358749,0.024358749,0.000001627,false
002,70,0,-2.313211918,-34.351219177,-32.038007259,32.038007259,0.000023142,false
002,70,1,-13.981174469,-99.212768555,-85.231594086,85.231594086,0.000139822,false
002,70,2,-45.004566193,101.417686462,146.422252655,146.422252655,0.000450056,false
002,70,3,103.254936218,0.059938431,-103.194997787,103.194997787,0.001032559,false
002,70,4,-13.728830338,-3.619064808,10.109765530,10.109765530,0.000137298,false
002,70,5,0.192272186,0.123147964,-0.069124222,0.069124222,0.000001933,false
002,71,0,-2.377989054,-34.450778961,-32.072789907,32.072789907,0.000023790,false
002,71,1,-16.213668823,-99.514991760,-83.301322937,83.301322937,0.000162147,false
002,71,2,-41.948749542,101.701591492,143.650341034,143.650341034,0.000419497,false
002,71,3,103.219131470,0.344785213,-102.874346256,102.874346256,0.001032201,false
002,71,4,-13.899864197,-4.337869167,9.561995029,9.561995029,0.000139009,false
002,71,5,0.274501801,0.139610291,-0.134891510,0.134891510,0.000002755,false
002,72,0,-2.458962202,-34.423301697,-31.964339495,31.964339495,0.000024600,false
002,72,1,-18.766288757,-99.255447388,-80.489158630,80.489158630,0.000187673,false
002,72,2,-38.288204193,101.689498901,139.977703094,139.977703094,0.000382892,false
002,72,3,103.095329285,0.533734798,-102.561594486,102.561594486,0.001030963,false
002,72,4,-13.889516830,-4.502834797,9.386682034,9.386682034,0.000138905,false
002,72,5,0.230445862,0.155941010,-0.074504852,0.074504852,0.000002314,false
002,73,0,-2.557135582,-34.460273743,-31.903138161,31.903138161,0.000025581,false
002,73,1,-20.527217865,-99.404991150,-78.877773285,78.877773285,0.000205282,false
002,73,2,-35.719600677,101.799438477,137.519039154,137.519039154,0.000357206,false
002,73,3,102.851936340,1.103625774,-101.748310566,101.748310566,0.001028529,false
002,73,4,-13.909676552,-5.172784805,8.736891747,8.736891747,0.000139107,false
002,73,5,0.211704254,0.156814575,-0.054889679,0.054889679,0.000002127,false
002,74,0,-2.569533348,-34.367992401,-31.798459053,31.798459053,0.000025705,false
002,74,1,-21.965206146,-99.460754395,-77.495548248,77.495548248,0.000219662,false
002,74,2,-33.696376801,101.849082947,135.545459747,135.545459747,0.000336974,false
002,74,3,102.653961182,1.168249607,-101.485711575,101.485711575,0.001026550,false
002,74,4,-13.798555374,-5.216085434,8.582469940,8.582469940,0.000137996,false
002,74,5,0.180683136,0.187120438,0.006437302,0.006437302,0.000001817,false
002,75,0,-2.612569332,-34.436935425,-31.824366093,31.824366093,0.000026136,false
002,75,1,-23.337001801,-99.541458130,-76.204456329,76.204456329,0.000233380,false
002,75,2,-31.895015717,101.859329224,133.754344940,133.754344940,0.000318960,false
002,75,3,102.363563538,1.883584499,-100.479979038,100.479979038,0.001023646,false
002,75,4,-13.704242706,-5.848470211,7.855772495,7.855772495,0.000137052,false
002,75,5,0.140861511,0.177717209,0.036855698,0.036855698,0.000001419,false
002,76,0,-2.659406424,-34.313022614,-31.653616190,31.653616190,0.000026604,false
002,76,1,-25.172519684,-99.551712036,-74.379192352,74.379192352,0.000251735,false
002,76,2,-29.353626251,101.886878967,131.240505219,131.240505219,0.000293546,false
002,76,3,101.748512268,2.615492344,-99.133019924,99.133019924,0.001017495,false
002,76,4,-13.536012650,-6.438164234,7.097848415,7.097848415,0.000135370,false
002,76,5,0.150825500,0.192890167,0.042064667,0.042064667,0.000001518,false
002,77,0,-2.668476820,-34.385536194,-31.717059374,31.717059374,0.000026695,false
002,77,1,-26.394506454,-99.619674683,-73.225168228,73.225168228,0.000263955,false
002,77,2,-27.993602753,101.964599609,129.958202362,129.958202362,0.000279946,false
002,77,3,101.384422302,3.506296635,-97.878125668,97.878125668,0.001013854,false
002,77,4,-13.312473297,-7.355371475,5.957101822,5.957101822,0.000133135,false
002,77,5,0.165031433,0.224945068,0.059913635,0.059913635,0.000001660,false
002,78,0,-2.668909550,-34.324935913,-31.656026363,31.656026363,0.000026699,false
002,78,1,-27.260883331,-99.652114868,-72.391231537,72.391231537,0.000272619,false
002,78,2,-26.719257355,101.798599243,128.517856598,128.517856598,0.000267203,false
002,78,3,101.333457947,4.385218143,-96.948239803,96.948239803,0.001013345,false
002,78,4,-13.209259033,-7.597581863,5.611677170,5.611677170,0.000132103,false
002,78,5,0.091434479,0.196475983,0.105041504,0.105041504,0.000000924,false
002,79,0,-2.757801294,-34.147819519,-31.390018225,31.390018225,0.000027588,false
002,79,1,-28.785923004,-99.644195557,-70.858272552,70.858272552,0.000287869,false
002,79,2,-24.816967010,101.829017639,126.645984650,126.645984650,0.000248180,false
002,79,3,100.784309387,5.316814899,-95.467494488,95.467494488,0.001007853,false
002,79,4,-13.006516457,-7.974480629,5.032035828,5.032035828,0.000130075,false
002,79,5,0.077186584,0.222023010,0.144836426,0.144836426,0.000000782,false
002,80,0,-2.777463436,-33.966148376,-31.188684940,31.188684940,0.000027785,false
002,80,1,-30.094264984,-99.643020630,-69.548755646,69.548755646,0.000300953,false
002,80,2,-23.208629608,101.770965576,124.979595184,124.979595184,0.000232096,false
002,80,3,100.308807373,6.300527096,-94.008280277,94.008280277,0.001003098,false
002,80,4,-12.727686882,-8.497117996,4.230568886,4.230568886,0.000127287,false
002,80,5,-0.038650513,0.237720490,0.276371002,0.276371002,0.000000397,false
002,81,0,-2.779110432,-33.748786926,-30.969676495,30.969676495,0.000027801,false
002,81,1,-30.776195526,-99.756835938,-68.980640411,68.980640411,0.000307772,false
002,81,2,-22.460803986,101.684005737,124.144809723,124.144809723,0.000224618,false
002,81,3,99.990776062,7.575250149,-92.415525913,92.415525913,0.000999918,false
002,81,4,-12.456589699,-8.705608368,3.750981331,3.750981331,0.000124576,false
002,81,5,-0.042724609,0.222400665,0.265125275,0.265125275,0.000000437,false
002,82,0,-2.751802921,-33.574176788,-30.822373867,30.822373867,0.000027528,false
002,82,1,-31.521612167,-99.508804321,-67.987192154,67.987192154,0.000315226,false
002,82,2,-21.441047668,101.556259155,122.997306824,122.997306824,0.000214420,false
002,82,3,99.710639954,8.601310730,-91.109329224,91.109329224,0.000997116,false
002,82,4,-12.285206795,-8.753562927,3.531643867,3.531643867,0.000122862,false
002,82,5,-0.042057037,0.201742172,0.243799210,0.243799210,0.000000431,false
002,83,0,-2.806989670,-33.386695862,-30.579706192,30.579706192,0.000028080,false
002,83,1,-32.704856873,-99.521415710,-66.816558838,66.816558838,0.000327059,false
002,83,2,-19.896965027,101.550384521,121.447349548,121.447349548,0.000198980,false
002,83,3,99.043869019,9.540416718,-89.503452301,89.503452301,0.000990449,false
002,83,4,-11.775281906,-8.842020035,2.933261871,2.933261871,0.000117763,false
002,83,5,-0.093349457,0.187585831,0.280935287,0.280935287,0.000000943,false
002,84,0,-2.818152905,-33.356166840,-30.538013935,30.538013935,0.000028192,false
002,84,1,-33.400115967,-99.398338318,-65.998222351,65.998222351,0.000334011,false
002,84,2,-19.100166321,101.450286865,120.550453186,120.550453186,0.000191012,false
002,84,3,98.390136719,9.851625443,-88.538511276,88.538511276,0.000983911,false
002,84,4,-11.277801514,-8.834721565,2.443079948,2.443079948,0.000112788,false
002,84,5,-0.200237274,0.184822083,0.385059357,0.385059357,0.000002012,false
002,85,0,-2.867317677,-33.068729401,-30.201411724,30.201411724,0.000028683,false
002,85,1,-34.529006958,-99.166717529,-64.637710571,64.637710571,0.000345300,false
002,85,2,-17.589992523,101.578109741,119.168102264,119.168102264,0.000175910,false
002,85,3,97.187812805,10.468872070,-86.718940735,86.718940735,0.000971888,false
002,85,4,-10.569796562,-8.903439522,1.666357040,1.666357040,0.000105708,false
002,85,5,-0.160812378,0.187799454,0.348611832,0.348611832,0.000001618,false
002,86,0,-2.996751308,-32.856491089,-29.859739780,29.859739780,0.000029978,false
002,86,1,-35.097370148,-99.243087769,-64.145717621,64.145717621,0.000350984,false
002,86,2,-16.629169464,101.416381836,118.045551300,118.045551300,0.000166302,false
002,86,3,96.418067932,11.344959259,-85.073108673,85.073108673,0.000964191,false
002,86,4,-9.979001999,-8.950088501,1.028913498,1.028913498,0.000099800,false
002,86,5,-0.240776062,0.207513809,0.448289871,0.448289871,0.000002418,false
002,87,0,-3.425826073,-32.671401978,-29.245575905,29.245575905,0.000034268,false
002,87,1,-35.958618164,-99.073196411,-63.114578247,63.114578247,0.000359596,false
002,87,2,-15.257076263,101.386230469,116.643306732,116.643306732,0.000152581,false
002,87,3,93.735229492,12.036561966,-81.698667526,81.698667526,0.000937362,false
002,87,4,-8.143096924,-8.931534767,-0.788437843,0.788437843,0.000081441,false
002,87,5,-0.417919159,0.194164276,0.612083435,0.612083435,0.000004189,false
002,88,0,-3.460986376,-32.520668030,-29.059681654,29.059681654,0.000034620,false
002,88,1,-35.906974792,-99.030899048,-63.123924255,63.123924255,0.000359080,false
002,88,2,-15.513500214,101.217483521,116.730983734,116.730983734,0.000155145,false
002,88,3,93.612617493,12.635545731,-80.977071762,80.977071762,0.000936136,false
002,88,4,-7.877200603,-8.979036331,-1.101835728,1.101835728,0.000078782,false
002,88,5,-0.388500214,0.201713562,0.590213776,0.590213776,0.000003895,false
002,89,0,-3.904255867,-32.229728699,-28.325472832,28.325472832,0.000039053,false
002,89,1,-36.587402344,-98.963325500,-62.375923157,62.375923157,0.000365884,false
002,89,2,-14.281185150,101.127418518,115.408603668,115.408603668,0.000142822,false
002,89,3,90.775413513,13.455474854,-77.319938660,77.319938660,0.000907764,false
002,89,4,-5.945962906,-8.983026505,-3.037063599,3.037063599,0.000059470,false
002,89,5,-0.444641113,0.211200714,0.655841827,0.655841827,0.000004456,false
002,90,0,-4.013666153,-32.041713715,-28.028047562,28.028047562,0.000040147,false
002,90,1,-37.004123688,-98.985351562,-61.981227875,61.981227875,0.000370051,false
002,90,2,-13.675079346,101.018325806,114.693405151,114.693405151,0.000136761,false
002,90,3,90.048912048,14.256013870,-75.792898178,75.792898178,0.000900499,false
002,90,4,-5.449351311,-8.987276077,-3.537924767,3.537924767,0.000054504,false
002,90,5,-0.505767822,0.238130569,0.743898392,0.743898392,0.000005068,false
002,91,0,-4.448477745,-31.794069290,-27.345591545,27.345591545,0.000044495,false
002,91,1,-37.174083710,-98.874145508,-61.700061798,61.700061798,0.000371751,false
002,91,2,-13.448352814,100.623580933,114.071933746,114.071933746,0.000134494,false
002,91,3,87.670066833,15.307405472,-72.362661362,72.362661362,0.000876711,false
002,91,4,-3.867523670,-8.973839760,-5.106316090,5.106316090,0.000038685,false
002,91,5,-0.352207184,0.243982315,0.596189499,0.596189499,0.000003532,false
002,92,0,-4.590105057,-31.648906708,-27.058801651,27.058801651,0.000045911,false
002,92,1,-37.257457733,-98.812301636,-61.554843903,61.554843903,0.000372585,false
002,92,2,-13.768875122,100.334320068,114.103195190,114.103195190,0.000137699,false
002,92,3,86.792236328,16.332735062,-70.459501266,70.459501266,0.000867932,false
002,92,4,-3.114201546,-8.960381508,-5.846179962,5.846179962,0.000031152,false
002,92,5,-0.282089233,0.272043228,0.554132462,0.554132462,0.000002831,false
002,93,0,-4.797775745,-31.500236511,-26.702460766,26.702460766,0.000047988,false
002,93,1,-37.497440338,-98.802154541,-61.304714203,61.304714203,0.000374984,false
002,93,2,-13.695114136,99.975097656,113.670211792,113.670211792,0.000136961,false
002,93,3,85.914360046,17.008651733,-68.905708313,68.905708313,0.000859154,false
002,93,4,-2.587587595,-8.984195709,-6.396608114,6.396608114,0.000025886,false
002,93,5,-0.326652527,0.271373749,0.598026276,0.598026276,0.000003277,false
002,94,0,-4.828395844,-31.375041962,-26.546646118,26.546646118,0.000048294,false
002,94,1,-37.273048401,-98.508934021,-61.235885620,61.235885620,0.000372740,false
002,94,2,-14.179843903,99.908996582,114.088840485,114.088840485,0.000141808,false
002,94,3,85.851020813,17.736162186,-68.114858627,68.114858627,0.000858520,false
002,94,4,-2.384373188,-9.012860298,-6.628487110,6.628487110,0.000023854,false
002,94,5,-0.321121216,0.284755707,0.605876923,0.605876923,0.000003221,false
002,95,0,-4.927343845,-31.319885254,-26.392541409,26.392541409,0.000049283,false
002,95,1,-37.423820496,-98.412460327,-60.988639832,60.988639832,0.000374248,false
002,95,2,-14.114566803,99.628677368,113.743244171,113.743244171,0.000141156,false
002,95,3,85.458412170,18.257253647,-67.201158524,67.201158524,0.000854594,false
002,95,4,-2.173058033,-9.015706062,-6.842648029,6.842648029,0.000021741,false
002,95,5,-0.347126007,0.327005386,0.674131393,0.674131393,0.000003481,false
002,96,0,-5.024575233,-31.302383423,-26.277808189,26.277808189,0.000050256,false
002,96,1,-37.221977234,-98.089721680,-60.867744446,60.867744446,0.000372230,false
002,96,2,-14.720169067,99.873344421,114.593513489,114.593513489,0.000147212,false
002,96,3,85.624374390,17.938995361,-67.685379028,67.685379028,0.000856254,false
002,96,4,-2.107553005,-9.040153503,-6.932600498,6.932600498,0.000021086,false
002,96,5,-0.194477081,0.372402191,0.566879272,0.566879272,0.000001955,false
002,97,0,-4.984541416,-31.189212799,-26.204671383,26.204671383,0.000049855,false
002,97,1,-37.344589233,-97.936386108,-60.591796875,60.591796875,0.000373456,false
002,97,2,-14.883499146,99.411827087,114.295326233,114.295326233,0.000148845,false
002,97,3,85.760238647,18.779453278,-66.980785370,66.980785370,0.000857612,false
002,97,4,-2.099316359,-9.077339172,-6.978022814,6.978022814,0.000021003,false
002,97,5,0.073471069,0.391427994,0.317956924,0.317956924,0.000000745,false
002,98,0,-5.071413994,-31.192359924,-26.120945930,26.120945930,0.000050724,false
002,98,1,-37.373275757,-97.819274902,-60.445999146,60.445999146,0.000373743,false
002,98,2,-15.058616638,99.335250854,114.393867493,114.393867493,0.000150596,false
002,98,3,85.658668518,19.181158066,-66.477510452,66.477510452,0.000856597,false
002,98,4,-2.122929811,-9.080449104,-6.957519293,6.957519293,0.000021239,false
002,98,5,0.367393494,0.415336609,0.047943115,0.047943115,0.000003684,false
002,99,0,-5.123485088,-31.142560959,-26.019075871,26.019075871,0.000051245,false
002,99,1,-37.500831604,-97.554855347,-60.054023743,60.054023743,0.000375018,false
002,99,2,-15.300655365,99.653045654,114.953701019,114.953701019,0.000153017,false
002,99,3,85.936622620,18.442306519,-67.494316101,67.494316101,0.000859376,false
002,99,4,-2.160061598,-9.102890968,-6.942829370,6.942829370,0.000021611,false
002,99,5,3.112518311,0.447765350,-2.664752960,2.664752960,0.000031135,false
003,0,0,-3.105345726,-33.803344727,-30.697999001,30.697999001,0.000031063,false
003,0,1,11.489082336,-76.095550537,-87.584632874,87.584632874,0.000114901,false
003,0,2,-82.652374268,96.131866455,178.784240723,178.784240723,0.000826534,false
003,0,3,103.143707275,1.858163357,-101.285543919,101.285543919,0.001031447,false
003,0,4,-8.961112976,-5.073417664,3.887695312,3.887695312,0.000089621,false
003,0,5,-0.044658661,61.261810303,61.306468964,61.306468964,0.000000457,false
003,1,0,-3.098164558,-33.958152771,-30.859988213,30.859988213,0.000030992,false
003,1,1,11.063583374,-77.444534302,-88.508117676,88.508117676,0.000110646,false
003,1,2,-81.603225708,96.200332642,177.803558350,177.803558350,0.000816042,false
003,1,3,103.110572815,3.691087246,-99.419485569,99.419485569,0.001031116,false
003,1,4,-9.157198906,-5.198612213,3.958586693,3.958586693,0.000091582,false
003,1,5,-0.111103058,61.893383026,62.004486084,62.004486084,0.000001121,false
003,2,0,-3.074999332,-34.257030487,-31.182031155,31.182031155,0.000030760,false
003,2,1,10.515258789,-76.910499573,-87.425758362,87.425758362,0.000105163,false
003,2,2,-80.694671631,95.339126587,176.033798218,176.033798218,0.000806957,false
003,2,3,103.143203735,4.652354717,-98.490849018,98.490849018,0.001031442,false
003,2,4,-9.293228149,-5.296626091,3.996602058,3.996602058,0.000092942,false
003,2,5,-0.301765442,62.801448822,63.103214264,63.103214264,0.000003028,false
003,3,0,-2.930623055,-34.505172729,-31.574549675,31.574549675,0.000029316,false
003,3,1,8.939125061,-75.694580078,-84.633705139,84.633705139,0.000089401,false
003,3,2,-78.111282349,94.145370483,172.256652832,172.256652832,0.000781123,false
003,3,3,103.059432983,5.082565784,-97.976867199,97.976867199,0.001030604,false
003,3,4,-9.475398064,-5.416979790,4.058418274,4.058418274,0.000094764,false
003,3,5,-0.333553314,63.337215424,63.670768738,63.670768738,0.000003346,false
003,4,0,-2.650564909,-34.773963928,-32.123399019,32.123399019,0.000026516,false
003,4,1,6.392993927,-74.469963074,-80.862957001,80.862957001,0.000063940,false
003,4,2,-74.550003052,93.263755798,167.813758850,167.813758850,0.000745510,false
003,4,3,102.918571472,5.407185078,-97.511386395,97.511386395,0.001029196,false
003,4,4,-9.764556885,-5.510842323,4.253714561,4.253714561,0.000097656,false
003,4,5,-0.487743378,63.567695618,64.055438995,64.055438995,0.000004887,false
003,5,0,-2.474637747,-34.885837555,-32.411199808,32.411199808,0.000024756,false
003,5,1,4.495399475,-73.884353638,-78.379753113,78.379753113,0.000044964,false
003,5,2,-71.618240356,91.475250244,163.093490601,163.093490601,0.000716192,false
003,5,3,102.814445496,6.647619724,-96.166825771,96.166825771,0.001028154,false
003,5,4,-10.048755646,-5.682418823,4.366336823,4.366336823,0.000100498,false
003,5,5,-0.521629333,63.948268890,64.469898224,64.469898224,0.000005226,false
003,6,0,-2.309324980,-35.005897522,-32.696572542,32.696572542,0.000023103,false
003,6,1,2.728923798,-73.740890503,-76.469814301,76.469814301,0.000027299,false
003,6,2,-69.103057861,90.346450806,159.449508667,159.449508667,0.000691041,false
003,6,3,102.777366638,7.703751087,-95.073615551,95.073615551,0.001027784,false
003,6,4,-10.171787262,-5.837519646,4.334267616,4.334267616,0.000101728,false
003,6,5,-0.600681305,64.445678711,65.046360016,65.046360016,0.000006017,false
003,7,0,-2.051304340,-35.056625366,-33.005321026,33.005321026,0.000020523,false
003,7,1,-1.058589935,-73.796356201,-72.737766266,72.737766266,0.000010596,false
003,7,2,-63.827503204,87.296104431,151.123607635,151.123607635,0.000638285,false
003,7,3,102.798622131,10.906641006,-91.891981125,91.891981125,0.001027996,false
003,7,4,-10.841685295,-6.118339539,4.723345757,4.723345757,0.000108427,false
003,7,5,-0.553146362,65.094528198,65.647674561,65.647674561,0.000005541,false
003,8,0,-1.958899021,-35.039421082,-33.080522060,33.080522060,0.000019599,false
003,8,1,-3.825004578,-74.402435303,-70.577430725,70.577430725,0.000038260,false
003,8,2,-59.759777069,85.918258667,145.678035736,145.678035736,0.000597608,false
003,8,3,102.863548279,13.184856415,-89.678691864,89.678691864,0.001028645,false
003,8,4,-11.558721542,-6.235556126,5.323165417,5.323165417,0.000115597,false
003,8,5,-0.437831879,65.189918518,65.627750397,65.627750397,0.000004388,false
003,9,0,-1.821947098,-34.914733887,-33.092786789,33.092786789,0.000018229,false
003,9,1,-6.914867401,-74.829895020,-67.915027618,67.915027618,0.000069159,false
003,9,2,-55.610729218,82.779113770,138.389842987,138.389842987,0.000556117,false
003,9,3,102.797004700,17.135431290,-85.661573410,85.661573410,0.001027980,false
003,9,4,-11.849650383,-6.587900639,5.261749744,5.261749744,0.000118507,false
003,9,5,-0.331375122,65.370742798,65.702117920,65.702117920,0.000003324,false
003,10,0,-1.846945047,-34.918949127,-33.072004080,33.072004080,0.000018479,false
003,10,1,-7.818038940,-75.272384644,-67.454345703,67.454345703,0.000078190,false
003,10,2,-54.262752533,80.265060425,134.527812958,134.527812958,0.000542638,false
003,10,3,102.750343323,20.536125183,-82.214218140,82.214218140,0.001027513,false
003,10,4,-11.929482460,-6.822438240,5.107044220,5.107044220,0.000119305,false
003,10,5,-0.334102631,65.389640808,65.723743439,65.723743439,0.000003351,false
003,11,0,-1.807527542,-34.718620300,-32.911092758,32.911092758,0.000018085,false
003,11,1,-10.407039642,-75.727767944,-65.320728302,65.320728302,0.000104080,false
003,11,2,-50.682979584,75.379943848,126.062923431,126.062923431,0.000506840,false
003,11,3,102.653144836,26.745542526,-75.907602310,75.907602310,0.001026541,false
003,11,4,-12.486226082,-7.274121284,5.212104797,5.212104797,0.000124872,false
003,11,5,-0.198246002,65.270416260,65.468662262,65.468662262,0.000001992,false
003,12,0,-1.901490927,-34.616661072,-32.715170145,32.715170145,0.000019025,false
003,12,1,-12.639472961,-76.051971436,-63.412498474,63.412498474,0.000126405,false
003,12,2,-47.415172577,74.538124084,121.953296661,121.953296661,0.000474162,false
003,12,3,102.563194275,28.064344406,-74.498849869,74.498849869,0.001025642,false
003,12,4,-12.862627983,-7.273344040,5.589283943,5.589283943,0.000128636,false
003,12,5,-0.112373352,65.417175293,65.529548645,65.529548645,0.000001134,false
003,13,0,-1.985573292,-34.329380035,-32.343806744,32.343806744,0.000019866,false
003,13,1,-14.882057190,-76.400489807,-61.518432617,61.518432617,0.000148831,false
003,13,2,-44.287311554,68.648895264,112.936206818,112.936206818,0.000442883,false
003,13,3,102.432273865,36.026615143,-66.405658722,66.405658722,0.001024333,false
003,13,4,-13.251281738,-7.537216187,5.714065552,5.714065552,0.000132523,false
003,13,5,-0.080513000,64.939331055,65.019844055,65.019844055,0.000000815,false
003,14,0,-2.048985481,-33.715633392,-31.666647911,31.666647911,0.000020500,false
003,14,1,-16.711708069,-76.949584961,-60.237876892,60.237876892,0.000167127,false
003,14,2,-41.663150787,63.885242462,105.548393250,105.548393250,0.000416642,false
003,14,3,102.406044006,42.227615356,-60.178428650,60.178428650,0.001024070,false
003,14,4,-13.436802864,-7.603173256,5.833629608,5.833629608,0.000134378,false
003,14,5,0.009338379,64.254943848,64.245605469,64.245605469,0.000000103,false
003,15,0,-2.268113136,-33.179748535,-30.911635399,30.911635399,0.000022691,false
003,15,1,-19.218780518,-76.959350586,-57.740570068,57.740570068,0.000192198,false
003,15,2,-37.857807159,61.189567566,99.047374725,99.047374725,0.000378588,false
003,15,3,102.421348572,45.468093872,-56.953254700,56.953254700,0.001024223,false
003,15,4,-13.599323273,-7.572070122,6.027253151,6.027253151,0.000136003,false
003,15,5,0.107940674,63.937355042,63.829414368,63.829414368,0.000001089,false
003,16,0,-2.219137907,-32.798973083,-30.579835176,30.579835176,0.000022201,false
003,16,1,-20.233509064,-77.403938293,-57.170429230,57.170429230,0.000202345,false
003,16,2,-36.458103180,57.661834717,94.119937897,94.119937897,0.000364591,false
003,16,3,102.242675781,49.826145172,-52.416530609,52.416530609,0.001022437,false
003,16,4,-13.677898407,-7.409964561,6.267933846,6.267933846,0.000136789,false
003,16,5,0.123443604,63.047901154,62.924457550,62.924457550,0.000001244,false
003,17,0,-2.316757679,-31.946926117,-29.630168438,29.630168438,0.000023178,false
003,17,1,-21.152843475,-77.710685730,-56.557842255,56.557842255,0.000211538,false
003,17,2,-35.236957550,55.303215027,90.540172577,90.540172577,0.000352380,false
003,17,3,102.122291565,52.486541748,-49.635749817,49.635749817,0.001021233,false
003,17,4,-13.678997993,-7.110315323,6.568682671,6.568682671,0.000136800,false
003,17,5,0.091213226,62.495258331,62.404045105,62.404045105,0.000000922,false
003,18,0,-2.400184393,-30.851104736,-28.450920343,28.450920343,0.000024012,false
003,18,1,-23.204402924,-78.642272949,-55.437870026,55.437870026,0.000232054,false
003,18,2,-32.218509674,51.900367737,84.118877411,84.118877411,0.000322195,false
003,18,3,101.856994629,57.324317932,-44.532676697,44.532676697,0.001018580,false
003,18,4,-13.749670982,-6.834173203,6.915497780,6.915497780,0.000137507,false
003,18,5,0.207260132,61.033962250,60.826702118,60.826702118,0.000002083,false
003,19,0,-2.510443926,-29.589626312,-27.079182386,27.079182386,0.000025114,false
003,19,1,-24.859907150,-79.750686646,-54.890779495,54.890779495,0.000248609,false
003,19,2,-30.073215485,49.670448303,79.743663788,79.743663788,0.000300742,false
003,19,3,101.537292480,61.088012695,-40.449279785,40.449279785,0.001015383,false
003,19,4,-13.564105034,-6.594570637,6.969534397,6.969534397,0.000135651,false
003,19,5,0.161716461,59.649768829,59.488052368,59.488052368,0.000001627,false
003,20,0,-2.552320957,-28.565593719,-26.013272762,26.013272762,0.000025533,false
003,20,1,-26.247539520,-80.489608765,-54.242069244,54.242069244,0.000262485,false
003,20,2,-28.049106598,48.780212402,76.829319000,76.829319000,0.000280501,false
003,20,3,101.212463379,62.185516357,-39.026947021,39.026947021,0.001012135,false
003,20,4,-13.404282570,-6.250872612,7.153409958,7.153409958,0.000134053,false
003,20,5,0.238746643,58.540588379,58.301841736,58.301841736,0.000002397,false
003,21,0,-2.616918564,-26.800231934,-24.183313370,24.183313370,0.000026179,false
003,21,1,-27.368942261,-80.924621582,-53.555679321,53.555679321,0.000273699,false
003,21,2,-26.484539032,48.309867859,74.794406891,74.794406891,0.000264855,false
003,21,3,100.971061707,62.936912537,-38.034149170,38.034149170,0.001009721,false
003,21,4,-13.244311333,-5.813785553,7.430525780,7.430525780,0.000132453,false
003,21,5,0.291336060,56.504848480,56.213512421,56.213512421,0.000002923,false
003,22,0,-2.633130550,-24.415853500,-21.782722950,21.782722950,0.000026341,false
003,22,1,-28.711217880,-81.650421143,-52.939203262,52.939203262,0.000287122,false
003,22,2,-24.756153107,47.365066528,72.121219635,72.121219635,0.000247572,false
003,22,3,100.547843933,63.588691711,-36.959152222,36.959152222,0.001005488,false
003,22,4,-12.920318604,-5.097609997,7.822708607,7.822708607,0.000129213,false
003,22,5,0.310684204,54.231960297,53.921276093,53.921276093,0.000003117,false
003,23,0,-2.759849310,-22.463699341,-19.703850031,19.703850031,0.000027608,false
003,23,1,-30.378404617,-81.729202271,-51.350797653,51.350797653,0.000303794,false
003,23,2,-22.631404877,47.371025085,70.002429962,70.002429962,0.000226324,false
003,23,3,99.815406799,62.193534851,-37.621871948,37.621871948,0.000998164,false
003,23,4,-12.362316132,-4.618445396,7.743870735,7.743870735,0.000123633,false
003,23,5,0.201305389,51.899555206,51.698249817,51.698249817,0.000002023,false
003,24,0,-2.780122519,-20.931241989,-18.151119471,18.151119471,0.000027811,false
003,24,1,-31.137161255,-81.578506470,-50.441345215,50.441345215,0.000311382,false
003,24,2,-21.792522430,47.507423401,69.299945831,69.299945831,0.000217935,false
003,24,3,99.299034119,61.122940063,-38.176094055,38.176094055,0.000993000,false
003,24,4,-11.981197357,-4.186889172,7.794308186,7.794308186,0.000119822,false
003,24,5,0.163719177,50.426994324,50.263275146,50.263275146,0.000001647,false
003,25,0,-2.841938734,-17.979591370,-15.137652636,15.137652636,0.000028429,false
003,25,1,-32.298065186,-81.150726318,-48.852661133,48.852661133,0.000322991,false
003,25,2,-20.228542328,47.367542267,67.596084595,67.596084595,0.000202295,false
003,25,3,98.533454895,60.137962341,-38.395492554,38.395492554,0.000985345,false
003,25,4,-11.558389664,-3.847002983,7.711386681,7.711386681,0.000115594,false
003,25,5,0.171138763,47.686443329,47.515304565,47.515304565,0.000001721,false
003,26,0,-2.932752371,-16.105573654,-13.172821283,13.172821283,0.000029338,false
003,26,1,-34.126426697,-80.635780334,-46.509353638,46.509353638,0.000341274,false
003,26,2,-18.105056763,47.789718628,65.894775391,65.894775391,0.000181061,false
003,26,3,97.032501221,57.990081787,-39.042419434,39.042419434,0.000970335,false
003,26,4,-10.697435379,-3.560489893,7.136945486,7.136945486,0.000106984,false
003,26,5,0.122604370,45.903759003,45.781154633,45.781154633,0.000001236,false
003,27,0,-3.049494743,-15.374300957,-12.324806213,12.324806213,0.000030505,false
003,27,1,-35.434501648,-79.455146790,-44.020645142,44.020645142,0.000354355,false
003,27,2,-16.655632019,48.570022583,65.225654602,65.225654602,0.000166566,false
003,27,3,95.130699158,55.027019501,-40.103679657,40.103679657,0.000951317,false
003,27,4,-9.645957947,-3.119655132,6.526302814,6.526302814,0.000096470,false
003,27,5,0.065280914,44.367805481,44.302524567,44.302524567,0.000000663,false
003,28,0,-3.204204082,-13.085680008,-9.881475925,9.881475925,0.000032052,false
003,28,1,-35.785034180,-77.937454224,-42.152420044,42.152420044,0.000357860,false
003,28,2,-15.985687256,48.480747223,64.466434479,64.466434479,0.000159867,false
003,28,3,94.066680908,52.911907196,-41.154773712,41.154773712,0.000940677,false
003,28,4,-8.911447525,-3.017509699,5.893937826,5.893937826,0.000089124,false
003,28,5,0.045120239,42.025764465,41.980644226,41.980644226,0.000000461,false
003,29,0,-3.454095840,-12.088081360,-8.633985519,8.633985519,0.000034551,false
003,29,1,-36.711257935,-77.320343018,-40.609085083,40.609085083,0.000367123,false
003,29,2,-14.553791046,48.714103699,63.267894745,63.267894745,0.000145548,false
003,29,3,92.157852173,51.209564209,-40.948287964,40.948287964,0.000921589,false
003,29,4,-7.765265465,-3.004800797,4.760464668,4.760464668,0.000077663,false
003,29,5,0.025127411,41.163459778,41.138332367,41.138332367,0.000000261,false
003,30,0,-3.672020912,-9.998002052,-6.325981140,6.325981140,0.000036730,false
003,30,1,-37.041038513,-74.027473450,-36.986434937,36.986434937,0.000370420,false
003,30,2,-13.939109802,48.283027649,62.222137451,62.222137451,0.000139401,false
003,30,3,90.750724792,47.833568573,-42.917156219,42.917156219,0.000907517,false
003,30,4,-6.761257172,-2.946453571,3.814803600,3.814803600,0.000067623,false
003,30,5,-0.018592834,39.147167206,39.165760040,39.165760040,0.000000196,false
003,31,0,-3.776494026,-9.004684448,-5.228190422,5.228190422,0.000037775,false
003,31,1,-37.222347260,-70.668327332,-33.445980072,33.445980072,0.000372233,false
003,31,2,-13.651733398,46.992370605,60.644104004,60.644104004,0.000136527,false
003,31,3,89.951461792,45.392303467,-44.559158325,44.559158325,0.000899525,false
003,31,4,-6.270706654,-2.762093067,3.508613586,3.508613586,0.000062717,false
003,31,5,0.106056213,38.022758484,37.916702271,37.916702271,0.000001071,false
003,32,0,-4.169155121,-8.330832481,-4.161677361,4.161677361,0.000041702,false
003,32,1,-37.136558533,-68.237693787,-31.101135254,31.101135254,0.000371376,false
003,32,2,-13.613681793,46.565238953,60.178920746,60.178920746,0.000136147,false
003,32,3,88.102005005,42.913875580,-45.188129425,45.188129425,0.000881030,false
003,32,4,-4.664483070,-2.701329470,1.963153601,1.963153601,0.000046655,false
003,32,5,0.156230927,37.326919556,37.170688629,37.170688629,0.000001572,false
003,33,0,-4.406828403,-6.931803703,-2.524975300,2.524975300,0.000044078,false
003,33,1,-37.081634521,-63.418636322,-26.337001801,26.337001801,0.000370826,false
003,33,2,-13.882534027,44.510932922,58.393466949,58.393466949,0.000138835,false
003,33,3,86.989440918,40.322395325,-46.667045593,46.667045593,0.000869904,false
003,33,4,-3.630811214,-2.900143623,0.730667591,0.730667591,0.000036318,false
003,33,5,0.275318146,35.901733398,35.626415253,35.626415253,0.000002763,false
003,34,0,-4.630496025,-6.722260475,-2.091764450,2.091764450,0.000046315,false
003,34,1,-37.431274414,-61.026813507,-23.595539093,23.595539093,0.000374323,false
003,34,2,-13.658855438,42.995193481,56.654048920,56.654048920,0.000136599,false
003,34,3,85.911453247,40.321563721,-45.589889526,45.589889526,0.000859125,false
003,34,4,-2.880846024,-2.921249151,-0.040403128,0.040403128,0.000028818,false
003,34,5,0.244514465,35.618007660,35.373493195,35.373493195,0.000002455,false
003,35,0,-4.849682808,-6.041422844,-1.191740036,1.191740036,0.000048507,false
003,35,1,-36.830371857,-58.148574829,-21.318202972,21.318202972,0.000368314,false
003,35,2,-14.901004791,40.985496521,55.886501312,55.886501312,0.000149020,false
003,35,3,85.690109253,39.931690216,-45.758419037,45.758419037,0.000856911,false
003,35,4,-2.372876167,-2.945058346,-0.572182178,0.572182178,0.000023739,false
003,35,5,0.288360596,35.032291412,34.743930817,34.743930817,0.000002894,false
003,36,0,-4.977927208,-5.309783936,-0.331856728,0.331856728,0.000049789,false
003,36,1,-36.543853760,-51.494899750,-14.951045990,14.951045990,0.000365449,false
003,36,2,-15.371280670,37.280380249,52.651660919,52.651660919,0.000153723,false
003,36,3,85.673439026,37.796520233,-47.876918793,47.876918793,0.000856744,false
003,36,4,-2.274209499,-2.845893383,-0.571683884,0.571683884,0.000022752,false
003,36,5,0.210659027,34.607379913,34.396720886,34.396720886,0.000002117,false
003,37,0,-5.088747501,-4.912863731,0.175883770,0.175883770,0.000050897,false
003,37,1,-36.557807922,-48.552513123,-11.994705200,11.994705200,0.000365588,false
003,37,2,-15.331771851,35.083683014,50.415454865,50.415454865,0.000153328,false
003,37,3,85.516571045,37.822456360,-47.694114685,47.694114685,0.000855176,false
003,37,4,-2.261073112,-2.870774031,-0.609700918,0.609700918,0.000022621,false
003,37,5,0.187934875,34.405605316,34.217670441,34.217670441,0.000001889,false
003,38,0,-5.140333652,-5.079724312,0.060609341,0.060609341,0.000051413,false
003,38,1,-36.341529846,-45.585350037,-9.243820190,9.243820190,0.000363425,false
003,38,2,-15.608470917,32.678344727,48.286815643,48.286815643,0.000156095,false
003,38,3,85.509651184,38.385387421,-47.124263763,47.124263763,0.000855107,false
003,38,4,-2.291965485,-2.796837807,-0.504872322,0.504872322,0.000022930,false
003,38,5,0.191547394,34.356300354,34.164752960,34.164752960,0.000001925,false
003,39,0,-5.181985855,-4.799303055,0.382682800,0.382682800,0.000051830,false
003,39,1,-36.276679993,-42.481346130,-6.204666138,6.204666138,0.000362777,false
003,39,2,-15.736896515,30.616645813,46.353542328,46.353542328,0.000157379,false
003,39,3,85.524932861,37.464561462,-48.060371399,48.060371399,0.000855259,false
003,39,4,-2.329486370,-2.558526754,-0.229040384,0.229040384,0.000023305,false
003,39,5,0.295352936,34.345802307,34.050449371,34.050449371,0.000002964,false
003,40,0,-5.236176014,-4.803730011,0.432446003,0.432446003,0.000052372,false
003,40,1,-36.382198334,-36.508411407,-0.126213074,0.126213074,0.000363832,false
003,40,2,-15.589191437,25.597450256,41.186641693,41.186641693,0.000155902,false
003,40,3,85.332992554,38.069286346,-47.263706207,47.263706207,0.000853340,false
003,40,4,-2.349891663,-2.430228233,-0.080336571,0.080336571,0.000023509,false
003,40,5,0.271987915,34.333206177,34.061218262,34.061218262,0.000002730,false
003,41,0,-5.234703541,-4.482647896,0.752055645,0.752055645,0.000052357,false
003,41,1,-36.095966339,-33.128276825,2.967689514,2.967689514,0.000360970,false
003,41,2,-16.112949371,22.588706970,38.701656342,38.701656342,0.000161139,false
003,41,3,85.750732422,38.446155548,-47.304576874,47.304576874,0.000857517,false
003,41,4,-2.383688211,-2.316475630,0.067212582,0.067212582,0.000023847,false
003,41,5,0.728042603,34.331836700,33.603794098,33.603794098,0.000007290,false
003,42,0,-5.252844810,-4.048049927,1.204794884,1.204794884,0.000052538,false
003,42,1,-36.143218994,-28.568767548,7.574451447,7.574451447,0.000361442,false
003,42,2,-16.033241272,18.790447235,34.823688507,34.823688507,0.000160342,false
003,42,3,85.671043396,37.805782318,-47.865261078,47.865261078,0.000856720,false
003,42,4,-2.400950432,-2.096392632,0.304557800,0.304557800,0.000024020,false
003,42,5,0.812786102,34.130874634,33.318088531,33.318088531,0.000008138,false
003,43,0,-5.250047207,-4.158592224,1.091454983,1.091454983,0.000052510,false
003,43,1,-36.034500122,-28.830383301,7.204116821,7.204116821,0.000360355,false
003,43,2,-16.229473114,18.927196503,35.156669617,35.156669617,0.000162305,false
003,43,3,85.906242371,38.051620483,-47.854621887,47.854621887,0.000859072,false
003,43,4,-2.452715635,-2.048876286,0.403839350,0.403839350,0.000024537,false
003,43,5,4.582675934,34.116867065,29.534191132,29.534191132,0.000045837,false
003,44,0,-5.267652512,-4.193423271,1.074229240,1.074229240,0.000052687,false
003,44,1,-36.132297516,-24.478673935,11.653623581,11.653623581,0.000361333,false
003,44,2,-16.144363403,14.555076599,30.699440002,30.699440002,0.000161454,false
003,44,3,85.905227661,38.391475677,-47.513751984,47.513751984,0.000859062,false
003,44,4,-2.445416451,-1.404670119,1.040746331,1.040746331,0.000024464,false
003,44,5,6.364784241,34.348503113,27.983718872,27.983718872,0.000063658,false
003,45,0,-5.246861458,-4.253813744,0.993047714,0.993047714,0.000052479,false
003,45,1,-36.061286926,-23.289407730,12.771879196,12.771879196,0.000360623,false
003,45,2,-16.325283051,13.524692535,29.849975586,29.849975586,0.000163263,false
003,45,3,86.109970093,38.168117523,-47.941852570,47.941852570,0.000861110,false
003,45,4,-2.449504375,-1.178193808,1.271310568,1.271310568,0.000024505,false
003,45,5,11.717315674,34.417461395,22.700145721,22.700145721,0.000117183,false
003,46,0,-5.286177635,-3.811742783,1.474434853,1.474434853,0.000052872,false
003,46,1,-35.986557007,-20.705587387,15.280969620,15.280969620,0.000359876,false
003,46,2,-16.414623260,11.089832306,27.504455566,27.504455566,0.000164156,false
003,46,3,86.225837708,37.928707123,-48.297130585,48.297130585,0.000862268,false
003,46,4,-2.472341537,-0.645720243,1.826621294,1.826621294,0.000024733,false
003,46,5,17.626794815,34.493034363,16.866239548,16.866239548,0.000176278,false
003,47,0,-5.307300568,-3.489062309,1.818238258,1.818238258,0.000053083,false
003,47,1,-35.940593719,-19.628051758,16.312541962,16.312541962,0.000359416,false
003,47,2,-16.462459564,10.104198456,26.566658020,26.566658020,0.000164635,false
003,47,3,86.287971497,37.458480835,-48.829490662,48.829490662,0.000862890,false
003,47,4,-2.456255198,-0.374003410,2.082251787,2.082251787,0.000024573,false
003,47,5,23.219455719,34.556461334,11.337005615,11.337005615,0.000232205,false
003,48,0,-5.377989292,-3.437640190,1.940349102,1.940349102,0.000053790,false
003,48,1,-36.098850250,-18.332460403,17.766389847,17.766389847,0.000360999,false
003,48,2,-16.308746338,8.329212189,24.637958527,24.637958527,0.000163097,false
003,48,3,86.223983765,37.604808807,-48.619174957,48.619174957,0.000862250,false
003,48,4,-2.475906849,0.093352318,2.569259167,2.569259167,0.000024769,false
003,48,5,28.976236343,34.814117432,5.837881088,5.837881088,0.000289772,false
003,49,0,-5.361588955,-3.115409851,2.246179104,2.246179104,0.000053626,false
003,49,1,-36.080566406,-17.572650909,18.507915497,18.507915497,0.000360816,false
003,49,2,-16.317512512,8.036193848,24.353706360,24.353706360,0.000163185,false
003,49,3,86.235260010,36.847709656,-49.387550354,49.387550354,0.000862363,false
003,49,4,-2.471215963,0.312246561,2.783462524,2.783462524,0.000024722,false
003,49,5,27.995162964,34.779285431,6.784122467,6.784122467,0.000279962,false
003,50,0,-5.427167416,-3.137598038,2.289569378,2.289569378,0.000054282,false
003,50,1,-36.142635345,-17.022167206,19.120468140,19.120468140,0.000361436,false
003,50,2,-16.245826721,7.202758789,23.448585510,23.448585510,0.000162468,false
003,50,3,86.161964417,36.966262817,-49.195701599,49.195701599,0.000861630,false
003,50,4,-2.494426250,0.537173033,3.031599283,3.031599283,0.000024954,false
003,50,5,35.507747650,34.831493378,-0.676254272,0.676254272,0.000355087,false
003,51,0,-5.514460564,-2.870719910,2.643740654,2.643740654,0.000055155,false
003,51,1,-36.189888000,-16.104001999,20.085886002,20.085886002,0.000361909,false
003,51,2,-16.156253815,6.433052063,22.589305878,22.589305878,0.000161573,false
003,51,3,86.085647583,36.386569977,-49.699077606,49.699077606,0.000860866,false
003,51,4,-2.509036541,0.740161896,3.249198437,3.249198437,0.000025100,false
003,51,5,39.733547211,34.800178528,-4.933368683,4.933368683,0.000397345,false
003,52,0,-5.594971657,-2.901234627,2.693737030,2.693737030,0.000055960,false
003,52,1,-36.120506287,-15.839902878,20.280603409,20.280603409,0.000361215,false
003,52,2,-16.208240509,6.147670746,22.355911255,22.355911255,0.000162092,false
003,52,3,86.119125366,36.282581329,-49.836544037,49.836544037,0.000861201,false
003,52,4,-2.517599583,0.857200146,3.374799728,3.374799728,0.000025186,false
003,52,5,44.215873718,34.847290039,-9.368583679,9.368583679,0.000442169,false
003,53,0,-5.624812603,-2.339985847,3.284826756,3.284826756,0.000056258,false
003,53,1,-36.160324097,-14.677621841,21.482702255,21.482702255,0.000361613,false
003,53,2,-16.145427704,5.356166840,21.501594543,21.501594543,0.000161464,false
003,53,3,86.081192017,34.915359497,-51.165832520,51.165832520,0.000860822,false
003,53,4,-2.524959087,1.387313604,3.912272692,3.912272692,0.000025260,false
003,53,5,45.085803986,34.899795532,-10.186008453,10.186008453,0.000450868,false
003,54,0,-5.687461376,-2.576517105,3.110944271,3.110944271,0.000056885,false
003,54,1,-36.154609680,-14.604215622,21.550394058,21.550394058,0.000361556,false
003,54,2,-16.137866974,4.986904144,21.124771118,21.124771118,0.000161389,false
003,54,3,86.025856018,35.150535583,-50.875320435,50.875320435,0.000860269,false
003,54,4,-2.535996675,1.415342093,3.951338768,3.951338768,0.000025370,false
003,54,5,47.512184143,34.861270905,-12.650913239,12.650913239,0.000475132,false
003,55,0,-5.691261768,-2.373750687,3.317511082,3.317511082,0.000056923,false
003,55,1,-36.070632935,-14.099925995,21.970706940,21.970706940,0.000360716,false
003,55,2,-16.242889404,4.677536011,20.920425415,20.920425415,0.000162439,false
003,55,3,86.050048828,34.617126465,-51.432922363,51.432922363,0.000860510,false
003,55,4,-2.521055698,1.653080702,4.174136400,4.174136400,0.000025221,false
003,55,5,47.637424469,34.988674164,-12.648750305,12.648750305,0.000476384,false
003,56,0,-5.720461845,-2.072236061,3.648225784,3.648225784,0.000057215,false
003,56,1,-36.110412598,-13.752117157,22.358295441,22.358295441,0.000361114,false
003,56,2,-16.196456909,4.357940674,20.554397583,20.554397583,0.000161975,false
003,56,3,85.989837646,34.199935913,-51.789901733,51.789901733,0.000859908,false
003,56,4,-2.527252197,1.787739992,4.314992189,4.314992189,0.000025283,false
003,56,5,47.990734100,34.840339661,-13.150394440,13.150394440,0.000479917,false
003,57,0,-5.771653175,-2.011300087,3.760353088,3.760353088,0.000057727,false
003,57,1,-36.282745361,-13.420024872,22.862720490,22.862720490,0.000362837,false
003,57,2,-16.050090790,4.101734161,20.151824951,20.151824951,0.000160511,false
003,57,3,85.916511536,33.609477997,-52.307033539,52.307033539,0.000859175,false
003,57,4,-2.540490150,2.006705523,4.547195673,4.547195673,0.000025415,false
003,57,5,48.497398376,34.973735809,-13.523662567,13.523662567,0.000484984,false
003,58,0,-5.771163464,-1.926445007,3.844718456,3.844718456,0.000057722,false
003,58,1,-36.307254791,-13.042461395,23.264793396,23.264793396,0.000363083,false
003,58,2,-16.038780212,3.799961090,19.838741302,19.838741302,0.000160398,false
003,58,3,85.921363831,33.272789001,-52.648574829,52.648574829,0.000859224,false
003,58,4,-2.541229486,2.062942743,4.604172230,4.604172230,0.000025422,false
003,58,5,48.571727753,34.945346832,-13.626380920,13.626380920,0.000485727,false
003,59,0,-5.774985790,-1.760936737,4.014049053,4.014049053,0.000057760,false
003,59,1,-36.233909607,-12.758918762,23.474990845,23.474990845,0.000362349,false
003,59,2,-16.135414124,3.529777527,19.665191650,19.665191650,0.000161364,false
003,59,3,85.925270081,33.110877991,-52.814392090,52.814392090,0.000859263,false
003,59,4,-2.528095961,2.143849134,4.671945095,4.671945095,0.000025291,false
003,59,5,48.583930969,34.916160583,-13.667770386,13.667770386,0.000485849,false
003,60,0,-5.788602829,-1.626703262,4.161899567,4.161899567,0.000057896,false
003,60,1,-36.279712677,-12.123424530,24.156288147,24.156288147,0.000362807,false
003,60,2,-16.087249756,2.964958191,19.052207947,19.052207947,0.000160882,false
003,60,3,85.897499084,32.608280182,-53.289218903,53.289218903,0.000858985,false
003,60,4,-2.531168222,2.223772287,4.754940510,4.754940510,0.000025322,false
003,60,5,48.742660522,34.894248962,-13.848411560,13.848411560,0.000487437,false
003,61,0,-5.777707100,-1.712833405,4.064873695,4.064873695,0.000057787,false
003,61,1,-36.092277527,-11.878593445,24.213684082,24.213684082,0.000360933,false
003,61,2,-16.308418274,2.833679199,19.142097473,19.142097473,0.000163094,false
003,61,3,85.980636597,32.544834137,-53.435802460,53.435802460,0.000859816,false
003,61,4,-2.515582561,2.236333609,4.751916170,4.751916170,0.000025166,false
003,61,5,48.494827271,34.934089661,-13.560737610,13.560737610,0.000484958,false
003,62,0,-5.779746532,-1.868501663,3.911244869,3.911244869,0.000057807,false
003,62,1,-36.053264618,-11.118198395,24.935066223,24.935066223,0.000360543,false
003,62,2,-16.338783264,2.137779236,18.476562500,18.476562500,0.000163398,false
003,62,3,85.975059509,32.217643738,-53.757415771,53.757415771,0.000859761,false
003,62,4,-2.511560440,2.258443117,4.770003557,4.770003557,0.000025126,false
003,62,5,48.504833221,35.064002991,-13.440830231,13.440830231,0.000485058,false
003,63,0,-5.796689987,-1.561340332,4.235349655,4.235349655,0.000057977,false
003,63,1,-36.127006531,-11.001968384,25.125038147,25.125038147,0.000361280,false
003,63,2,-16.278526306,2.135643005,18.414169312,18.414169312,0.000162795,false
003,63,3,85.939674377,31.798402786,-54.141271591,54.141271591,0.000859407,false
003,63,4,-2.516551495,2.314705610,4.831257105,4.831257105,0.000025176,false
003,63,5,48.683742523,34.963687897,-13.720054626,13.720054626,0.000486847,false
003,64,0,-5.805834770,-1.452512741,4.353322029,4.353322029,0.000058068,false
003,64,1,-36.129844666,-10.245277405,25.884567261,25.884567261,0.000361308,false
003,64,2,-16.261131287,1.509929657,17.771060944,17.771060944,0.000162621,false
003,64,3,85.929183960,31.342950821,-54.586233139,54.586233139,0.000859302,false
003,64,4,-2.521187782,2.364077330,4.885265112,4.885265112,0.000025222,false
003,64,5,48.737766266,35.029922485,-13.707843781,13.707843781,0.000487388,false
003,65,0,-5.791298389,-1.777415276,4.013883114,4.013883114,0.000057923,false
003,65,1,-36.132976532,-10.172466278,25.960510254,25.960510254,0.000361340,false
003,65,2,-16.280780792,1.206634521,17.487415314,17.487415314,0.000162818,false
003,65,3,85.962173462,31.728490829,-54.233682632,54.233682632,0.000859632,false
003,65,4,-2.513080597,2.340357065,4.853437662,4.853437662,0.000025141,false
003,65,5,48.653785706,35.072299957,-13.581485748,13.581485748,0.000486548,false
003,66,0,-5.797339916,-1.454502106,4.342837811,4.342837811,0.000057983,false
003,66,1,-36.013717651,-9.335952759,26.677764893,26.677764893,0.000360147,false
003,66,2,-16.408802032,0.592952728,17.001754761,17.001754761,0.000164098,false
003,66,3,85.964942932,31.200502396,-54.764440536,54.764440536,0.000859659,false
003,66,4,-2.508841753,2.356108904,4.864950657,4.864950657,0.000025098,false
003,66,5,48.591644287,35.096496582,-13.495147705,13.495147705,0.000485926,false
003,67,0,-5.800869465,-1.492749214,4.308120251,4.308120251,0.000058019,false
003,67,1,-36.072540283,-8.270042419,27.802497864,27.802497864,0.000360735,false
003,67,2,-16.365375519,-0.065860748,16.299514771,16.299514771,0.000163664,false
003,67,3,85.967933655,30.530721664,-55.437211990,55.437211990,0.000859689,false
003,67,4,-2.510255337,2.391626596,4.901881933,4.901881933,0.000025113,false
003,67,5,48.636325836,35.174900055,-13.461425781,13.461425781,0.000486373,false
003,68,0,-5.799780846,-1.415575027,4.384205818,4.384205818,0.000058008,false
003,68,1,-36.025474548,-7.691246033,28.334228516,28.334228516,0.000360265,false
003,68,2,-16.413257599,-0.602233887,15.811023712,15.811023712,0.000164143,false
003,68,3,85.975547791,30.254941940,-55.720605850,55.720605850,0.000859765,false
003,68,4,-2.505102634,2.396465063,4.901567698,4.901567698,0.000025061,false
003,68,5,48.631889343,35.117733002,-13.514156342,13.514156342,0.000486329,false
003,69,0,-5.793217182,-1.366683006,4.426534176,4.426534176,0.000057942,false
003,69,1,-35.989128113,-7.174518585,28.814609528,28.814609528,0.000359901,false
003,69,2,-16.459522247,-1.166614532,15.292907715,15.292907715,0.000164605,false
003,69,3,85.990997314,30.061143875,-55.929853439,55.929853439,0.000859920,false
003,69,4,-2.502564907,2.374068499,4.876633406,4.876633406,0.000025036,false
003,69,5,48.535591125,35.158035278,-13.377555847,13.377555847,0.000485366,false
003,70,0,-5.813648224,-1.447198868,4.366449356,4.366449356,0.000058146,false
003,70,1,-36.046401978,-6.534217834,29.512184143,29.512184143,0.000360474,false
003,70,2,-16.392303467,-1.572719574,14.819583893,14.819583893,0.000163933,false
003,70,3,85.962127686,29.583642960,-56.378484726,56.378484726,0.000859631,false
003,70,4,-2.507994175,2.368687391,4.876681566,4.876681566,0.000025090,false
003,70,5,48.681934357,35.207683563,-13.474250793,13.474250793,0.000486829,false
003,71,0,-5.789361954,-1.546867371,4.242494583,4.242494583,0.000057904,false
003,71,1,-36.019287109,-5.306911469,30.712375641,30.712375641,0.000360203,false
003,71,2,-16.430084229,-2.551616669,13.878467560,13.878467560,0.000164311,false
003,71,3,86.010002136,29.236047745,-56.773954391,56.773954391,0.000860110,false
003,71,4,-2.501349688,2.318265676,4.819615364,4.819615364,0.000025023,false
003,71,5,48.578083038,35.236576080,-13.341506958,13.341506958,0.000485791,false
003,72,0,-5.800687313,-1.372421265,4.428266048,4.428266048,0.000058017,false
003,72,1,-35.943420410,-4.675891876,31.267528534,31.267528534,0.000359444,false
003,72,2,-16.506679535,-2.817340851,13.689338684,13.689338684,0.000165077,false
003,72,3,86.012199402,28.681516647,-57.330682755,57.330682755,0.000860132,false
003,72,4,-2.503224373,2.322707891,4.825932264,4.825932264,0.000025042,false
003,72,5,48.535427094,35.282398224,-13.253028870,13.253028870,0.000485364,false
003,73,0,-5.810374737,-1.527018547,4.283356190,4.283356190,0.000058114,false
003,73,1,-35.939239502,-3.822227478,32.117012024,32.117012024,0.000359402,false
003,73,2,-16.504344940,-3.379734039,13.124610901,13.124610901,0.000165053,false
003,73,3,85.987373352,28.245687485,-57.741685867,57.741685867,0.000859884,false
003,73,4,-2.503515244,2.218930483,4.722445726,4.722445726,0.000025045,false
003,73,5,48.598136902,35.304977417,-13.293159485,13.293159485,0.000485991,false
003,74,0,-5.812732697,-1.340751648,4.471981049,4.471981049,0.000058137,false
003,74,1,-35.903533936,-3.445545197,32.457988739,32.457988739,0.000359045,false
003,74,2,-16.539131165,-3.577083588,12.962047577,12.962047577,0.000165401,false
003,74,3,85.995002747,27.975656509,-58.019346237,58.019346237,0.000859960,false
003,74,4,-2.503429890,2.273365736,4.776795626,4.776795626,0.000025044,false
003,74,5,48.547042847,35.377029419,-13.170013428,13.170013428,0.000485480,false
003,75,0,-5.824074745,-1.313422203,4.510652542,4.510652542,0.000058251,false
003,75,1,-35.968261719,-2.959819794,33.008441925,33.008441925,0.000359693,false
003,75,2,-16.486957550,-3.923145294,12.563812256,12.563812256,0.000164880,false
003,75,3,85.998672485,27.730928421,-58.267744064,58.267744064,0.000859997,false
003,75,4,-2.507405281,2.294962168,4.802367449,4.802367449,0.000025084,false
003,75,5,48.639160156,35.366947174,-13.272212982,13.272212982,0.000486402,false
003,76,0,-5.810702324,-1.378737450,4.431964874,4.431964874,0.000058117,false
003,76,1,-35.821502686,-2.389080048,33.432422638,33.432422638,0.000358225,false
003,76,2,-16.653804779,-4.341411591,12.312393188,12.312393188,0.000166548,false
003,76,3,86.009307861,27.466993332,-58.542314529,58.542314529,0.000860103,false
003,76,4,-2.494498253,2.266644239,4.761142492,4.761142492,0.000024955,false
003,76,5,48.488136292,35.365257263,-13.122879028,13.122879028,0.000484891,false
003,77,0,-5.818024635,-1.404002190,4.414022446,4.414022446,0.000058190,false
003,77,1,-35.833473206,-1.688392639,34.145080566,34.145080566,0.000358345,false
003,77,2,-16.638145447,-4.707195282,11.930950165,11.930950165,0.000166391,false
003,77,3,86.024505615,26.884393692,-59.140111923,59.140111923,0.000860255,false
003,77,4,-2.503568649,2.205718279,4.709286928,4.709286928,0.000025046,false
003,77,5,48.491367340,35.350627899,-13.140739441,13.140739441,0.000484924,false
003,78,0,-5.811429024,-1.392511368,4.418917656,4.418917656,0.000058124,false
003,78,1,-35.837425232,-1.401493073,34.435932159,34.435932159,0.000358384,false
003,78,2,-16.635490417,-5.238071442,11.397418976,11.397418976,0.000166365,false
003,78,3,86.036582947,27.061601639,-58.974981308,58.974981308,0.000860376,false
003,78,4,-2.496959209,2.211729765,4.708688974,4.708688974,0.000024980,false
003,78,5,48.426555634,35.332889557,-13.093666077,13.093666077,0.000484276,false
003,79,0,-5.813113689,-1.406985283,4.406128407,4.406128407,0.000058141,false
003,79,1,-35.838176727,-0.540084839,35.298091888,35.298091888,0.000358392,false
003,79,2,-16.642280579,-5.543903351,11.098377228,11.098377228,0.000166433,false
003,79,3,86.045005798,26.288000107,-59.757005692,59.757005692,0.000860460,false
003,79,4,-2.495871067,2.155764818,4.651635885,4.651635885,0.000024969,false
003,79,5,48.471527100,35.376239777,-13.095287323,13.095287323,0.000484725,false
003,80,0,-5.827167988,-1.329466820,4.497701168,4.497701168,0.000058282,false
003,80,1,-35.791717529,-0.114505768,35.677211761,35.677211761,0.000357927,false
003,80,2,-16.687511444,-5.696132660,10.991378784,10.991378784,0.000166885,false
003,80,3,86.002029419,26.049024582,-59.953004837,59.953004837,0.000860030,false
003,80,4,-2.501533508,2.124396086,4.625929594,4.625929594,0.000025025,false
003,80,5,48.505306244,35.173465729,-13.331840515,13.331840515,0.000485063,false
003,81,0,-5.821527958,-1.470080376,4.351447582,4.351447582,0.000058225,false
003,81,1,-35.804901123,0.479187012,36.284088135,36.284088135,0.000358059,false
003,81,2,-16.663337708,-5.982074738,10.681262970,10.681262970,0.000166643,false
003,81,3,86.022247314,25.636426926,-60.385820389,60.385820389,0.000860232,false
003,81,4,-2.500283241,2.070776224,4.571059465,4.571059465,0.000025013,false
003,81,5,48.522628784,34.894920349,-13.627708435,13.627708435,0.000485236,false
003,82,0,-5.837350845,-1.433553696,4.403797150,4.403797150,0.000058384,false
003,82,1,-35.753257751,0.559200287,36.312458038,36.312458038,0.000357543,false
003,82,2,-16.723583221,-6.370067596,10.353515625,10.353515625,0.000167246,false
003,82,3,85.989929199,25.869462967,-60.120466232,60.120466232,0.000859909,false
003,82,4,-2.506234407,2.082463980,4.588698387,4.588698387,0.000025072,false
003,82,5,48.499233246,34.251228333,-14.248004913,14.248004913,0.000485002,false
003,83,0,-5.810735226,-1.453855515,4.356879711,4.356879711,0.000058117,false
003,83,1,-35.824760437,0.814632416,36.639392853,36.639392853,0.000358258,false
003,83,2,-16.662605286,-6.408283234,10.254322052,10.254322052,0.000166636,false
003,83,3,86.042907715,25.697614670,-60.345293045,60.345293045,0.000860439,false
003,83,4,-2.495970011,2.084721804,4.580691814,4.580691814,0.000024970,false
003,83,5,48.500514984,31.914985657,-16.585529327,16.585529327,0.000485015,false
003,84,0,-5.815476418,-1.606872559,4.208603859,4.208603859,0.000058165,false
003,84,1,-35.788475037,0.786026001,36.574501038,36.574501038,0.000357895,false
003,84,2,-16.694515228,-6.963993073,9.730522156,9.730522156,0.000166955,false
003,84,3,86.070564270,26.575349808,-59.495214462,59.495214462,0.000860716,false
003,84,4,-2.495364666,1.993617773,4.488982439,4.488982439,0.000024964,false
003,84,5,48.441989899,26.867710114,-21.574279785,21.574279785,0.000484430,false
003,85,0,-5.838908672,-1.915724754,3.923183918,3.923183918,0.000058399,false
003,85,1,-35.637565613,1.024555206,36.662120819,36.662120819,0.000356386,false
003,85,2,-16.830692291,-7.056827545,9.773864746,9.773864746,0.000168317,false
003,85,3,86.038787842,26.568002701,-59.470785141,59.470785141,0.000860398,false
003,85,4,-2.496376753,1.868887186,4.365263939,4.365263939,0.000024974,false
003,85,5,48.425304413,20.188138962,-28.237165451,28.237165451,0.000484263,false
003,86,0,-5.812513351,-2.027264595,3.785248756,3.785248756,0.000058135,false
003,86,1,-35.742279053,0.877010345,36.619289398,36.619289398,0.000357433,false
003,86,2,-16.764537811,-6.739772797,10.024765015,10.024765015,0.000167655,false
003,86,3,86.059898376,26.689573288,-59.370325089,59.370325089,0.000860609,false
003,86,4,-2.493963957,1.762091398,4.256055355,4.256055355,0.000024950,false
003,86,5,48.406093597,11.289829254,-37.116264343,37.116264343,0.000484071,false
003,87,0,-5.810386181,-2.093386650,3.716999531,3.716999531,0.000058114,false
003,87,1,-35.744773865,0.906730652,36.651504517,36.651504517,0.000357458,false
003,87,2,-16.755470276,-6.387371063,10.368099213,10.368099213,0.000167565,false
003,87,3,86.063201904,26.736925125,-59.326276779,59.326276779,0.000860642,false
003,87,4,-2.494386196,1.779949903,4.274336100,4.274336100,0.000024954,false
003,87,5,48.464836121,4.806359291,-43.658476830,43.658476830,0.000484658,false
003,88,0,-5.830376625,-2.198844910,3.631531715,3.631531715,0.000058314,false
003,88,1,-35.660629272,1.106868744,36.767498016,36.767498016,0.000356616,false
003,88,2,-16.802131653,-6.409542084,10.392589569,10.392589569,0.000168031,false
003,88,3,86.047325134,26.465822220,-59.581502914,59.581502914,0.000860483,false
003,88,4,-2.505550385,1.782661676,4.288212061,4.288212061,0.000025066,false
003,88,5,48.456207275,3.182798386,-45.273408890,45.273408890,0.000484572,false
003,89,0,-5.858323097,-2.450038910,3.408284187,3.408284187,0.000058593,false
003,89,1,-35.620475769,1.227249146,36.847724915,36.847724915,0.000356215,false
003,89,2,-16.875392914,-5.797023773,11.078369141,11.078369141,0.000168764,false
003,89,3,86.006988525,25.828706741,-60.178281784,60.178281784,0.000860080,false
003,89,4,-2.513353348,1.750526190,4.263879538,4.263879538,0.000025144,false
003,89,5,48.484420776,0.463768005,-48.020652771,48.020652771,0.000484854,false
003,90,0,-5.826143742,-2.491559982,3.334583759,3.334583759,0.000058271,false
003,90,1,-35.702880859,0.900695801,36.603576660,36.603576660,0.000357039,false
003,90,2,-16.793724060,-5.589572906,11.204151154,11.204151154,0.000167947,false
003,90,3,86.086761475,25.945714951,-60.141046524,60.141046524,0.000860878,false
003,90,4,-2.504299402,1.789366484,4.293665886,4.293665886,0.000025053,false
003,90,5,48.429466248,0.214508057,-48.214958191,48.214958191,0.000484305,false
003,91,0,-5.861489773,-2.744968414,3.116521358,3.116521358,0.000058625,false
003,91,1,-35.488117218,1.268054962,36.756172180,36.756172180,0.000354891,false
003,91,2,-17.013866425,-5.959224701,11.054641724,11.054641724,0.000170149,false
003,91,3,86.023277283,25.727529526,-60.295747757,60.295747757,0.000860243,false
003,91,4,-2.509255409,1.756194353,4.265449762,4.265449762,0.000025103,false
003,91,5,48.468265533,0.123474121,-48.344791412,48.344791412,0.000484693,false
003,92,0,-5.846519470,-2.717920303,3.128599167,3.128599167,0.000058475,false
003,92,1,-35.568424225,1.247394562,36.815818787,36.815818787,0.000355694,false
003,92,2,-16.932689667,-5.858547211,11.074142456,11.074142456,0.000169337,false
003,92,3,86.069099426,25.627130508,-60.441968918,60.441968918,0.000860701,false
003,92,4,-2.494961739,1.804734468,4.299696207,4.299696207,0.000024960,false
003,92,5,48.559959412,0.020734787,-48.539224625,48.539224625,0.000485610,false
003,93,0,-5.860271454,-2.808457375,3.051814079,3.051814079,0.000058613,false
003,93,1,-35.612525940,1.287555695,36.900081635,36.900081635,0.000356135,false
003,93,2,-16.858554840,-6.309116364,10.549438477,10.549438477,0.000168596,false
003,93,3,86.000289917,25.971437454,-60.028852463,60.028852463,0.000860013,false
003,93,4,-2.513844967,1.810522318,4.324367285,4.324367285,0.000025148,false
003,93,5,48.520210266,-0.009304047,-48.529514313,48.529514313,0.000485212,false
003,94,0,-5.881046772,-2.810145378,3.070901394,3.070901394,0.000058820,false
003,94,1,-35.471008301,1.079219818,36.550228119,36.550228119,0.000354720,false
003,94,2,-17.041774750,-6.427257538,10.614517212,10.614517212,0.000170428,false
003,94,3,85.978324890,26.041578293,-59.936746597,59.936746597,0.000859793,false
003,94,4,-2.512788773,1.800392389,4.313181162,4.313181162,0.000025138,false
003,94,5,48.578117371,-0.041847229,-48.619964600,48.619964600,0.000485791,false
003,95,0,-5.844266891,-2.757410049,3.086856842,3.086856842,0.000058453,false
003,95,1,-35.611228943,1.010429382,36.621658325,36.621658325,0.000356122,false
003,95,2,-16.944343567,-6.669643402,10.274700165,10.274700165,0.000169453,false
003,95,3,86.064285278,26.354516983,-59.709768295,59.709768295,0.000860653,false
003,95,4,-2.512317657,1.831645727,4.343963385,4.343963385,0.000025133,false
003,95,5,48.630214691,-0.089241028,-48.719455719,48.719455719,0.000486312,false
003,96,0,-5.898883820,-2.946492195,2.952391624,2.952391624,0.000058999,false
003,96,1,-35.461898804,0.920570374,36.382469177,36.382469177,0.000354629,false
003,96,2,-17.089035034,-6.847469330,10.241565704,10.241565704,0.000170900,false
003,96,3,85.989929199,26.175260544,-59.814668655,59.814668655,0.000859909,false
003,96,4,-2.513213634,1.797881365,4.311094999,4.311094999,0.000025142,false
003,96,5,48.741970062,-0.090206146,-48.832176208,48.832176208,0.000487430,false
003,97,0,-5.881316662,-3.050616264,2.830700397,2.830700397,0.000058823,false
003,97,1,-35.342773438,0.427967072,35.770740509,35.770740509,0.000353438,false
003,97,2,-17.177448273,-7.286312103,9.891136169,9.891136169,0.000171784,false
003,97,3,86.086761475,27.076513290,-59.010248184,59.010248184,0.000860878,false
003,97,4,-2.518920422,1.821575880,4.340496302,4.340496302,0.000025199,false
003,97,5,48.694042206,-0.054676056,-48.748718262,48.748718262,0.000486950,false
003,98,0,-5.884143353,-3.138679504,2.745463848,2.745463848,0.000058851,false
003,98,1,-35.399337769,-0.386211395,35.013126373,35.013126373,0.000354003,false
003,98,2,-17.122970581,-8.014102936,9.108867645,9.108867645,0.000171240,false
003,98,3,86.040550232,28.612634659,-57.427915573,57.427915573,0.000860416,false
003,98,4,-2.517358780,1.801351309,4.318710089,4.318710089,0.000025184,false
003,98,5,48.953807831,-0.023967743,-48.977775574,48.977775574,0.000489548,false
003,99,0,-5.911818027,-3.059163094,2.852654934,2.852654934,0.000059128,false
003,99,1,-35.399055481,-0.703746796,34.695308685,34.695308685,0.000354001,false
003,99,2,-17.110656738,-8.976993561,8.133663177,8.133663177,0.000171117,false
003,99,3,85.891418457,29.733041763,-56.158376694,56.158376694,0.000858924,false
003,99,4,-2.533164024,1.866003752,4.399167776,4.399167776,0.000025342,false
003,99,5,49.228359222,0.014541626,-49.213817596,49.213817596,0.000492294,false
004,0,0,-5.754959106,-8.694580078,-2.939620972,2.939620972,0.000057560,false
004,0,1,-35.755233765,-84.469375610,-48.714141846,48.714141846,0.000357562,false
004,0,2,-16.587192535,54.551277161,71.138469696,71.138469696,0.000165882,false
004,0,3,85.961891174,76.862678528,-9.099212646,9.099212646,0.000859629,false
004,0,4,-2.546751976,-1.850511312,0.696240664,0.696240664,0.000025478,false
004,0,5,49.011707306,1.069280624,-47.942426682,47.942426682,0.000490127,false
004,1,0,-5.771504402,-8.892313957,-3.120809555,3.120809555,0.000057725,false
004,1,1,-35.669998169,-84.370819092,-48.700820923,48.700820923,0.000356710,false
004,1,2,-16.642139435,55.182224274,71.824363708,71.824363708,0.000166431,false
004,1,3,85.937591553,76.786582947,-9.151008606,9.151008606,0.000859386,false
004,1,4,-2.541461706,-1.800896883,0.740564823,0.740564823,0.000025425,false
004,1,5,49.032699585,1.022789001,-48.009910583,48.009910583,0.000490337,false
004,2,0,-5.759671211,-8.950033188,-3.190361977,3.190361977,0.000057607,false
004,2,1,-35.742309570,-83.563751221,-47.821441650,47.821441650,0.000357433,false
004,2,2,-16.558269501,55.444377899,72.002647400,72.002647400,0.000165593,false
004,2,3,85.914299011,76.804084778,-9.110214233,9.110214233,0.000859153,false
004,2,4,-2.534750700,-1.851155281,0.683595419,0.683595419,0.000025358,false
004,2,5,49.011234283,1.097398758,-47.913835526,47.913835526,0.000490122,false
004,3,0,-5.781249523,-8.828363419,-3.047113895,3.047113895,0.000057822,false
004,3,1,-35.609825134,-83.434280396,-47.824455261,47.824455261,0.000356108,false
004,3,2,-16.693386078,55.794006348,72.487392426,72.487392426,0.000166944,false
004,3,3,85.934425354,76.617515564,-9.316909790,9.316909790,0.000859354,false
004,3,4,-2.537403822,-1.900937557,0.636466265,0.636466265,0.000025384,false
004,3,5,48.914615631,1.124517441,-47.790098190,47.790098190,0.000489156,false
004,4,0,-5.779934883,-9.030774117,-3.250839233,3.250839233,0.000057809,false
004,4,1,-35.618846893,-83.071166992,-47.452320099,47.452320099,0.000356198,false
004,4,2,-16.686199188,55.748847961,72.435047150,72.435047150,0.000166872,false
004,4,3,85.926086426,76.442016602,-9.484069824,9.484069824,0.000859271,false
004,4,4,-2.532296658,-1.866114378,0.666182280,0.666182280,0.000025333,false
004,4,5,48.944431305,1.162929535,-47.781501770,47.781501770,0.000489454,false
004,5,0,-5.765745640,-9.004805565,-3.239059925,3.239059925,0.000057667,false
004,5,1,-35.718368530,-83.060699463,-47.342330933,47.342330933,0.000357194,false
004,5,2,-16.598392487,55.828208923,72.426601410,72.426601410,0.000165994,false
004,5,3,85.896461487,76.339942932,-9.556518555,9.556518555,0.000858975,false
004,5,4,-2.529248714,-1.864367485,0.664881229,0.664881229,0.000025302,false
004,5,5,48.998115540,1.251111984,-47.747003555,47.747003555,0.000489991,false
004,6,0,-5.784610271,-9.184373856,-3.399763584,3.399763584,0.000057856,false
004,6,1,-35.638725281,-83.089706421,-47.450981140,47.450981140,0.000356397,false
004,6,2,-16.675647736,56.345275879,73.020923615,73.020923615,0.000166766,false
004,6,3,85.908058167,76.161209106,-9.746849060,9.746849060,0.000859091,false
004,6,4,-2.528156757,-1.908182740,0.619974017,0.619974017,0.000025292,false
004,6,5,49.027423859,1.355562210,-47.671861649,47.671861649,0.000490284,false
004,7,0,-5.802791595,-9.160866737,-3.358075142,3.358075142,0.000058038,false
004,7,1,-35.575553894,-82.789039612,-47.213485718,47.213485718,0.000355766,false
004,7,2,-16.712039948,56.013439178,72.725479126,72.725479126,0.000167130,false
004,7,3,85.925186157,76.238250732,-9.686935425,9.686935425,0.000859262,false
004,7,4,-2.535795450,-1.920239687,0.615555763,0.615555763,0.000025368,false
004,7,5,48.974391937,1.657636642,-47.316755295,47.316755295,0.000489754,false
004,8,0,-5.795630455,-9.212308884,-3.416678429,3.416678429,0.000057966,false
004,8,1,-35.609718323,-82.748687744,-47.138969421,47.138969421,0.000356107,false
004,8,2,-16.647701263,55.788093567,72.435794830,72.435794830,0.000166487,false
004,8,3,85.867271423,76.261894226,-9.605377197,9.605377197,0.000858683,false
004,8,4,-2.532538891,-1.876343250,0.656195641,0.656195641,0.000025335,false
004,8,5,49.009403229,2.266572952,-46.742830276,46.742830276,0.000490104,false
004,9,0,-5.793370724,-9.131828308,-3.338457584,3.338457584,0.000057944,false
004,9,1,-35.576408386,-82.984420776,-47.408012390,47.408012390,0.000355774,false
004,9,2,-16.695331573,55.694477081,72.389808655,72.389808655,0.000166963,false
004,9,3,85.893768311,76.544815063,-9.348953247,9.348953247,0.000858948,false
004,9,4,-2.532199383,-1.895462751,0.636736631,0.636736631,0.000025332,false
004,9,5,48.963668823,5.220241547,-43.743427277,43.743427277,0.000489647,false
004,10,0,-5.808096886,-9.140329361,-3.332232475,3.332232475,0.000058091,false
004,10,1,-35.604843140,-82.849899292,-47.245056152,47.245056152,0.000356058,false
004,10,2,-16.703121185,55.144573212,71.847694397,71.847694397,0.000167041,false
004,10,3,85.915390015,76.828552246,-9.086837769,9.086837769,0.000859164,false
004,10,4,-2.536690474,-1.892212629,0.644477844,0.644477844,0.000025377,false
004,10,5,49.032527924,6.994571686,-42.037956238,42.037956238,0.000490335,false
004,11,0,-5.818868160,-9.047080994,-3.228212833,3.228212833,0.000058199,false
004,11,1,-35.509223938,-82.913619995,-47.404396057,47.404396057,0.000355102,false
004,11,2,-16.781581879,55.458126068,72.239707947,72.239707947,0.000167826,false
004,11,3,85.927398682,76.777198792,-9.150199890,9.150199890,0.000859284,false
004,11,4,-2.536203623,-1.899973750,0.636229873,0.636229873,0.000025372,false
004,11,5,48.963829041,9.544598579,-39.419230461,39.419230461,0.000489648,false
004,12,0,-5.824376583,-8.983633995,-3.159257412,3.159257412,0.000058254,false
004,12,1,-35.489181519,-83.054885864,-47.565704346,47.565704346,0.000354902,false
004,12,2,-16.803142548,55.492202759,72.295345306,72.295345306,0.000168041,false
004,12,3,85.937538147,76.679893494,-9.257644653,9.257644653,0.000859385,false
004,12,4,-2.536834717,-1.859914303,0.676920414,0.676920414,0.000025378,false
004,12,5,48.937206268,14.021685600,-34.915520668,34.915520668,0.000489382,false
004,13,0,-5.819254398,-8.948098183,-3.128843784,3.128843784,0.000058203,false
004,13,1,-35.522121429,-83.326141357,-47.804019928,47.804019928,0.000355231,false
004,13,2,-16.774951935,55.428741455,72.203693390,72.203693390,0.000167760,false
004,13,3,85.918510437,76.599220276,-9.319290161,9.319290161,0.000859195,false
004,13,4,-2.531622887,-1.852221966,0.679400921,0.679400921,0.000025326,false
004,13,5,49.004467010,19.169490814,-29.834976196,29.834976196,0.000490055,false
004,14,0,-5.835568905,-8.959797859,-3.124228954,3.124228954,0.000058366,false
004,14,1,-35.470306396,-83.155670166,-47.685363770,47.685363770,0.000354713,false
004,14,2,-16.859100342,56.148063660,73.007164001,73.007164001,0.000168601,false
004,14,3,85.963729858,75.556144714,-10.407585144,10.407585144,0.000859647,false
004,14,4,-2.537827015,-1.795995474,0.741831541,0.741831541,0.000025388,false
004,14,5,48.943370819,24.362560272,-24.580810547,24.580810547,0.000489444,false
004,15,0,-5.838129997,-8.814573288,-2.976443291,2.976443291,0.000058391,false
004,15,1,-35.462303162,-82.947921753,-47.485618591,47.485618591,0.000354633,false
004,15,2,-16.843784332,56.407932281,73.251716614,73.251716614,0.000168448,false
004,15,3,85.959579468,74.887748718,-11.071830750,11.071830750,0.000859606,false
004,15,4,-2.538370132,-1.815815210,0.722554922,0.722554922,0.000025394,false
004,15,5,48.983413696,30.038429260,-18.944984436,18.944984436,0.000489844,false
004,16,0,-5.838762760,-8.780593872,-2.941831112,2.941831112,0.000058398,false
004,16,1,-35.420230865,-82.957069397,-47.536838531,47.536838531,0.000354212,false
004,16,2,-16.909614563,56.562564850,73.472179413,73.472179413,0.000169106,false
004,16,3,85.982711792,74.331588745,-11.651123047,11.651123047,0.000859837,false
004,16,4,-2.533867598,-1.776365638,0.757501960,0.757501960,0.000025349,false
004,16,5,48.943187714,33.739364624,-15.203823090,15.203823090,0.000489442,false
004,17,0,-5.836636543,-8.707031250,-2.870394707,2.870394707,0.000058376,false
004,17,1,-35.391490936,-83.206802368,-47.815311432,47.815311432,0.000353925,false
004,17,2,-16.912990570,57.108726501,74.021717072,74.021717072,0.000169140,false
004,17,3,85.964866638,73.762496948,-12.202369690,12.202369690,0.000859659,false
004,17,4,-2.534872293,-1.737340093,0.797532201,0.797532201,0.000025359,false
004,17,5,48.878795624,36.613784790,-12.265010834,12.265010834,0.000488798,false
004,18,0,-5.850949287,-8.483415604,-2.632466316,2.632466316,0.000058519,false
004,18,1,-35.369297028,-83.218742371,-47.849445343,47.849445343,0.000353703,false
004,18,2,-16.970981598,57.128353119,74.099334717,74.099334717,0.000169720,false
004,18,3,86.002914429,73.519233704,-12.483680725,12.483680725,0.000860039,false
004,18,4,-2.536995411,-1.659745693,0.877249718,0.877249718,0.000025380,false
004,18,5,48.903366089,40.399703979,-8.503662109,8.503662109,0.000489044,false
004,19,0,-5.851971149,-8.396572113,-2.544600964,2.544600964,0.000058530,false
004,19,1,-35.314880371,-83.045326233,-47.730445862,47.730445862,0.000353159,false
004,19,2,-17.029449463,56.798522949,73.827972412,73.827972412,0.000170304,false
004,19,3,86.025131226,73.569419861,-12.455711365,12.455711365,0.000860261,false
004,19,4,-2.533334970,-1.655915856,0.877419114,0.877419114,0.000025343,false
004,19,5,48.834606171,42.017265320,-6.817340851,6.817340851,0.000488356,false
004,20,0,-5.866944790,-8.541134834,-2.674190044,2.674190044,0.000058679,false
004,20,1,-35.241733551,-82.916946411,-47.675212860,47.675212860,0.000352427,false
004,20,2,-17.085250854,57.492027283,74.577278137,74.577278137,0.000170863,false
004,20,3,86.036491394,72.738014221,-13.298477173,13.298477173,0.000860375,false
004,20,4,-2.538654089,-1.539632678,0.999021411,0.999021411,0.000025397,false
004,20,5,48.827854156,43.330764771,-5.497089386,5.497089386,0.000488289,false
004,21,0,-5.870440006,-8.449666977,-2.579226971,2.579226971,0.000058714,false
004,21,1,-35.263961792,-83.213516235,-47.949554443,47.949554443,0.000352650,false
004,21,2,-17.073055267,57.632492065,74.705547333,74.705547333,0.000170741,false
004,21,3,86.032638550,73.020393372,-13.012245178,13.012245178,0.000860336,false
004,21,4,-2.538435936,-1.519529581,1.018906355,1.018906355,0.000025394,false
004,21,5,48.858783722,43.585445404,-5.273338318,5.273338318,0.000488598,false
004,22,0,-5.868228436,-8.358797073,-2.490568638,2.490568638,0.000058692,false
004,22,1,-35.248054504,-83.412040710,-48.163986206,48.163986206,0.000352491,false
004,22,2,-17.095264435,57.479576111,74.574840546,74.574840546,0.000170963,false
004,22,3,86.046119690,73.013793945,-13.032325745,13.032325745,0.000860471,false
004,22,4,-2.536283970,-1.501450896,1.034833074,1.034833074,0.000025373,false
004,22,5,48.872001648,43.914611816,-4.957389832,4.957389832,0.000488730,false
004,23,0,-5.876186371,-8.425065994,-2.548879623,2.548879623,0.000058772,false
004,23,1,-35.202285767,-83.188659668,-47.986373901,47.986373901,0.000352033,false
004,23,2,-17.138214111,57.360363007,74.498577118,74.498577118,0.000171392,false
004,23,3,86.060638428,73.077423096,-12.983215332,12.983215332,0.000860616,false
004,23,4,-2.538361788,-1.468112588,1.070249200,1.070249200,0.000025394,false
004,23,5,48.830711365,43.778060913,-5.052650452,5.052650452,0.000488317,false
004,24,0,-5.877808571,-8.631602287,-2.753793716,2.753793716,0.000058788,false
004,24,1,-35.181961060,-83.174163818,-47.992202759,47.992202759,0.000351830,false
004,24,2,-17.163547516,57.190040588,74.353588104,74.353588104,0.000171645,false
004,24,3,86.071525574,73.136398315,-12.935127258,12.935127258,0.000860725,false
004,24,4,-2.538911581,-1.432920694,1.105990887,1.105990887,0.000025399,false
004,24,5,48.829204559,43.978034973,-4.851169586,4.851169586,0.000488302,false
004,25,0,-5.888585091,-8.663782120,-2.775197029,2.775197029,0.000058896,false
004,25,1,-35.141052246,-83.397262573,-48.256210327,48.256210327,0.000351421,false
004,25,2,-17.197902679,57.317611694,74.515514374,74.515514374,0.000171989,false
004,25,3,86.066604614,73.150375366,-12.916229248,12.916229248,0.000860676,false
004,25,4,-2.539099693,-1.362547874,1.176551819,1.176551819,0.000025401,false
004,25,5,48.814937592,44.055633545,-4.759304047,4.759304047,0.000488159,false
004,26,0,-5.891841412,-8.648099899,-2.756258488,2.756258488,0.000058928,false
004,26,1,-35.151172638,-83.363891602,-48.212718964,48.212718964,0.000351522,false
004,26,2,-17.216102600,56.908123016,74.124225616,74.124225616,0.000172171,false
004,26,3,86.098335266,73.426536560,-12.671798706,12.671798706,0.000860993,false
004,26,4,-2.542175531,-1.366708755,1.175466776,1.175466776,0.000025432,false
004,26,5,48.799610138,43.847717285,-4.951892853,4.951892853,0.000488006,false
004,27,0,-5.901719093,-8.897859573,-2.996140480,2.996140480,0.000059027,false
004,27,1,-35.101894379,-83.104721069,-48.002826691,48.002826691,0.000351029,false
004,27,2,-17.241859436,56.724121094,73.965980530,73.965980530,0.000172429,false
004,27,3,86.076965332,73.148605347,-12.928359985,12.928359985,0.000860780,false
004,27,4,-2.543475866,-1.391001105,1.152474761,1.152474761,0.000025445,false
004,27,5,48.804393768,44.008056641,-4.796337128,4.796337128,0.000488054,false
004,28,0,-5.899861813,-9.024480820,-3.124619007,3.124619007,0.000059009,false
004,28,1,-35.054828644,-82.826202393,-47.771373749,47.771373749,0.000350558,false
004,28,2,-17.279354095,55.836929321,73.116283417,73.116283417,0.000172804,false
004,28,3,86.086685181,73.753044128,-12.333641052,12.333641052,0.000860877,false
004,28,4,-2.540708542,-1.439275265,1.101433277,1.101433277,0.000025417,false
004,28,5,48.797531128,43.982917786,-4.814613342,4.814613342,0.000487985,false
004,29,0,-5.907237530,-9.141529083,-3.234291553,3.234291553,0.000059082,false
004,29,1,-35.063919067,-82.608642578,-47.544723511,47.544723511,0.000350649,false
004,29,2,-17.274532318,55.875267029,73.149799347,73.149799347,0.000172755,false
004,29,3,86.092399597,73.489387512,-12.603012085,12.603012085,0.000860934,false
004,29,4,-2.542912960,-1.419872165,1.123040795,1.123040795,0.000025439,false
004,29,5,48.809738159,43.855163574,-4.954574585,4.954574585,0.000488107,false
004,30,0,-5.913228035,-9.451452255,-3.538224220,3.538224220,0.000059142,false
004,30,1,-35.009944916,-82.443710327,-47.433765411,47.433765411,0.000350109,false
004,30,2,-17.308696747,55.385749817,72.694446564,72.694446564,0.000173097,false
004,30,3,86.079216003,73.505249023,-12.573966980,12.573966980,0.000860802,false
004,30,4,-2.544679165,-1.531858921,1.012820244,1.012820244,0.000025457,false
004,30,5,48.776985168,43.871215820,-4.905769348,4.905769348,0.000487780,false
004,31,0,-5.917107105,-9.465352058,-3.548244953,3.548244953,0.000059181,false
004,31,1,-34.996154785,-82.468170166,-47.472015381,47.472015381,0.000349972,false
004,31,2,-17.344879150,55.129825592,72.474704742,72.474704742,0.000173459,false
004,31,3,86.102241516,73.779373169,-12.322868347,12.322868347,0.000861032,false
004,31,4,-2.543920517,-1.562319398,0.981601119,0.981601119,0.000025449,false
004,31,5,48.760887146,43.750190735,-5.010696411,5.010696411,0.000487619,false
004,32,0,-5.922436714,-9.796723366,-3.874286652,3.874286652,0.000059234,false
004,32,1,-34.958202362,-81.709686279,-46.751483917,46.751483917,0.000349592,false
004,32,2,-17.376609802,53.725559235,71.102169037,71.102169037,0.000173776,false
004,32,3,86.109252930,74.339065552,-11.770187378,11.770187378,0.000861103,false
004,32,4,-2.545673370,-1.740091443,0.805581927,0.805581927,0.000025467,false
004,32,5,48.727760315,43.812278748,-4.915481567,4.915481567,0.000487288,false
004,33,0,-5.933062077,-10.133684158,-4.200622082,4.200622082,0.000059341,false
004,33,1,-34.951988220,-82.117187500,-47.165199280,47.165199280,0.000349530,false
004,33,2,-17.393257141,54.230831146,71.624088287,71.624088287,0.000173943,false
004,33,3,86.111602783,73.708793640,-12.402809143,12.402809143,0.000861126,false
004,33,4,-2.550612926,-1.740351319,0.810261607,0.810261607,0.000025516,false
004,33,5,48.764705658,43.832492828,-4.932212830,4.932212830,0.000487657,false
004,34,0,-5.936700821,-10.370178223,-4.433477402,4.433477402,0.000059377,false
004,34,1,-34.912719727,-81.706024170,-46.793304443,46.793304443,0.000349137,false
004,34,2,-17.430225372,52.277088165,69.707313538,69.707313538,0.000174312,false
004,34,3,86.126457214,74.970092773,-11.156364441,11.156364441,0.000861275,false
004,34,4,-2.549751759,-2.086244583,0.463507175,0.463507175,0.000025508,false
004,34,5,48.726913452,43.719299316,-5.007614136,5.007614136,0.000487279,false
004,35,0,-5.933979988,-10.863427162,-4.929447174,4.929447174,0.000059350,false
004,35,1,-34.935043335,-81.566513062,-46.631469727,46.631469727,0.000349360,false
004,35,2,-17.399356842,50.984828949,68.384185791,68.384185791,0.000174004,false
004,35,3,86.117042542,75.246780396,-10.870262146,10.870262146,0.000861180,false
004,35,4,-2.551171780,-2.458301306,0.092870474,0.092870474,0.000025522,false
004,35,5,48.761337280,43.609024048,-5.152313232,5.152313232,0.000487623,false
004,36,0,-5.942248821,-11.056119919,-5.113871098,5.113871098,0.000059432,false
004,36,1,-34.901863098,-81.456848145,-46.554985046,46.554985046,0.000349029,false
004,36,2,-17.452419281,49.916137695,67.368556976,67.368556976,0.000174534,false
004,36,3,86.143699646,75.983963013,-10.159736633,10.159736633,0.000861447,false
004,36,4,-2.550833702,-2.839551926,-0.288718224,0.288718224,0.000025518,false
004,36,5,48.728366852,43.758602142,-4.969764709,4.969764709,0.000487294,false
004,37,0,-5.938255310,-11.530704498,-5.592449188,5.592449188,0.000059393,false
004,37,1,-34.885101318,-81.198272705,-46.313171387,46.313171387,0.000348861,false
004,37,2,-17.445758820,48.139366150,65.585124969,65.585124969,0.000174468,false
004,37,3,86.122535706,76.781837463,-9.340698242,9.340698242,0.000861235,false
004,37,4,-2.550252914,-3.548415899,-0.998162985,0.998162985,0.000025513,false
004,37,5,48.704795837,43.670471191,-5.034324646,5.034324646,0.000487058,false
004,38,0,-5.947447777,-11.911534309,-5.964086533,5.964086533,0.000059484,false
004,38,1,-34.868240356,-81.279083252,-46.410842896,46.410842896,0.000348692,false
004,38,2,-17.474750519,47.428405762,64.903156281,64.903156281,0.000174758,false
004,38,3,86.129829407,76.925170898,-9.204658508,9.204658508,0.000861308,false
004,38,4,-2.550930738,-3.845491171,-1.294560432,1.294560432,0.000025519,false
004,38,5,48.743167877,43.540229797,-5.202938080,5.202938080,0.000487442,false
004,39,0,-5.954231739,-13.169046402,-7.214814663,7.214814663,0.000059552,false
004,39,1,-34.819820404,-81.301795959,-46.481975555,46.481975555,0.000348208,false
004,39,2,-17.504688263,44.762763977,62.267452240,62.267452240,0.000175057,false
004,39,3,86.143081665,78.571182251,-7.571899414,7.571899414,0.000861441,false
004,39,4,-2.556519032,-5.200510025,-2.643990993,2.643990993,0.000025575,false
004,39,5,48.716026306,43.431388855,-5.284637451,5.284637451,0.000487170,false
004,40,0,-5.955411434,-13.284002304,-7.328590870,7.328590870,0.000059564,false
004,40,1,-34.833465576,-80.975227356,-46.141761780,46.141761780,0.000348345,false
004,40,2,-17.511402130,42.782115936,60.293518066,60.293518066,0.000175124,false
004,40,3,86.145195007,79.842674255,-6.302520752,6.302520752,0.000861462,false
004,40,4,-2.554365873,-5.843224525,-3.288858652,3.288858652,0.000025554,false
004,40,5,48.725494385,43.193950653,-5.531543732,5.531543732,0.000487265,false
004,41,0,-5.964776516,-13.812819481,-7.848042965,7.848042965,0.000059658,false
004,41,1,-34.783882141,-81.502006531,-46.718124390,46.718124390,0.000347849,false
004,41,2,-17.542495728,41.074462891,58.616958618,58.616958618,0.000175435,false
004,41,3,86.145881653,81.277961731,-4.867919922,4.867919922,0.000861469,false
004,41,4,-2.558085918,-6.997520447,-4.439434528,4.439434528,0.000025591,false
004,41,5,48.708610535,43.451286316,-5.257324219,5.257324219,0.000487096,false
004,42,0,-5.968531609,-14.469810486,-8.501278877,8.501278877,0.000059695,false
004,42,1,-34.785587311,-81.265312195,-46.479724884,46.479724884,0.000347866,false
004,42,2,-17.543941498,39.378189087,56.922130585,56.922130585,0.000175449,false
004,42,3,86.140808105,82.051208496,-4.089599609,4.089599609,0.000861418,false
004,42,4,-2.556342840,-7.826572418,-5.270229578,5.270229578,0.000025573,false
004,42,5,48.732383728,43.323364258,-5.409019470,5.409019470,0.000487334,false
004,43,0,-5.966556072,-15.066677094,-9.100121021,9.100121021,0.000059676,false
004,43,1,-34.775489807,-82.176345825,-47.400856018,47.400856018,0.000347765,false
004,43,2,-17.552703857,38.307853699,55.860557556,55.860557556,0.000175537,false
004,43,3,86.128448486,83.244049072,-2.884399414,2.884399414,0.000861294,false
004,43,4,-2.557068825,-8.859525681,-6.302456856,6.302456856,0.000025581,false
004,43,5,48.716979980,43.491912842,-5.225067139,5.225067139,0.000487180,false
004,44,0,-5.975102901,-15.378205299,-9.403102398,9.403102398,0.000059761,false
004,44,1,-34.744522095,-82.444366455,-47.699844360,47.699844360,0.000347455,false
004,44,2,-17.583831787,36.734115601,54.317947388,54.317947388,0.000175848,false
004,44,3,86.153221130,84.135169983,-2.018051147,2.018051147,0.000861542,false
004,44,4,-2.561949730,-9.732348442,-7.170398712,7.170398712,0.000025629,false
004,44,5,48.712699890,43.275070190,-5.437629700,5.437629700,0.000487137,false
004,45,0,-5.976299286,-15.720020294,-9.743721008,9.743721008,0.000059773,false
004,45,1,-34.763259888,-82.481575012,-47.718315125,47.718315125,0.000347643,false
004,45,2,-17.572822571,35.175750732,52.748573303,52.748573303,0.000175738,false
004,45,3,86.147460938,84.878463745,-1.268997192,1.268997192,0.000861485,false
004,45,4,-2.560372114,-10.508884430,-7.948512316,7.948512316,0.000025614,false
004,45,5,48.702140808,43.166530609,-5.535610199,5.535610199,0.000487031,false
004,46,0,-5.992029667,-15.696523666,-9.704493999,9.704493999,0.000059930,false
004,46,1,-34.718948364,-83.169372559,-48.450424194,48.450424194,0.000347199,false
004,46,2,-17.611412048,34.808612823,52.420024872,52.420024872,0.000176124,false
004,46,3,86.166282654,85.573486328,-0.592796326,0.592796326,0.000861673,false
004,46,4,-2.566298246,-10.897035599,-8.330737352,8.330737352,0.000025673,false
004,46,5,48.698371887,43.260139465,-5.438232422,5.438232422,0.000486994,false
004,47,0,-5.985647678,-15.635990143,-9.650342464,9.650342464,0.000059866,false
004,47,1,-34.685546875,-84.087989807,-49.402442932,49.402442932,0.000346865,false
004,47,2,-17.642749786,34.437557220,52.080307007,52.080307007,0.000176437,false
004,47,3,86.169479370,85.860366821,-0.309112549,0.309112549,0.000861705,false
004,47,4,-2.562138081,-11.286661148,-8.724523067,8.724523067,0.000025631,false
004,47,5,48.681327820,43.204097748,-5.477230072,5.477230072,0.000486823,false
004,48,0,-6.001034260,-15.306875229,-9.305840969,9.305840969,0.000060020,false
004,48,1,-34.650733948,-85.131469727,-50.480735779,50.480735779,0.000346517,false
004,48,2,-17.669815063,34.137870789,51.807685852,51.807685852,0.000176708,false
004,48,3,86.163902283,86.401504517,0.237602234,0.237602234,0.000861649,false
004,48,4,-2.567348480,-11.608803749,-9.041455269,9.041455269,0.000025683,false
004,48,5,48.655937195,43.303153992,-5.352783203,5.352783203,0.000486569,false
004,49,0,-5.997448921,-15.059446335,-9.061997414,9.061997414,0.000059984,false
004,49,1,-34.654933929,-85.738571167,-51.083637238,51.083637238,0.000346559,false
004,49,2,-17.668666840,33.961799622,51.630466461,51.630466461,0.000176697,false
004,49,3,86.175308228,86.484886169,0.309577942,0.309577942,0.000861763,false
004,49,4,-2.566326380,-11.815241814,-9.248915434,9.248915434,0.000025673,false
004,49,5,48.659111023,43.208656311,-5.450454712,5.450454712,0.000486601,false
004,50,0,-5.997744560,-14.441316605,-8.443572044,8.443572044,0.000059987,false
004,50,1,-34.648887634,-86.528396606,-51.879508972,51.879508972,0.000346499,false
004,50,2,-17.668956757,34.262062073,51.931018829,51.931018829,0.000176700,false
004,50,3,86.191940308,86.850051880,0.658111572,0.658111572,0.000861929,false
004,50,4,-2.568670988,-11.917326927,-9.348655939,9.348655939,0.000025697,false
004,50,5,48.628784180,43.223548889,-5.405235291,5.405235291,0.000486298,false
004,51,0,-6.007342815,-13.775438309,-7.768095493,7.768095493,0.000060083,false
004,51,1,-34.620647430,-87.650932312,-53.030284882,53.030284882,0.000346216,false
004,51,2,-17.697967529,34.894638062,52.592605591,52.592605591,0.000176990,false
004,51,3,86.182365417,86.900436401,0.718070984,0.718070984,0.000861834,false
004,51,4,-2.572958469,-12.010429382,-9.437470913,9.437470913,0.000025740,false
004,51,5,48.622650146,43.177673340,-5.444976807,5.444976807,0.000486237,false
004,52,0,-6.015656471,-12.840888977,-6.825232506,6.825232506,0.000060167,false
004,52,1,-34.571876526,-88.999320984,-54.427444458,54.427444458,0.000345729,false
004,52,2,-17.744327545,35.477523804,53.221851349,53.221851349,0.000177453,false
004,52,3,86.200096130,87.111640930,0.911544800,0.911544800,0.000862011,false
004,52,4,-2.572785854,-12.113351822,-9.540565968,9.540565968,0.000025738,false
004,52,5,48.616943359,43.148101807,-5.468841553,5.468841553,0.000486179,false
004,53,0,-6.014975548,-12.292492867,-6.277517319,6.277517319,0.000060160,false
004,53,1,-34.602775574,-90.118087769,-55.515312195,55.515312195,0.000346038,false
004,53,2,-17.717708588,36.213481903,53.931190491,53.931190491,0.000177187,false
004,53,3,86.200515747,87.153915405,0.953399658,0.953399658,0.000862015,false
004,53,4,-2.574539900,-12.193683624,-9.619143724,9.619143724,0.000025755,false
004,53,5,48.606967926,43.065113068,-5.541854858,5.541854858,0.000486080,false
004,54,0,-6.022184372,-12.012910843,-5.990726471,5.990726471,0.000060232,false
004,54,1,-34.592926025,-90.751907349,-56.158981323,56.158981323,0.000345939,false
004,54,2,-17.730998993,36.641754150,54.372753143,54.372753143,0.000177320,false
004,54,3,86.198013306,87.152595520,0.954582214,0.954582214,0.000861990,false
004,54,4,-2.577735424,-12.147891998,-9.570156574,9.570156574,0.000025787,false
004,54,5,48.637001038,43.137390137,-5.499610901,5.499610901,0.000486380,false
004,55,0,-6.023092270,-11.506862640,-5.483770370,5.483770370,0.000060241,false
004,55,1,-34.545379639,-91.412689209,-56.867309570,56.867309570,0.000345464,false
004,55,2,-17.776466370,37.279582977,55.056049347,55.056049347,0.000177775,false
004,55,3,86.209899902,87.135604858,0.925704956,0.925704956,0.000862109,false
004,55,4,-2.577185631,-12.193295479,-9.616109848,9.616109848,0.000025782,false
004,55,5,48.578525543,43.104938507,-5.473587036,5.473587036,0.000485795,false
004,56,0,-6.023375988,-10.196168900,-4.172792912,4.172792912,0.000060244,false
004,56,1,-34.528923035,-93.641891479,-59.112968445,59.112968445,0.000345299,false
004,56,2,-17.784740448,38.955963135,56.740703583,56.740703583,0.000177857,false
004,56,3,86.211296082,87.185943604,0.974647522,0.974647522,0.000862123,false
004,56,4,-2.576809883,-12.141766548,-9.564956665,9.564956665,0.000025778,false
004,56,5,48.599197388,43.176624298,-5.422573090,5.422573090,0.000486002,false
004,57,0,-6.042476654,-10.157548904,-4.115072250,4.115072250,0.000060435,false
004,57,1,-34.512786865,-93.618606567,-59.105819702,59.105819702,0.000345138,false
004,57,2,-17.804523468,38.942295074,56.746818542,56.746818542,0.000178055,false
004,57,3,86.218620300,87.092727661,0.874107361,0.874107361,0.000862196,false
004,57,4,-2.582481384,-12.145696640,-9.563215256,9.563215256,0.000025835,false
004,57,5,48.570583344,43.175056458,-5.395526886,5.395526886,0.000485716,false
004,58,0,-6.035294533,-9.260484695,-3.225190163,3.225190163,0.000060363,false
004,58,1,-34.530158997,-94.985374451,-60.455215454,60.455215454,0.000345312,false
004,58,2,-17.796009064,39.831947327,57.627956390,57.627956390,0.000177970,false
004,58,3,86.228202820,87.330924988,1.102722168,1.102722168,0.000862292,false
004,58,4,-2.580490112,-12.200511932,-9.620021820,9.620021820,0.000025815,false
004,58,5,48.576129913,43.001266479,-5.574863434,5.574863434,0.000485771,false
004,59,0,-6.039360523,-8.330753326,-2.291392803,2.291392803,0.000060404,false
004,59,1,-34.493537903,-96.454132080,-61.960594177,61.960594177,0.000344945,false
004,59,2,-17.828838348,41.105636597,58.934474945,58.934474945,0.000178298,false
004,59,3,86.224586487,87.193336487,0.968750000,0.968750000,0.000862256,false
004,59,4,-2.583001614,-12.121623039,-9.538621426,9.538621426,0.000025840,false
004,59,5,48.555919647,43.076915741,-5.479003906,5.479003906,0.000485569,false
004,60,0,-6.043307304,-7.467329979,-1.424022675,1.424022675,0.000060443,false
004,60,1,-34.500167847,-98.181976318,-63.681808472,63.681808472,0.000345012,false
004,60,2,-17.827293396,42.601367950,60.428661346,60.428661346,0.000178283,false
004,60,3,86.235260010,87.084335327,0.849075317,0.849075317,0.000862363,false
004,60,4,-2.584762096,-12.064635277,-9.479873180,9.479873180,0.000025858,false
004,60,5,48.548263550,43.177200317,-5.371063232,5.371063232,0.000485493,false
004,61,0,-6.057105064,-7.315769196,-1.258664131,1.258664131,0.000060581,false
004,61,1,-34.461219788,-98.265136719,-63.803916931,63.803916931,0.000344622,false
004,61,2,-17.869308472,42.828880310,60.698188782,60.698188782,0.000178703,false
004,61,3,86.257354736,86.836112976,0.578758240,0.578758240,0.000862584,false
004,61,4,-2.589705944,-12.017038345,-9.427332401,9.427332401,0.000025907,false
004,61,5,48.515754700,43.301677704,-5.214076996,5.214076996,0.000485168,false
004,62,0,-6.054410458,-6.968691826,-0.914281368,0.914281368,0.000060554,false
004,62,1,-34.443698883,-99.127037048,-64.683338165,64.683338165,0.000344447,false
004,62,2,-17.882549286,43.665561676,61.548110962,61.548110962,0.000178835,false
004,62,3,86.253044128,86.780647278,0.527603149,0.527603149,0.000862540,false
004,62,4,-2.585809946,-11.986444473,-9.400634527,9.400634527,0.000025868,false
004,62,5,48.511901855,43.290946960,-5.220954895,5.220954895,0.000485129,false
004,63,0,-6.064815521,-6.515117645,-0.450302124,0.450302124,0.000060658,false
004,63,1,-34.430625916,-99.705772400,-65.275146484,65.275146484,0.000344316,false
004,63,2,-17.896015167,44.239479065,62.135494232,62.135494232,0.000178970,false
004,63,3,86.251258850,86.628906250,0.377647400,0.377647400,0.000862523,false
004,63,4,-2.590487957,-11.910833359,-9.320345402,9.320345402,0.000025915,false
004,63,5,48.525859833,43.400833130,-5.125026703,5.125026703,0.000485269,false
004,64,0,-6.063318729,-5.939638138,0.123680592,0.123680592,0.000060643,false
004,64,1,-34.407974243,-100.677703857,-66.269729614,66.269729614,0.000344090,false
004,64,2,-17.910846710,45.212501526,63.123348236,63.123348236,0.000179118,false
004,64,3,86.266113281,86.549064636,0.282951355,0.282951355,0.000862671,false
004,64,4,-2.592045784,-11.884812355,-9.292766571,9.292766571,0.000025930,false
004,64,5,48.516971588,43.376522064,-5.140449524,5.140449524,0.000485180,false
004,65,0,-6.061889172,-5.962928772,0.098960400,0.098960400,0.000060629,false
004,65,1,-34.454536438,-100.379013062,-65.924476624,65.924476624,0.000344555,false
004,65,2,-17.874122620,44.843292236,62.717414856,62.717414856,0.000178751,false
004,65,3,86.269920349,86.610473633,0.340553284,0.340553284,0.000862709,false
004,65,4,-2.590209961,-11.914963722,-9.324753761,9.324753761,0.000025912,false
004,65,5,48.505126953,43.365390778,-5.139736176,5.139736176,0.000485061,false
004,66,0,-6.060174942,-5.493406296,0.566768646,0.566768646,0.000060612,false
004,66,1,-34.416336060,-101.104080200,-66.687744141,66.687744141,0.000344173,false
004,66,2,-17.908477783,45.526397705,63.434875488,63.434875488,0.000179095,false
004,66,3,86.278625488,86.657958984,0.379333496,0.379333496,0.000862796,false
004,66,4,-2.590984583,-11.873828888,-9.282844305,9.282844305,0.000025920,false
004,66,5,48.471294403,43.375053406,-5.096240997,5.096240997,0.000484723,false
004,67,0,-6.066657543,-4.900196075,1.166461468,1.166461468,0.000060677,false
004,67,1,-34.400665283,-101.921707153,-67.521041870,67.521041870,0.000344017,false
004,67,2,-17.938755035,46.555435181,64.494190216,64.494190216,0.000179398,false
004,67,3,86.283882141,86.323516846,0.039634705,0.039634705,0.000862849,false
004,67,4,-2.592290640,-11.770651817,-9.178361177,9.178361177,0.000025933,false
004,67,5,48.476882935,43.590492249,-4.886390686,4.886390686,0.000484779,false
004,68,0,-6.072912693,-4.986828804,1.086083889,1.086083889,0.000060739,false
004,68,1,-34.375995636,-101.822692871,-67.446697235,67.446697235,0.000343770,false
004,68,2,-17.958179474,46.447685242,64.405864716,64.405864716,0.000179592,false
004,68,3,86.286262512,86.365432739,0.079170227,0.079170227,0.000862873,false
004,68,4,-2.592323065,-11.771250725,-9.178927660,9.178927660,0.000025933,false
004,68,5,48.478302002,43.557273865,-4.921028137,4.921028137,0.000484793,false
004,69,0,-6.079670906,-4.722252846,1.357418060,1.357418060,0.000060807,false
004,69,1,-34.346363068,-102.102226257,-67.755863190,67.755863190,0.000343474,false
004,69,2,-17.973072052,46.770778656,64.743850708,64.743850708,0.000179741,false
004,69,3,86.290855408,86.261001587,-0.029853821,0.029853821,0.000862919,false
004,69,4,-2.597511530,-11.736904144,-9.139392614,9.139392614,0.000025985,false
004,69,5,48.448841095,43.597152710,-4.851688385,4.851688385,0.000484498,false
004,70,0,-6.085759640,-4.472234726,1.613524914,1.613524914,0.000060868,false
004,70,1,-34.351661682,-102.406341553,-68.054679871,68.054679871,0.000343527,false
004,70,2,-17.977455139,47.201667786,65.179122925,65.179122925,0.000179785,false
004,70,3,86.299766541,86.196342468,-0.103424072,0.103424072,0.000863008,false
004,70,4,-2.599813461,-11.687232018,-9.087418556,9.087418556,0.000026008,false
004,70,5,48.452098846,43.694988251,-4.757110596,4.757110596,0.000484531,false
004,71,0,-6.079932213,-4.351253510,1.728678703,1.728678703,0.000060809,false
004,71,1,-34.351207733,-102.583297729,-68.232089996,68.232089996,0.000343522,false
004,71,2,-17.975952148,47.247951508,65.223903656,65.223903656,0.000179770,false
004,71,3,86.318069458,86.318664551,0.000595093,0.000595093,0.000863191,true
004,71,4,-2.597277641,-11.689002037,-9.091724396,9.091724396,0.000025983,false
004,71,5,48.457221985,43.680938721,-4.776283264,4.776283264,0.000484582,false
004,72,0,-6.084587097,-4.194288254,1.890298843,1.890298843,0.000060856,false
004,72,1,-34.303043365,-102.733039856,-68.429996490,68.429996490,0.000343040,false
004,72,2,-18.015178680,47.472698212,65.487876892,65.487876892,0.000180162,false
004,72,3,86.306877136,86.262107849,-0.044769287,0.044769287,0.000863079,false
004,72,4,-2.599311590,-11.690015793,-9.090704203,9.090704203,0.000026003,false
004,72,5,48.432003021,43.633029938,-4.798973083,4.798973083,0.000484330,false
004,73,0,-6.088047981,-4.070952415,2.017095566,2.017095566,0.000060890,false
004,73,1,-34.304203033,-102.811393738,-68.507190704,68.507190704,0.000343052,false
004,73,2,-18.012287140,47.566123962,65.578411102,65.578411102,0.000180133,false
004,73,3,86.309951782,86.229736328,-0.080215454,0.080215454,0.000863110,false
004,73,4,-2.600352764,-11.651496887,-9.051144123,9.051144123,0.000026014,false
004,73,5,48.426883698,43.687629700,-4.739253998,4.739253998,0.000484279,false
004,74,0,-6.087275028,-3.995449066,2.091825962,2.091825962,0.000060883,false
004,74,1,-34.270973206,-102.937118530,-68.666145325,68.666145325,0.000342720,false
004,74,2,-18.045688629,47.709136963,65.754825592,65.754825592,0.000180467,false
004,74,3,86.319908142,86.260910034,-0.058998108,0.058998108,0.000863209,false
004,74,4,-2.599122524,-11.638365746,-9.039243221,9.039243221,0.000026001,false
004,74,5,48.406703949,43.687366486,-4.719337463,4.719337463,0.000484077,false
004,75,0,-6.095737457,-3.850162506,2.245574951,2.245574951,0.000060967,false
004,75,1,-34.284336090,-102.885086060,-68.600749969,68.600749969,0.000342853,false
004,75,2,-18.035449982,47.590503693,65.625953674,65.625953674,0.000180364,false
004,75,3,86.337219238,86.324813843,-0.012405396,0.012405396,0.000863382,false
004,75,4,-2.604689121,-11.609974861,-9.005285740,9.005285740,0.000026057,false
004,75,5,48.412849426,43.736595154,-4.676254272,4.676254272,0.000484138,false
004,76,0,-6.085493088,-3.845227242,2.240265846,2.240265846,0.000060865,false
004,76,1,-34.284618378,-102.813354492,-68.528736115,68.528736115,0.000342856,false
004,76,2,-18.030216217,47.513984680,65.544200897,65.544200897,0.000180312,false
004,76,3,86.321510315,86.392410278,0.070899963,0.070899963,0.000863225,false
004,76,4,-2.601977825,-11.599802017,-8.997824192,8.997824192,0.000026030,false
004,76,5,48.415405273,43.761505127,-4.653900146,4.653900146,0.000484164,false
004,77,0,-6.098944187,-3.712088585,2.386855602,2.386855602,0.000060999,false
004,77,1,-34.224288940,-102.950775146,-68.726486206,68.726486206,0.000342253,false
004,77,2,-18.093563080,47.605800629,65.699363708,65.699363708,0.000180946,false
004,77,3,86.342521667,86.410156250,0.067634583,0.067634583,0.000863435,false
004,77,4,-2.607318878,-11.584620476,-8.977301598,8.977301598,0.000026083,false
004,77,5,48.381881714,43.724113464,-4.657768250,4.657768250,0.000483829,false
004,78,0,-6.089085579,-3.694709778,2.394375801,2.394375801,0.000060901,false
004,78,1,-34.243659973,-103.056152344,-68.812492371,68.812492371,0.000342447,false
004,78,2,-18.063117981,47.678928375,65.742046356,65.742046356,0.000180641,false
004,78,3,86.333717346,86.440246582,0.106529236,0.106529236,0.000863347,false
004,78,4,-2.603392839,-11.556557655,-8.953164816,8.953164816,0.000026044,false
004,78,5,48.366744995,43.731193542,-4.635551453,4.635551453,0.000483677,false
004,79,0,-6.098771572,-3.450149536,2.648622036,2.648622036,0.000060998,false
004,79,1,-34.220878601,-102.665283203,-68.444404602,68.444404602,0.000342219,false
004,79,2,-18.097137451,47.286094666,65.383232117,65.383232117,0.000180981,false
004,79,3,86.352760315,86.479553223,0.126792908,0.126792908,0.000863538,false
004,79,4,-2.601915359,-11.512853622,-8.910938263,8.910938263,0.000026029,false
004,79,5,48.352832794,43.720268250,-4.632564545,4.632564545,0.000483538,false
004,80,0,-6.093634129,-3.447526932,2.646107197,2.646107197,0.000060946,false
004,80,1,-34.247386932,-102.898498535,-68.651111603,68.651111603,0.000342484,false
004,80,2,-18.067409515,47.523422241,65.590831757,65.590831757,0.000180684,false
004,80,3,86.342239380,86.492553711,0.150314331,0.150314331,0.000863432,false
004,80,4,-2.605926037,-11.499553680,-8.893627644,8.893627644,0.000026069,false
004,80,5,48.373867035,43.754768372,-4.619098663,4.619098663,0.000483749,false
004,81,0,-6.093655586,-3.378536224,2.715119362,2.715119362,0.000060947,false
004,81,1,-34.193389893,-103.055664062,-68.862274170,68.862274170,0.000341944,false
004,81,2,-18.113811493,47.592838287,65.706649780,65.706649780,0.000181148,false
004,81,3,86.349449158,86.635139465,0.285690308,0.285690308,0.000863504,false
004,81,4,-2.607218504,-11.515812874,-8.908594370,8.908594370,0.000026082,false
004,81,5,48.356853485,43.714721680,-4.642131805,4.642131805,0.000483579,false
004,82,0,-6.106822014,-3.247512817,2.859309196,2.859309196,0.000061078,false
004,82,1,-34.191699982,-103.087242126,-68.895542145,68.895542145,0.000341927,false
004,82,2,-18.115856171,47.628063202,65.743919373,65.743919373,0.000181169,false
004,82,3,86.345062256,86.668464661,0.323402405,0.323402405,0.000863461,false
004,82,4,-2.610938311,-11.493249893,-8.882311583,8.882311583,0.000026119,false
004,82,5,48.372489929,43.703628540,-4.668861389,4.668861389,0.000483735,false
004,83,0,-6.108915329,-3.177104950,2.931810379,2.931810379,0.000061099,false
004,83,1,-34.176914215,-103.085418701,-68.908504486,68.908504486,0.000341779,false
004,83,2,-18.132034302,47.583602905,65.715637207,65.715637207,0.000181330,false
004,83,3,86.359046936,86.742828369,0.383781433,0.383781433,0.000863600,false
004,83,4,-2.611816883,-11.482295036,-8.870478153,8.870478153,0.000026128,false
004,83,5,48.374210358,43.693328857,-4.680881500,4.680881500,0.000483752,false
004,84,0,-6.110006332,-3.113356590,2.996649742,2.996649742,0.000061110,false
004,84,1,-34.136627197,-103.011489868,-68.874862671,68.874862671,0.000341376,false
004,84,2,-18.168601990,47.388809204,65.557411194,65.557411194,0.000181696,false
004,84,3,86.374763489,86.805305481,0.430541992,0.430541992,0.000863758,false
004,84,4,-2.609565735,-11.465936661,-8.856370926,8.856370926,0.000026106,false
004,84,5,48.319461823,43.649173737,-4.670288086,4.670288086,0.000483205,false
004,85,0,-6.110956669,-3.106492043,3.004464626,3.004464626,0.000061120,false
004,85,1,-34.096950531,-102.841918945,-68.744968414,68.744968414,0.000340980,false
004,85,2,-18.192466736,47.261455536,65.453922272,65.453922272,0.000181935,false
004,85,3,86.370193481,86.855773926,0.485580444,0.485580444,0.000863712,false
004,85,4,-2.609780312,-11.419098854,-8.809318542,8.809318542,0.000026108,false
004,85,5,48.305435181,43.685836792,-4.619598389,4.619598389,0.000483064,false
004,86,0,-6.093012333,-2.934871674,3.158140659,3.158140659,0.000060940,false
004,86,1,-34.188827515,-103.084838867,-68.896011353,68.896011353,0.000341898,false
004,86,2,-18.118961334,47.403045654,65.522006989,65.522006989,0.000181200,false
004,86,3,86.383956909,87.047950745,0.663993835,0.663993835,0.000863850,false
004,86,4,-2.610455513,-11.442654610,-8.832199097,8.832199097,0.000026115,false
004,86,5,48.301486969,43.619812012,-4.681674957,4.681674957,0.000483025,false
004,87,0,-6.100149155,-2.917401314,3.182747841,3.182747841,0.000061011,false
004,87,1,-34.154449463,-102.972213745,-68.817764282,68.817764282,0.000341554,false
004,87,2,-18.158229828,47.301044464,65.459274292,65.459274292,0.000181592,false
004,87,3,86.389480591,87.075630188,0.686149597,0.686149597,0.000863905,false
004,87,4,-2.610760689,-11.440734863,-8.829974174,8.829974174,0.000026118,false
004,87,5,48.315143585,43.599838257,-4.715305328,4.715305328,0.000483161,false
004,88,0,-6.097349644,-2.958582878,3.138766766,3.138766766,0.000060983,false
004,88,1,-34.155578613,-103.120407104,-68.964828491,68.964828491,0.000341566,false
004,88,2,-18.121566772,47.545143127,65.666709900,65.666709900,0.000181226,false
004,88,3,86.381057739,87.048980713,0.667922974,0.667922974,0.000863821,false
004,88,4,-2.615988731,-11.439318657,-8.823329926,8.823329926,0.000026170,false
004,88,5,48.297641754,43.624614716,-4.673027039,4.673027039,0.000482986,false
004,89,0,-6.107384682,-2.716804504,3.390580177,3.390580177,0.000061084,false
004,89,1,-34.157814026,-103.131782532,-68.973968506,68.973968506,0.000341588,false
004,89,2,-18.154033661,47.421905518,65.575939178,65.575939178,0.000181550,false
004,89,3,86.411880493,87.249694824,0.837814331,0.837814331,0.000864129,false
004,89,4,-2.618417501,-11.419888496,-8.801470995,8.801470995,0.000026194,false
004,89,5,48.286914825,43.545291901,-4.741622925,4.741622925,0.000482879,false
004,90,0,-6.103620052,-2.754138947,3.349481106,3.349481106,0.000061046,false
004,90,1,-34.126811981,-103.083862305,-68.957050323,68.957050323,0.000341278,false
004,90,2,-18.181385040,47.343070984,65.524456024,65.524456024,0.000181824,false
004,90,3,86.394973755,87.351249695,0.956275940,0.956275940,0.000863960,false
004,90,4,-2.611576080,-11.428258896,-8.816682816,8.816682816,0.000026126,false
004,90,5,48.273994446,43.530059814,-4.743934631,4.743934631,0.000482750,false
004,91,0,-6.098605156,-2.728158951,3.370446205,3.370446205,0.000060996,false
004,91,1,-34.132743835,-103.129402161,-68.996658325,68.996658325,0.000341337,false
004,91,2,-18.192733765,47.374542236,65.567276001,65.567276001,0.000181937,false
004,91,3,86.409400940,87.453536987,1.044136047,1.044136047,0.000864104,false
004,91,4,-2.611347198,-11.418791771,-8.807444572,8.807444572,0.000026123,false
004,91,5,48.247837067,43.505558014,-4.742279053,4.742279053,0.000482488,false
004,92,0,-6.099520683,-2.600734711,3.498785973,3.498785973,0.000061005,false
004,92,1,-34.125816345,-103.104385376,-68.978569031,68.978569031,0.000341268,false
004,92,2,-18.192771912,47.407546997,65.600318909,65.600318909,0.000181938,false
004,92,3,86.425880432,87.446647644,1.020767212,1.020767212,0.000864269,false
004,92,4,-2.613123178,-11.391370773,-8.778247595,8.778247595,0.000026141,false
004,92,5,48.259925842,43.499282837,-4.760643005,4.760643005,0.000482609,false
004,93,0,-6.108764172,-2.590085983,3.518678188,3.518678188,0.000061098,false
004,93,1,-34.101196289,-103.158966064,-69.057769775,69.057769775,0.000341022,false
004,93,2,-18.218421936,47.351959229,65.570381165,65.570381165,0.000182194,false
004,93,3,86.423828125,87.753410339,1.329582214,1.329582214,0.000864248,false
004,93,4,-2.614131927,-11.400843620,-8.786711693,8.786711693,0.000026151,false
004,93,5,48.254730225,43.426719666,-4.828010559,4.828010559,0.000482557,false
004,94,0,-6.109286308,-2.497296333,3.611989975,3.611989975,0.000061103,false
004,94,1,-34.076995850,-103.074401855,-68.997406006,68.997406006,0.000340780,false
004,94,2,-18.243652344,47.369529724,65.613182068,65.613182068,0.000182447,false
004,94,3,86.436950684,87.760139465,1.323188782,1.323188782,0.000864380,false
004,94,4,-2.615004301,-11.355103493,-8.740099192,8.740099192,0.000026160,false
004,94,5,48.241527557,43.390319824,-4.851207733,4.851207733,0.000482425,false
004,95,0,-6.107376099,-2.480572701,3.626803398,3.626803398,0.000061084,false
004,95,1,-34.082084656,-103.028121948,-68.946037292,68.946037292,0.000340831,false
004,95,2,-18.244560242,47.237323761,65.481884003,65.481884003,0.000182456,false
004,95,3,86.447441101,87.902854919,1.455413818,1.455413818,0.000864484,false
004,95,4,-2.619716167,-11.347844124,-8.728127956,8.728127956,0.000026207,false
004,95,5,48.246269226,43.364383698,-4.881885529,4.881885529,0.000482473,false
004,96,0,-6.105127811,-2.574014664,3.531113148,3.531113148,0.000061061,false
004,96,1,-34.058826447,-103.028594971,-68.969768524,68.969768524,0.000340598,false
004,96,2,-18.260597229,47.265434265,65.526031494,65.526031494,0.000182616,false
004,96,3,86.463874817,88.044898987,1.581024170,1.581024170,0.000864649,false
004,96,4,-2.619031906,-11.346096992,-8.727065086,8.727065086,0.000026200,false
004,96,5,48.243663788,43.363666534,-4.879997253,4.879997253,0.000482447,false
004,97,0,-6.093386650,-2.467163086,3.626223564,3.626223564,0.000060944,false
004,97,1,-34.062767029,-103.121604919,-69.058837891,69.058837891,0.000340638,false
004,97,2,-18.227931976,47.396354675,65.624286652,65.624286652,0.000182289,false
004,97,3,86.442199707,88.075134277,1.632934570,1.632934570,0.000864432,false
004,97,4,-2.618463039,-11.339690208,-8.721227169,8.721227169,0.000026195,false
004,97,5,48.242042542,43.324035645,-4.918006897,4.918006897,0.000482430,false
004,98,0,-6.105911732,-2.422372818,3.683538914,3.683538914,0.000061069,false
004,98,1,-34.063587189,-102.976562500,-68.912975311,68.912975311,0.000340646,false
004,98,2,-18.243289948,47.283985138,65.527275085,65.527275085,0.000182443,false
004,98,3,86.481330872,88.198204041,1.716873169,1.716873169,0.000864823,false
004,98,4,-2.622078419,-11.310966492,-8.688888073,8.688888073,0.000026231,false
004,98,5,48.260009766,43.283164978,-4.976844788,4.976844788,0.000482610,false
004,99,0,-6.099318981,-2.444026947,3.655292034,3.655292034,0.000061003,false
004,99,1,-34.077293396,-103.036170959,-68.958877563,68.958877563,0.000340783,false
004,99,2,-18.246379852,47.401752472,65.648132324,65.648132324,0.000182474,false
004,99,3,86.475196838,88.373329163,1.898132324,1.898132324,0.000864762,false
004,99,4,-2.618166447,-11.293179512,-8.675013065,8.675013065,0.000026192,false
004,99,5,48.243041992,43.254467010,-4.988574982,4.988574982,0.000482440,false
